1544561434.69591,3.15401722706065,0.303130416343834,0.104971858851652,-0.976384448056368,-0.167476611051975,-0.136473419918351,0.165030345259489,-0.985858290125862,0.029127597457549,-0.13942164371861,0.005917477558928,0.990215425411126
1544561434.72391,3.15028369570115,0.303767634367593,0.104438552250341,-0.975846779312055,-0.170581561026038,-0.136473419918349,0.168165443108704,-0.985328354819045,0.029127597457545,-0.139439761367921,0.005473959034913,0.990215425411128
1544561434.75546,3.14655323059642,0.313896120209667,0.106094852475972,-0.977698387457174,-0.163206164387904,-0.13217265628501,0.160601670478712,-0.986557042097518,0.030204405758781,-0.135325410042218,0.008303649413481,0.990766411826385
1544561435.23739,3.07951871751902,0.347251475200736,0.107817274692214,-0.972421916249064,-0.194599564910833,-0.128555926098384,0.191517574494208,-0.980827402284381,0.0360364480482,-0.133103852154452,0.010421912712621,0.99104729870832
1544561435.67996,3.01805522029789,0.381325631709553,0.110399818068711,-0.967797520453999,-0.216860402941942,-0.127826151623826,0.213104136676093,-0.976103365852477,0.042530531421616,-0.133994725025411,0.013920661167008,0.990884266127
1544561436.98788,2.85896725301832,0.456382090991259,0.093472781001597,-0.909112806459317,-0.386130276216069,-0.156260407400483,0.382943340464091,-0.922349127286277,0.051249247686644,-0.163915536560343,-0.013247534998887,0.986385421471034
1544561436.99291,2.83467726222014,0.429269557500307,0.089798732233771,-0.950924723888117,-0.290489360523334,-0.106574391488093,0.287364561803905,-0.956813255617488,0.043931793656917,-0.114733509131216,0.01115012544362,0.993333728706031
1544561437.90887,2.66270712962874,0.428208249434667,0.077265122149523,-0.283668058380256,-0.957314784547357,0.055505278504108,0.957598659119574,-0.279760959704468,0.068837587680196,-0.050371030435854,0.072678805110414,0.996082602287859
1544561438.68941,2.70390542010803,0.490478759082699,0.067420145206812,0.712793136616143,-0.695326469704033,0.091907806642578,0.690272287428409,0.718684332005306,0.083767536304012,-0.124298485917067,0.003732486974957,0.992237851999059
1544561438.7245,2.70261238421173,0.489576828327089,0.067319218899637,0.725265036920682,-0.681263668711347,0.09935008764164,0.675713891364191,0.732026517141144,0.086878738593906,-0.131914226821475,0.004122122773775,0.991252563611278
1544561438.75717,2.70393881548368,0.493277460730352,0.066997449909448,0.738617986661933,-0.666378771548198,0.101896038241892,0.660794110481364,0.745604287203247,0.086170705331269,-0.133396451724273,0.003685069070606,0.991055905049414
1544561438.79208,2.70712532278205,0.497778442767577,0.066609903870282,0.757106442380067,-0.645268032430274,0.102073508953885,0.639606886498986,0.763955926374611,0.08528993668762,-0.133014531723696,0.000713358719635,0.991113830732707
1544561438.87462,2.72665919234576,0.505629223405238,0.067393971040924,0.844868022047656,-0.528338376357315,0.084003484388437,0.523037158551252,0.848754925330189,0.077763793004068,-0.112383967254739,-0.021763198199338,0.993426498090434
1544561439.40253,2.78791186806341,0.616398417494173,0.103022182637349,0.986214176794885,-0.1639297709364,0.022552775650339,0.165471467387485,0.976264880619942,-0.139735737550442,0.000889364620346,0.141541206257656,0.989931965319691
1544561440.01434,2.84828221242603,0.591019019623211,0.102050862199413,0.50896068921391,0.860051460681773,0.035644099287986,-0.844718488087172,0.5069940725387,-0.17148669421954,-0.165558728910993,0.057170756421215,0.984541422130934
1544561440.0623,2.85066556576268,0.607658577551675,0.108104241768077,0.629294704311336,0.775320793100575,0.05353356808213,-0.753807508869347,0.625691659347826,-0.200709210039686,-0.189109530954677,0.085951237387609,0.978187083381109
1544561440.12186,2.8451995838655,0.600675622080788,0.109608557217141,0.653414089414442,0.755132411070941,0.053151382906596,-0.735538193452984,0.649922235999969,-0.1912711507905,-0.17897931088989,0.085884392662382,0.980097075483032
1544561440.65222,2.88908063586615,0.541416929619478,0.100362823007089,0.613421718487875,0.787881012294799,0.05438111577292,-0.766241636284187,0.610422734750052,-0.200643563875839,-0.191278723625798,0.081410044623447,0.978153799012451
1544561440.66681,2.88701428634614,0.537449898579438,0.099638025214741,0.628465916504084,0.776153938457511,0.051143480616551,-0.754602972940453,0.624324451120115,-0.201973594717233,-0.188692726468502,0.088340497793819,0.97805470778859
1544561440.6857,2.88064326857732,0.526347894100092,0.102392081585745,0.650163764615563,0.758375033525427,0.04641538221567,-0.735058631916485,0.643283291416508,-0.214185467829659,-0.192291151190029,0.105137602738745,0.975689601084467
1544561440.92331,2.91577557974596,0.510109454528699,0.100540146050876,0.570217470241248,0.819714476950272,0.054038994344949,-0.796405671619599,0.567738655292972,-0.208352646967271,-0.201469707012768,0.075769357686808,0.976559758331214
1544561441.24488,3.01356737844478,0.476050959111357,0.113080766311758,0.899286264583266,0.422878650168766,-0.111614790970201,-0.429249096070691,0.902304801281966,-0.039890589191082,0.083841683274934,0.083783607077752,0.99295059259294
1544561442.5866,2.94671742525976,0.370067631246572,0.103092562992613,-0.92286868099191,0.359033250076643,-0.139314475140437,-0.358465973054023,-0.93305992206615,-0.030022125113736,-0.140767694471015,0.02223301988744,0.989792982911073
1544561442.62059,2.94633348301198,0.360952211152629,0.103696198044344,-0.938532892769786,0.319855558681479,-0.129801505267608,-0.317552942933146,-0.947453320188864,-0.038630745496284,-0.135337125814303,0.0049626246744,0.99078717933402
1544561442.62822,2.94369274689741,0.36241615553552,0.101786369099144,-0.953541688595736,0.27240946117977,-0.128651986264252,-0.269912664115893,-0.962181350998251,-0.036799477456109,-0.133811067777861,-0.000365035516553,0.991006793563607
1544561442.6512,2.94984695640456,0.349788438424213,0.101006327679844,-0.945473089885241,0.296926666204717,-0.133847641740193,-0.294558081218066,-0.954892522451666,-0.037627215616181,-0.138982635936978,0.003850384714146,0.990287332770427
1544561442.68471,2.93744321007625,0.349748515968754,0.104564997782313,-0.932415578842806,0.338150335360473,-0.127497211839462,-0.336175369833256,-0.941057914570514,-0.037364717872234,-0.132617152166345,0.008021977299703,0.991134874187914
1544561442.75114,2.92322365351341,0.343226306475068,0.106469900561214,-0.929845258596778,0.344501635841793,-0.12925330930935,-0.342597613482945,-0.938737576000923,-0.037398377500889,-0.134218740498042,0.009507171305743,0.990906122391463
1544561443.35182,2.8406488518772,0.305399421141636,0.099646040434733,-0.954776815609028,0.265964789728304,-0.132905842611454,-0.264918361053834,-0.963924981152202,-0.025824265474144,-0.134979607170982,0.01055278804426,0.990792180183343
1544561443.38543,2.83837008174979,0.29975947673141,0.098626384570101,-0.962385339968829,0.232545442829253,-0.140488698593278,-0.231728221392685,-0.972523119624168,-0.022378856241099,-0.141832608462473,0.01101811307909,0.989829334966846
1544561443.45236,2.82372289156644,0.296900291787794,0.099353480621058,-0.957786978139099,0.254131123990719,-0.134392992102959,-0.253688784355368,-0.967064468321489,-0.020695767740528,-0.135226126171933,0.014271857948012,0.990711970691405
1544561443.48424,2.81720620006202,0.29575726903307,0.099206923964666,-0.957720130872018,0.255013721291406,-0.133192165218505,-0.25458296233581,-0.966832683033184,-0.02054454446266,-0.134013679192866,0.014232532169763,0.990877272328531
1544561443.58362,2.80466835939212,0.288226509419922,0.096248735268835,-0.964470241815734,0.225180782750456,-0.138169344399524,-0.223932512610354,-0.974291129807065,-0.024718903197462,-0.140183388630452,0.007099961912835,0.990100100036821
1544561444.1302,2.71759719567105,0.250628945529635,0.086302023815793,-0.980755333157311,0.123773199989553,-0.150993945070122,-0.119996131107788,-0.992195037992012,-0.033910693050915,-0.154012678058189,-0.015139403831629,0.987952880176462
1544561444.15332,2.70352938104382,0.230768773410487,0.088078172249179,-0.982571526046464,0.099025924273193,-0.157311991038721,-0.095394166834412,-0.994972511256593,-0.030490240696297,-0.159540431040834,-0.014952196012283,0.98707815430072
1544561444.18469,2.69257055524132,0.215901608333495,0.088541476619356,-0.983805037673191,0.081737727181685,-0.159519879024608,-0.077844432120038,-0.996498404946373,-0.030515132758079,-0.161455542601553,-0.017603206938136,0.986722977774781
1544561444.21705,2.68138829410359,0.208608477863115,0.089213996657919,-0.984132734390258,0.07321766820738,-0.161622814490491,-0.069226006624915,-0.997143789453133,-0.030199721220798,-0.163372338871428,-0.018532032196191,0.986390410879159
1544561444.25066,2.67010511715233,0.204198801562292,0.091606180613538,-0.984355407956817,0.066141746341825,-0.163308604234516,-0.062692385147683,-0.997689162240755,-0.0261916091876,-0.164663583316612,-0.015543646232305,0.986227306147592
1544561444.31849,2.6589311605139,0.204380792850004,0.092779429969131,-0.983338723800884,0.065892016754448,-0.169420177079603,-0.062823462275921,-0.99774993840368,-0.023415230153041,-0.170581847983067,-0.012381540432655,0.985265715731141
1544561444.35031,2.6543841353941,0.20657066471493,0.096601306927176,-0.977195523527103,0.107269471987462,-0.183254383789643,-0.10577775882683,-0.994228228288318,-0.01792472628093,-0.184119457244919,0.001868275730287,0.982902098384999
1544561444.68408,2.61062104659704,0.201196787767096,0.089830559237665,-0.984379916660471,0.035004649095008,-0.172542325871831,-0.031651572479432,-0.999253558783594,-0.022147307238224,-0.1731887918865,-0.016340128520315,0.984753087106019
1544561444.72007,2.60065317101736,0.197932030261792,0.086503877287922,-0.985011944556331,0.01643437118704,-0.171701428430421,-0.012718243228156,-0.999660950433078,-0.022720705720172,-0.172016613646909,-0.020196425993719,0.984886993013173
1544561444.85351,2.56278742869955,0.182161675186715,0.088587910453649,-0.983116411979434,-0.065678182599338,-0.170787870843147,0.070835272804922,-0.997192654477636,-0.02427290634629,-0.168714209903433,-0.035960898018424,0.985008796504055
1544561444.88677,2.55095538305051,0.176164501064367,0.089309325824719,-0.980832613509008,-0.085361171531836,-0.175159512079139,0.091205889988563,-0.995503496537417,-0.025578780525489,-0.172188472054559,-0.041064081342329,0.984207737886179
1544561444.92119,2.54588767801554,0.174237706403172,0.088208429918826,-0.981766540759431,-0.089975685707502,-0.167448008130068,0.095161762224098,-0.995191606367042,-0.023192792565694,-0.164556064779353,-0.038704555262344,0.985608065585037
1544561444.95572,2.54071466223973,0.173683286644364,0.087162738990502,-0.981602445092186,-0.099186365912436,-0.163152396875225,0.104245505961775,-0.994291961575712,-0.022723768012697,-0.15996722875583,-0.039313610404105,0.986339153517276
1544561445.24049,2.50114396394549,0.188766486972831,0.081848674209996,-0.972255223354741,-0.169229652831525,-0.161496455880443,0.175223868182465,-0.984247628377605,-0.023520247707746,-0.154972180337621,-0.051165717385583,0.98659297214496
1544561445.69713,2.42111911288154,0.220055798238614,0.081793085937277,-0.769408935503224,0.629956079613761,-0.105665641177531,-0.630449176689254,-0.775532322987869,-0.032915826176511,-0.102682644977816,0.041291085705038,0.993856790821324
1544561446.09787,2.38819149514988,0.202145767558398,0.083035928286829,-2.42759407717608E-05,0.996868808767357,-0.079073241475406,-0.998919559125486,-0.003698922481974,-0.046325288655509,-0.046472721108438,0.078986682923272,0.995791840754662
1544561446.34925,2.37198204824735,0.196772614380637,0.08602495552548,-0.202739188543904,0.977672940961813,-0.055248908945241,-0.976374822095607,-0.206132926386192,-0.064818388110452,-0.074759803412877,0.04080241623415,0.996366466026995
1544561446.4158,2.3834663385418,0.210945830338075,0.081218090315136,-0.314072660190678,0.947645698211678,-0.05767143817917,-0.948265508242571,-0.316085774905329,-0.029703682935903,-0.04637768858202,0.045358720918912,0.997893629821531
1544561446.45087,2.37430244996196,0.20187281382975,0.080841570691915,-0.272896209533057,0.960260739122447,-0.058540342692058,-0.961135073712487,-0.274777030268213,-0.026775991422839,-0.041797474830239,0.048958110022703,0.997925886306604
1544561446.68703,2.35704238137269,0.16200256926971,0.087846170445195,-0.201067636082085,0.978782155169701,-0.039462620816669,-0.976787115675116,-0.203370619788956,-0.067285374768563,-0.073883261781357,0.025017668316882,0.996953047991999
1544561447.17732,2.23174603442872,0.112656585805651,0.093264703515079,-0.684714260182728,0.727393364995023,0.045445290885179,-0.728643839342704,-0.684562412139041,-0.021271090106117,0.015637688139317,-0.047678049955913,0.99874033975907
1544561447.72386,2.14425587258633,0.108195848149354,0.098767556139754,-0.835589445916887,-0.546505450997615,0.05587548569992,0.547182301954038,-0.837005169331788,-0.003724908071858,0.048803752935492,0.027461583016227,0.998430796378826
1544561448.57133,2.1106866603095,0.215751960057051,0.102438772216213,-0.048346411321772,-0.996844999085866,0.062949760204491,0.998747016090738,-0.047430811166005,0.015959824622579,-0.012923713172101,0.063642485413689,0.997889077847941
1544561449.66905,2.09520024754272,0.363207561193198,0.102276697575515,-0.084026067852872,-0.994233303925822,0.06663150370453,0.995962459282531,-0.081675486341881,0.037254457863624,-0.031597462256958,0.069492821899527,0.997081916435837
1544561449.80773,2.07988736962983,0.380292919410133,0.103764398127472,0.154753353414756,-0.985686587199036,0.066883117621749,0.985560864135886,0.158732808815498,0.058937920639181,-0.06871086297388,0.056796542337187,0.996018559108175
1544561450.38067,2.1227187491524,0.423722239302676,0.099363589153929,0.751423033023304,-0.656713276773071,0.063961688158083,0.65202255906409,0.753904725500113,0.08058689310374,-0.101143501588461,-0.018850384043044,0.99469324673884
1544561450.41389,2.12231026113794,0.424647810749395,0.099594262178589,0.755924928934815,-0.651522383534805,0.064000668496668,0.646218150503389,0.758252494201143,0.086343830108039,-0.104783604513653,-0.023911060011482,0.994207552493066
1544561450.48061,2.12694460901939,0.433358602631549,0.099691367914506,0.796246023180352,-0.600958312799635,0.069580003208475,0.595178211608462,0.798768436126806,0.087931120054788,-0.108421247899239,-0.028602302784088,0.993693484571284
1544561450.51525,2.12968011772207,0.438580246019909,0.099472546178467,0.811431473856303,-0.580116461683007,0.071020096590874,0.574149855496317,0.813937661207787,0.08864212938077,-0.109228689770346,-0.031150835494215,0.993528418707319
1544561450.76265,2.16704846876645,0.435337115754748,0.097376533347356,0.977714752731041,-0.198595885294266,0.068070086207281,0.192458925664058,0.977416193106138,0.087276270464201,-0.083865512723147,-0.07223060153488,0.993855782283121
1544561451.12674,2.21027377274293,0.449192257526315,0.09755847552442,0.763395991831781,-0.641857693119263,0.072424177170265,0.635551255854327,0.766412135572578,0.093204289756794,-0.115330658704265,-0.025122504467086,0.99300941532905
1544561451.15025,2.20886281889736,0.444494409698735,0.098078942144642,0.712752226046786,-0.697635501141731,0.072725317545408,0.690881909383658,0.716165989424172,0.098936660942688,-0.121105126034136,-0.020272719078233,0.992432650263701
1544561451.47816,2.22241472863694,0.470963328878316,0.089047511345395,0.174650282106881,-0.982608739306525,0.063066190612951,0.976048009896373,0.181210862608973,0.120386484498229,-0.129721090564783,0.040530096360045,0.990721832782405
1544561451.64659,2.20908458841764,0.491003349256894,0.082178420166795,0.043031340873752,-0.997812215768905,0.050190494767005,0.988958751613044,0.049672399915068,0.139618194712031,-0.141805822555268,0.043628370918787,0.988932593223824
1544561452.14963,2.25089974278888,0.559868969290997,0.087753155616264,0.068021735083672,-0.996504868682343,0.048488042325869,0.987922618123485,0.07405846156502,0.136103801822962,-0.139219050981711,0.038644416970772,0.989507283894739
1544561452.21889,2.28848101212546,0.570250698543268,0.101834719362595,0.042466317784368,-0.997994666138374,0.0469388774172,0.989910608825686,0.04838600885046,0.133175751103155,-0.13517987419806,0.040809808954136,0.989980283189986
1544561453.07005,2.3359187091103,0.685943853097182,0.101311413738324,0.088361035181295,-0.995024117839548,0.046036207264723,0.985959694578607,0.093943226190482,0.138051261926086,-0.141689124946662,0.03319149244241,0.989354596037889
1544561453.33025,2.37648254195365,0.721973565352057,0.111658445831854,0.0621299714169,-0.997050561960053,0.045056004559641,0.987048042857621,0.06807118494955,0.145266909069157,-0.14790546894107,0.03544701221129,0.988366066587991
1544561453.70574,2.41766016146533,0.773554309251931,0.119434956309845,0.041369549080844,-0.99818234427867,0.043824285267259,0.986625562229484,0.047733356239464,0.155857392052705,-0.157665977192931,0.036790410060978,0.986806924055229
1544561454.41171,2.46240524714064,0.869460953776976,0.11950298909644,0.043848108560089,-0.998149924237183,0.042119735528732,0.98366552836884,0.050502594467932,0.172776202790947,-0.174583709648275,0.033855822207049,0.984060115860882
1544561454.48368,2.46189218297935,0.883299435497148,0.123050583584587,0.061174338391653,-0.997249079603747,0.041856583136006,0.984143316653685,0.067259195151754,0.164128403859364,-0.166492139779113,0.031152430033885,0.985550553495231
1544561455.23917,2.47162883760233,0.988621722365514,0.111015210476678,0.156053781009304,-0.986864881846966,0.041772268430965,0.97429423715745,0.160746764582192,0.15783287717757,-0.162474480686947,0.016068063154146,0.986581907634629
1544561455.24831,2.47103663600787,0.993906731354772,0.116085557018014,0.150711856737821,-0.987700587326193,0.041635153826298,0.976165663281227,0.155340491095999,0.151558337470349,-0.156161884175878,0.01780116910641,0.987571052790174
1544561455.478,2.50092599147011,1.03338802764616,0.111060467479672,0.048686382544238,-0.99745579287863,0.052072808716457,0.984612934531848,0.056689047828648,0.165298883870594,-0.167830287216995,0.043223756305367,0.984867859960672
1544561455.79364,2.4540218520361,1.06468690133636,0.103924129452011,-0.490765904266527,-0.870653297519815,0.033341606549895,0.864058115007547,-0.481414494442105,0.147117838587498,-0.112037498629088,0.101009504794956,0.988556866771971
1544561455.97771,2.34494999916629,1.07431726830791,0.097160980209142,-0.188663932703595,-0.981854661475702,-0.019166226421586,0.975217135708719,-0.189614033569816,0.114009019351397,-0.115574472600553,0.002818157521311,0.993294819915665
1544561456.12283,2.3267421853812,1.08881371422276,0.090748268021202,-0.1552126310295,-0.98732945784052,-0.033008799572916,0.98136300785236,-0.157934473097123,0.109468484170119,-0.113294686494424,-0.015402723391617,0.993442031587275
1544561456.14818,2.31857577387964,1.09441037211184,0.092057127356263,-0.130823920758107,-0.990516480822441,-0.041978601413152,0.984280418923821,-0.134834578922384,0.114068809277431,-0.11864720258238,-0.026395786518891,0.992585564963255
1544561456.18087,2.31879266009642,1.09977667588706,0.087769677939402,-0.136393084577273,-0.989723208010253,-0.042952275904667,0.984280024438131,-0.14029874907848,0.107280447888166,-0.112204099620151,-0.027644755974821,0.993300562516464
1544561456.32273,2.31905741852733,1.11907637647185,0.089171190550531,-0.128573146672506,-0.991048629783253,-0.035938271514767,0.985137785798425,-0.131800521105838,0.110146110364391,-0.113896834665873,-0.021242317222193,0.993265460494891
1544561456.44993,2.30140596594096,1.13962586071759,0.089673867285171,-0.113087995167583,-0.992670282562522,-0.042624118362948,0.987410852563455,-0.117056821986864,0.10638378009004,-0.110593460877608,-0.030056788643793,0.99341113133865
1544561456.51553,2.30296861796295,1.14926051689881,0.09722314246204,-0.130203877032414,-0.990319862330776,-0.048099071497083,0.98479996051446,-0.134798289890021,0.109537476753138,-0.114960811481333,-0.033105759557503,0.992818221281053
1544561456.58291,2.29896263137534,1.15700112163349,0.101821229780796,-0.125290532255742,-0.990813755284135,-0.050895823667789,0.984148017238613,-0.130610390653217,0.119973355453284,-0.125518774262574,-0.035057498387131,0.991471638078698
1544561456.61825,2.29220905166485,1.16218380180082,0.100375844958537,-0.116038628746964,-0.991935567201104,-0.050979085514951,0.986125460311544,-0.12118928374014,0.113444850177939,-0.118708100666583,-0.03710778931664,0.992235556109621
1544561456.64404,2.2948895961994,1.1644308097505,0.099502187375953,-0.114622035440495,-0.992269904192294,-0.047562866037417,0.985371226037006,-0.119642522113281,0.121363972416461,-0.126116358533731,-0.032956094073605,0.99146788146344
1544561456.81655,2.2945996985294,1.18911468484799,0.095105890584364,-0.095051652113503,-0.994370901182258,-0.046815534948106,0.987808045772269,-0.100039989771742,0.119278100060496,-0.12329009748583,-0.034907181617162,0.991756542974878
1544561456.91142,2.29793267123549,1.20600507793498,0.095515778796907,-0.090363992575615,-0.995011502151195,-0.042266528513907,0.985503898621498,-0.095458103055344,0.140249122503157,-0.143584172691926,-0.02898035796704,0.98921368985901
1544561456.94555,2.31314983115114,1.20570762238278,0.098740910744145,-0.106056915562819,-0.993370553052739,-0.044349464359729,0.982615150287511,-0.111534739557953,0.148416536468116,-0.152379122870401,-0.027837855510681,0.987929985734725
1544561456.97736,2.32724907907482,1.20242727104277,0.099015838175715,-0.115859838187901,-0.992225461213231,-0.045443723606945,0.981065037557059,-0.121465822561163,0.150855712628683,-0.155202738307805,-0.0271051299523,0.987510719917523
1544561457.01067,2.33497900789008,1.21348522189148,0.101127861889262,-0.126000670838256,-0.990943270934435,-0.04642482889652,0.978564446098624,-0.131838645270197,0.158209343734846,-0.162897071121616,-0.025495203530875,0.986313610783567
1544561457.04692,2.34299817301937,1.21944228803024,0.101488463013629,-0.149376370438037,-0.987670807160058,-0.046830296161347,0.973378288874115,-0.155211456117692,0.16865381892601,-0.173843051926904,-0.020390698213318,0.984562244209635
1544561457.11341,2.33743145316112,1.22927171994511,0.097560013085297,-0.092583647801199,-0.994428874931516,-0.050393262072093,0.982778935666403,-0.099393117386959,0.155777314864896,-0.159918203373595,-0.035103004409101,0.986505928675145
1544561457.31348,2.3356318541327,1.25513137742615,0.094456998502805,-0.087215248304061,-0.995113794618035,-0.046282137203859,0.983349508807832,-0.09343337885197,0.155865157247238,-0.159427864536483,-0.031917698494722,0.986693476482
1544561457.4136,2.35150576633715,1.28060145921581,0.096671671497536,-0.063246253712321,-0.997116176777753,-0.041943311737059,0.98688872602118,-0.068740324756772,0.146032223172256,-0.148494288926056,-0.032157390448368,0.988390281415138
1544561457.44964,2.38640409323069,1.29007130001254,0.107496915964074,-0.141763975386428,-0.989215969384175,-0.036806809124995,0.972577624915957,-0.146112446808189,0.180952801582519,-0.184379333970689,-0.010144890489873,0.982802799345566
1544561457.51491,2.37458381776462,1.29668052598773,0.105982192560168,-0.110615863147563,-0.993229343933412,-0.035490860368853,0.976492295595391,-0.115260508631173,0.182147774603282,-0.185005209286021,-0.014508118406087,0.982630442759307
1544561457.58102,2.37201660946475,1.30269772647996,0.104884202889945,-0.088484376609654,-0.995592513818004,-0.031081530296229,0.979616670215805,-0.092629136929772,0.178244277403083,-0.180337723539205,-0.014676151443753,0.983495254715293
1544561457.77325,2.36601691022391,1.33350560276681,0.099650925451486,-0.067067135457935,-0.997271343951363,-0.030852323654946,0.981642978319147,-0.071486477600947,0.176824055594609,-0.178547087509663,-0.018426883991923,0.983758805545426
1544561457.9314,2.33821666002066,1.36187616105808,0.095823218576531,0.010896010013471,-0.999731989790729,-0.020426099844555,0.986044165310605,0.00734861331729,0.166321682107997,-0.166127002689831,-0.021953279285481,0.985859965971795
1544561457.94508,2.31189178443932,1.370840120549,0.095547693002615,0.065772197751571,-0.997777731885569,-0.010659069200235,0.985852653348203,0.063328242124665,0.155190462450857,-0.154170567519353,-0.020715489438749,0.987827062095425
1544561458.00983,2.29696542459213,1.38918337712605,0.100443531982576,0.099290676571721,-0.99505548632501,-0.002437351109165,0.979110719892458,0.097262276792225,0.178556007193462,-0.177436072255923,-0.020115383359309,0.983926730816222
1544561458.07661,2.29266167787057,1.40367494163775,0.101277565715952,0.117380694267562,-0.993063737606526,0.006796003547666,0.976219235944995,0.116640187542142,0.182732235856475,-0.182257444249166,-0.014814847319115,0.983139229364119
1544561458.11518,2.29150111591516,1.40994910631215,0.10176426491354,0.122749819188732,-0.992388709827885,0.009855480469079,0.974749862312326,0.122422670397255,0.186749553399496,-0.186534682596132,-0.013316845683108,0.982358118920903
1544561458.14319,2.2901817337763,1.41260213945279,0.100443115601519,0.133769587524734,-0.99097129900781,0.009032275252509,0.974566347529625,0.133197726176617,0.180218755972156,-0.179794693237134,-0.015305237147897,0.983585084270606
1544561458.20983,2.29259141296243,1.41981572125446,0.09901802657404,0.132900558550123,-0.991120885171926,0.004102744579604,0.976167294982555,0.131609718309279,0.172558089503211,-0.171565887470415,-0.018928101399042,0.98499079855292
1544561458.45831,2.30120786801502,1.45421080481721,0.094404249265305,0.040439353179533,-0.999173353946016,0.004155415585065,0.983398246130188,0.040536486476336,0.176874765787055,-0.176896998907535,-0.003066272723915,0.98422459314381
1544561458.81764,2.29015450233911,1.49595108643381,0.094030378392784,-0.66785302442674,-0.744222508398964,-0.010256498252786,0.733217017984044,-0.660220419562011,0.162793741071189,-0.127926315911343,0.10120205326827,0.986606812317675
1544561459.01182,2.28072158928938,1.51693613782881,0.097412671161232,-0.50446020092239,-0.862999213079437,-0.027427429876261,0.851178772754243,-0.502381775725638,0.152010684595958,-0.144964142110804,0.053337694391748,0.987998222599136
1544561459.24305,2.2693920225913,1.54503169000117,0.096006493947488,-0.391809782209364,-0.919233586162491,-0.038661461895479,0.907653453548443,-0.393064571246637,0.14719188528001,-0.150500175503676,0.022580011105883,0.98835208315247
1544561459.27762,2.26561871791624,1.54848177449662,0.095147990888531,-0.375627668676311,-0.92594721446321,-0.039059064922541,0.913982625417738,-0.377092563760204,0.149789715238588,-0.153426252510125,0.020565854822493,0.987946066673743
1544561459.31041,2.26260867094502,1.55100322161075,0.096673452759136,-0.374393655968983,-0.926347911776518,-0.041339287819946,0.914266914012681,-0.376216382679881,0.150257257212412,-0.154743013774167,0.018460220761003,0.987782273548956
1544561459.33622,2.26289369067289,1.55540044996254,0.094556658448072,-0.40153186555382,-0.915172947987594,-0.035080424976998,0.903351216755812,-0.402068911907434,0.149322366922606,-0.150760539036798,0.028267743972064,0.988166076385981
1544561459.34666,2.26420752864418,1.55697950315782,0.094572929105694,-0.376489964419938,-0.925865201300315,-0.032077027795585,0.914712691970239,-0.37699636696305,0.145514365082013,-0.146819609860654,0.025443433687013,0.988835999467343
1544561459.4126,2.26063960284366,1.5663189446274,0.095039833644388,-0.367520651657078,-0.929457910049504,-0.032195714807465,0.917360724499368,-0.367993952720143,0.151755566314382,-0.152898239857594,0.0262382203629,0.987893559064254
1544561459.61514,2.25089030341268,1.59297236261871,0.092348160269867,-0.350078587738099,-0.936153083493432,-0.032594273623459,0.923934396783132,-0.350820573210013,0.152545586149154,-0.154240762602789,0.023287972825902,0.987758805313004
1544561459.64779,2.25381173353695,1.59418548763325,0.096732521658189,-0.357374037813596,-0.933078302876077,-0.040603913588549,0.921068350592583,-0.359306231903646,0.150107045976739,-0.154650866901759,0.01624538140837,0.987835612310789
1544561459.7144,2.25482942428216,1.600747796333,0.095246094494209,-0.352826691070481,-0.934549770930267,-0.046152483383218,0.922568102366477,-0.355686955415443,0.149515505026127,-0.15614551727213,0.010174251887744,0.987681660270325
1544561459.73993,2.24791309290887,1.60615607479464,0.090960834129769,-0.347186588612,-0.937042424266201,-0.037589464125987,0.925073030158224,-0.348781247909516,0.150304790278175,-0.153952465267195,0.017410807907671,0.987924846436283
1544561459.74589,2.25152540498483,1.60535842553864,0.095101915126435,-0.34672967390357,-0.93692088580596,-0.044246886616994,0.924639048550424,-0.349346582307942,0.151656174702944,-0.157547336158039,0.011671296857358,0.987442462981605
1544561459.7509,2.24845363020724,1.61005305052676,0.092863585413129,-0.360164103629927,-0.932197630644918,-0.035908158912005,0.919687589757115,-0.361256811286159,0.153844900942842,-0.156385919133428,0.022385122723716,0.987442327722204
1544561459.7773,2.244482088798,1.61943903657933,0.092348264167663,-0.348559236248767,-0.936925367311678,-0.026025274514553,0.923741427388893,-0.348093039248975,0.159790523348362,-0.158771011684149,0.031655838549835,0.986807820061481
1544561459.80905,2.24111180219607,1.62942877754601,0.092617102062637,-0.35926645747939,-0.932951728956734,-0.022993128687561,0.920676918127676,-0.358352691949845,0.154717033965947,-0.152583173899126,0.034415397846488,0.987691224742803
1544561460.14368,2.18684725504227,1.68548833919157,0.091052313384519,-0.244004629009668,-0.969522431453555,-0.022090629919479,0.955510956528861,-0.244245945447436,0.165356372982104,-0.165712259580163,0.019239881519197,0.985986447160387
1544561460.17897,2.18607230264061,1.68959277580958,0.092829264913547,-0.269717110057301,-0.962806537761375,-0.016007853893856,0.948385431981928,-0.268483173206226,0.168765689965611,-0.166786549058344,0.030337378744123,0.985526199806045
1544561460.20897,2.18533543400267,1.69224723224102,0.094212380553863,-0.28142941590817,-0.95955999883537,-0.006487873045628,0.945527363046551,-0.278454046945606,0.168645632821768,-0.16363217773967,0.041327380447881,0.985655395172921
1544561460.63059,2.16227719164394,1.74586025464102,0.086793073895565,0.303281526959274,-0.952725326459591,0.018296658922222,0.941048792915139,0.302473066019249,0.151450367070791,-0.149824846932057,-0.028714049790634,0.988295511770849
1544561461.11195,2.18659799821431,1.80193169874538,0.079438514788307,0.46767704727352,-0.882770633516759,0.044656332741775,0.872488068191387,0.469141693295985,0.136640559406952,-0.141572420750624,-0.024941535874862,0.989613646566685
1544561461.3091,2.19124486844833,1.82454104040994,0.077563693039721,0.735996845837253,-0.673124527798443,0.072194272582661,0.663017050543997,0.738251804559707,0.124067174354352,-0.136810210165585,-0.043447015322818,0.98964403865935
1544561461.75636,2.24293114795708,1.86479596845007,0.069532327858203,0.986548209570129,0.132584796953676,0.095623751289779,-0.13938181292078,0.987882192008492,0.068275068212397,-0.085412764976282,-0.080684858116274,0.993073317157331
1544561461.94263,2.26610653331256,1.87725860057768,0.066264039926184,0.99006616126217,0.06661805232111,0.123818542345388,-0.068950549141487,0.997512586681901,0.014644493308861,-0.122534966832664,-0.023036373762546,0.992196808797122
1544561461.97438,2.26812332468713,1.87842798227551,0.067499463332794,0.990068570510816,0.04609391812882,0.132814067019287,-0.04614314020534,0.99893116506393,-0.002708888334474,-0.132796973981565,-0.003446472914727,0.991137268760381
1544561462.00763,2.27122497982159,1.87662561263744,0.068444143481229,0.989917802958925,0.040952670350735,0.135593591943417,-0.039963754448594,0.999151005114932,-0.010008361913607,-0.135888342823607,0.004488626623506,0.990713990269488
1544561462.04154,2.27569503566628,1.87362309864218,0.069642850582062,0.98987143515435,0.037710585180175,0.13686655409865,-0.036123543785367,0.999248396509578,-0.014061708908507,-0.13729395999044,0.008975179018252,0.990489684303545
1544561462.07451,2.27995479969329,1.87251266579091,0.069832478305559,0.989811929116286,0.038452601168431,0.137090271144535,-0.036648557086908,0.999205503868572,-0.015660277845506,-0.137583531872635,0.010476569196658,0.990434759716824
1544561462.14111,2.28935992404443,1.87152838657463,0.068992455211765,0.989649975275128,0.0453165328369,0.136159238722839,-0.043548643067805,0.998924197138147,-0.015936249836732,-0.136734933813177,0.009841759169375,0.990558780513082
1544561462.17423,2.29398884224532,1.87122692719894,0.068715032667554,0.989425023045661,0.049643780151986,0.136285064711138,-0.047844028898747,0.998719324902494,-0.01645171617309,-0.136927253203421,0.009757313079193,0.990533049510031
1544561462.2076,2.29880260802311,1.87089315978377,0.068260243209056,0.989248934851573,0.054169271970993,0.13583900349003,-0.052366710761554,0.998486415961267,-0.016810851996332,-0.136544031356363,0.009516675625419,0.990588290050915
1544561462.24332,2.3040157878781,1.87047960987954,0.067538470033791,0.988953626331233,0.059028381833772,0.135964609749713,-0.057319892397372,0.998220330403515,-0.016449981904206,-0.136693653480544,0.008474792456543,0.990577116125223
1544561462.2546,2.30706277489356,1.86869385815973,0.068423155375598,0.989184740920773,0.050160263659919,0.137831405271337,-0.048193208349863,0.99868341940899,-0.017573914376597,-0.138531451296992,0.010741310308182,0.990299783527399
1544561462.54405,2.34820635743328,1.86427333229098,0.06719459048337,0.986172909384876,0.077593773174992,0.146431551107818,-0.074668741950823,0.996885474237767,-0.025375780366909,-0.147944488815417,0.014091047449218,0.988895277878774
1544561462.81152,2.39316370461681,1.8506864958309,0.0636012028771,0.988328024371852,0.057219833751953,0.141186425929104,-0.054839164186633,0.998280637742231,-0.020698656484814,-0.142128049000001,0.012714516678338,0.989766618326307
1544561462.90442,2.42568520052423,1.82767827968602,0.069352911679523,0.989399589388517,-0.039573945128549,0.139722422627146,0.042678532734145,0.998902567232888,-0.019292589748604,-0.138805602774156,0.025051228363297,0.990002747771943
1544561463.33038,2.4886958761257,1.83558346542568,0.071424060955936,0.279812325231422,-0.949809710677424,0.139880578178154,0.959769962180178,0.280292666331682,-0.016662559747507,-0.023381239172648,0.138915566815045,0.990028172806819
1544561464.18767,2.54681004688564,1.92397181365995,0.075454769462543,0.251450283755901,-0.957537180343012,0.141050710951171,0.967498583653216,0.252708391729443,-0.009217341186281,-0.026818751426995,0.138784066125302,0.989959462585022
1544561464.66281,2.58478229735328,1.96405530347274,0.081028202678114,0.174265628447127,-0.974430342870755,0.141834402155159,0.984356646055724,0.176184612368782,0.000987790662405,-0.025951572358116,0.139443498440213,0.989889906320341
1544561465.17195,2.61883799820255,2.00988799070033,0.086500121017672,0.093075967395215,-0.985536780849832,0.141612562598066,0.995280691038782,0.096015191852547,0.014050942277448,-0.027444677786607,0.139636444117088,0.989822435154671
1544561465.30699,2.64067541705228,2.00599016517074,0.093530593224439,-0.032447969964204,-0.98967737152172,0.139591652841629,0.999199899073344,-0.028853855879066,0.02769506621641,-0.023381422904164,0.140378614107583,0.989821778788592
1544561465.37267,2.64512507026491,2.0149429787948,0.094939599054696,-0.055797483804923,-0.989136373132986,0.135999544654983,0.998099386962583,-0.051689841062852,0.033552556919177,-0.026158259612536,0.13761321039864,0.990140570716009
1544561465.66911,2.65428103759044,2.05623159247273,0.094070160381227,-0.022623939695415,-0.990800135310939,0.133428817054204,0.999287840331525,-0.018379851901367,0.032954411080222,-0.030198833060545,0.134079353041062,0.990510352076075
1544561465.84229,2.67892053228161,2.08150943442166,0.095446915227109,-0.036531004715657,-0.99154480975405,0.124516568954762,0.998768206784452,-0.03203911440952,0.037888840895777,-0.033579082939183,0.125747307715334,0.991493852624063
1544561465.94169,2.68914096478697,2.09275288812459,0.098902211041598,-0.041543478646434,-0.989665740738518,0.13724380128235,0.998505667853927,-0.036242494135949,0.040901257711593,-0.03550451584711,0.138737893984598,0.989692490689499
1544561465.97333,2.69290295027693,2.09849135819532,0.101551432949868,-0.043470079461609,-0.988694831682054,0.143502202062533,0.998260826190006,-0.037259969184493,0.045683887649985,-0.039820535983927,0.145238509017291,0.988595013345903
1544561466.00657,2.69597328977086,2.11245843205609,0.105443059609435,-0.042096962103416,-0.985964980244669,0.161557740491724,0.997783525958171,-0.033146957509205,0.057700212602422,-0.051535241419298,0.163628655616952,0.985175000673913
1544561466.10821,2.69071444790149,2.12860833930017,0.099622534241662,-0.021647164377489,-0.990821795519059,0.133430018357199,0.999088787534503,-0.016528716604138,0.039349665186078,-0.036783078952832,0.134160243931683,0.990276746193175
1544561466.15645,2.68685096389957,2.12574207532378,0.099508109890769,-0.054012801642714,-0.988503315290016,0.141222565191791,0.997912554641264,-0.048422387640657,0.042729447276146,-0.035399866497656,0.143235707963562,0.989055297451119
1544561466.61416,2.69927817984265,2.15614395246497,0.101527127712624,0.693354645906543,-0.699308951659032,0.173857197519568,0.70426945210067,0.70869418431452,0.041917680715885,-0.152524994140742,0.093378494570879,0.983878337455421
1544561466.93999,2.71850905286222,2.18857900138095,0.097868907908682,0.666186956107323,-0.722503884866455,0.184886656807202,0.729906397367722,0.68253371094765,0.037207317851522,-0.153073807668509,0.110162923767084,0.982055263023907
1544561467.1239,2.75218073775781,2.19411210659523,0.09125689325892,0.64790735264764,-0.741212318240694,0.175557288864305,0.746022038989597,0.664020397640426,0.050279507349001,-0.153841410962504,0.098393144099116,0.983184422917368
1544561467.16732,2.77559333326256,2.176314301053,0.088212973848617,0.414895920664262,-0.894719757877223,0.165341857617104,0.899863792085644,0.430376332033055,0.070861615272457,-0.134560509472142,0.119384955877589,0.98368729868831
1544561467.83359,2.76289808863831,2.22299852319326,0.086536132475887,-0.986182378173518,-0.066126930318195,0.151893206124292,0.08032580543583,-0.992758193801254,0.089324876834823,0.144886445056496,0.100291563589187,0.984352335452975
1544561468.03978,2.75709869200981,2.19567063085989,0.088771738763534,-0.790208714816767,0.597633743319551,0.135661696412408,-0.588293284840064,-0.801762017729353,0.105302791694452,0.171700897026555,0.00340231868206,0.985143251607531
1544561468.76707,2.78038283856322,2.09280937439068,0.094730252395032,0.912942015383133,0.390963844395691,0.116979267066983,-0.403714967436731,0.907113367884827,0.11899396149471,-0.059591120275985,-0.155860868020122,0.985979861966901
1544561469.04709,2.83590747927761,2.06887878058029,0.088512929157004,0.872998369587695,-0.478186604898821,0.095976130327106,0.465373614309165,0.875593235514468,0.129475422479053,-0.145949463178368,-0.068367074068159,0.986926895662139
1544561469.21067,2.87549593397078,2.05685104857896,0.083061986592377,0.795330368145033,-0.601728114872648,0.073299940505404,0.589713328454674,0.796042808444157,0.136213205553819,-0.140313205897372,-0.065108547028361,0.987964109345405
1544561469.43304,2.91986766641171,2.0522141281091,0.076620936944446,0.702394850149792,-0.710066307370026,0.049470330713946,0.699208424264876,0.701321896255176,0.138763025587064,-0.133225575322774,-0.062876362577196,0.989089232126698
1544561469.84094,2.97890774485991,2.06574274141612,0.067444787127044,0.103685271658968,-0.994297498876323,0.024936883712485,0.984939542008929,0.106132621298522,0.136491630818694,-0.138359903976001,0.010409151002293,0.990327312835087
1544561469.90855,3.00101322694869,2.06130106666685,0.066744543616749,0.048779906653924,-0.998756368886362,0.010307100259584,0.990024727304328,0.049713940818046,0.13183157214541,-0.132180028872841,0.003773552340499,0.991218543142688
1544561470.24538,3.04474897276218,2.10565981003592,0.06960771331803,-0.109177469295066,-0.993779512526634,-0.021967263840753,0.988339487744868,-0.110886489849105,0.104351537282202,-0.106138292630602,-0.010318277534006,0.994297840682656
1544561470.43522,3.06406732835566,2.12916344810213,0.073462606190036,-0.414081160019193,-0.9088776617209,-0.049781411610191,0.904423949594058,-0.416992174024859,0.090193382255596,-0.102733209420525,-0.007676120554405,0.99467932765057
1544561470.93818,3.03788538445494,2.15745171247832,0.074689879740988,-0.99670248965545,0.008410929151728,-0.080705658943059,-0.015042280549024,-0.996525830602479,0.081914581961447,-0.079736296067181,0.082858464943775,0.993366295923436
1544561471.04033,3.0519781089267,2.15797516513035,0.080015400307111,-0.976560051143739,-0.183357708080826,-0.112740486948937,0.175101411236986,-0.981350975387236,0.079308000159736,-0.125179719974734,0.057708006323796,0.990454352160248
1544561471.06992,3.05115108554539,2.14237913288833,0.087355339073636,-0.964348213818065,-0.232048881271207,-0.127223579601767,0.224531977487431,-0.971895442511701,0.070743479632915,-0.140063962501032,0.039655586312262,0.989348028189646
1544561471.1364,3.04169913960133,2.12482703188191,0.103796829799544,-0.954000709553389,-0.27156217961521,-0.12703003099374,0.265803346985233,-0.962120256661326,0.060606868038137,-0.138676699207482,0.024053987706417,0.990045543786924
1544561471.50485,2.99591798479854,2.13923346698896,0.090961459157709,-0.945036537640425,-0.299201556938556,-0.131849804133896,0.292976812438515,-0.953922468121697,0.064780492325839,-0.145156914743906,0.022590996838461,0.989150704879636
1544561471.5394,2.99340035914873,2.14064223256145,0.084444591791701,-0.946971326208788,-0.290831080125715,-0.136611090952667,0.283796636280951,-0.956409206480729,0.068854186470577,-0.150681042516922,0.026433172186032,0.988228976924981
1544561471.60472,2.98431881003625,2.14254361134639,0.081383463232536,-0.94588615383842,-0.295465412595002,-0.134162490796888,0.288350471499458,-0.954953228075599,0.070130861780242,-0.148840147684693,0.027649993635863,0.98847462703356
1544561471.63614,2.97833589763434,2.14127214651367,0.079848463764078,-0.943898018553147,-0.302664559912512,-0.132101077756425,0.296028455350824,-0.952773270184744,0.067751378171058,-0.146368316906527,0.024844713611494,0.988918124018119
1544561471.66944,2.97139488992939,2.13794899979216,0.079247025186199,-0.93901950822771,-0.318335268656094,-0.130019305864341,0.312230786244196,-0.947748407780669,0.06545908394212,-0.144063525186373,0.020871326715419,0.989348315019545
1544561471.73984,2.99601499974306,2.28789947675438,0.089193690791924,-0.981540857918453,-0.143006145705283,-0.126991285241264,0.134326099738877,-0.98813180837043,0.074511933376628,-0.136139792733976,0.056078262964372,0.989101200715708
1544561471.77921,2.96789793523799,2.15491911595753,0.082644676625714,-0.946291504863671,-0.291545129015911,-0.139763462929135,0.281395013533115,-0.955545909395686,0.088027617233881,-0.159214428308325,0.043971044839434,0.986264322093315
1544561471.78484,2.95513002395944,2.13937373961096,0.079111941257276,-0.918867843138855,-0.372174194067413,-0.13102769217086,0.366449042939003,-0.928073214599666,0.06629635941537,-0.146277085609604,0.012902620389442,0.989159510196736
1544561471.80606,2.95098984026545,2.13627244449238,0.080866543453594,-0.918522780186636,-0.372675296167753,-0.132019036144385,0.366810249928927,-0.927866736008411,0.067183039200258,-0.147533531189673,0.013283216304112,0.988967852530771
1544561472.49807,2.88855295609317,2.11656487903865,0.081027779796731,-0.638591028810763,0.759272677025576,-0.125325575381994,-0.768681931666466,-0.637074641486093,0.057131332076905,-0.036463486557452,0.132819061500162,0.990469338773437
1544561472.50344,2.90736979412677,2.16587172436909,0.097758324651425,-0.917420982444598,0.380109462799429,-0.117709546174973,-0.385637781982386,-0.922239530443312,0.027527251868039,-0.098093027673198,0.070647326757846,0.992666466213037
1544561472.5356,2.92772013618354,2.14664567641384,0.101210587841539,-0.942997626595173,0.315847747117004,-0.104860273111337,-0.319557548097292,-0.947350452019091,0.020250790435757,-0.092943260594398,0.052605339085867,0.994280759448631
1544561472.57159,2.93314494998293,2.13494286973888,0.097912065433535,-0.947116488009001,0.308421437200983,-0.088580896452756,-0.311243552192744,-0.950126062340697,0.019695605586261,-0.078088471363808,0.046224265660444,0.99587424301677
1544561472.60397,2.93811310899891,2.13273265881264,0.098617660325925,-0.944492648880513,0.314198723322257,-0.095983323933572,-0.317393254552575,-0.948090226805315,0.019658173892108,-0.084824278217961,0.049031460297561,0.995188805064593
1544561472.90666,2.90602342231473,2.12361042953267,0.094614249900239,-0.950481981472095,0.296717867530585,-0.092425699807937,-0.299766825860945,-0.953786930015833,0.020744691953149,-0.08199910371546,0.04742361457206,0.995503464469504
1544561472.94108,2.90586855888501,2.12874499517047,0.096882568880709,-0.947749895604181,0.303582665425985,-0.098018878972986,-0.307050527259755,-0.951436263384657,0.022113580129635,-0.086545416353345,0.051054891729362,0.994938836782811
1544561472.97202,2.89170299772224,2.13013291546892,0.100424367495153,-0.942421027031597,0.31538312719895,-0.111247880370457,-0.318943324403196,-0.947649694009156,0.015336664011177,-0.100587094735587,0.049935363446815,0.993674340943797
1544561473.00543,2.88583515819572,2.12774974289264,0.098756732441839,-0.947127053884605,0.304681607887302,-0.100595534767086,-0.307348780512199,-0.951523831988702,0.01179509538755,-0.092125300094668,0.042089368880335,0.99485748432111
1544561473.03899,2.8832232319826,2.12620051965303,0.10097185902339,-0.948400470296416,0.298420550087863,-0.107152803168152,-0.30122964065805,-0.953491772975856,0.010683747300666,-0.09898106652567,0.042410071358325,0.994185160982009
1544561473.07238,2.87555074329246,2.12737452830013,0.098528054771657,-0.949926398677198,0.295267378735469,-0.10225953330058,-0.2981497674856,-0.954419301905238,0.013802619280456,-0.093523009171272,0.043600128502151,0.994661990602913
1544561473.11635,2.87298654252394,2.13318068966954,0.097854249718544,-0.934434033571452,0.341808336167211,-0.100000491148742,-0.345010112310796,-0.938459882186518,0.016157720438204,-0.088323605602806,0.049599504564753,0.994856185506354
1544561473.21767,2.86099734077746,2.11757344573765,0.094521216879739,-0.955193696467655,0.279270601422578,-0.098045568025946,-0.282283673057685,-0.959161086303324,0.018053765437975,-0.088999607603187,0.04492150601325,0.995018154680598
1544561473.23314,2.85087430776737,2.1061281228568,0.094323440217572,-0.959296237448477,0.265212240640931,-0.097021627647719,-0.268733409856067,-0.962890345245534,0.024990747489203,-0.086793336405092,0.050046482864975,0.994968475032511
1544561473.40275,2.8204835212801,2.08926578199776,0.092291584296211,-0.967624567485528,0.233444119644762,-0.095950713398759,-0.237395096840796,-0.970889220047882,0.031901260018477,-0.085710351734187,0.053646671826864,0.994874751015175
1544561473.46888,2.80813032176693,2.08075731558061,0.088244265425587,-0.972360784955417,0.218894651994818,-0.081238138881646,-0.222214348550653,-0.974396069868405,0.034250289388821,-0.071660918073212,0.051355918384116,0.996106059848966
1544561473.50491,2.8034512473421,2.07777296739377,0.088643349195957,-0.972911873912194,0.214483032856526,-0.086252618611433,-0.217797370258503,-0.9755034515889,0.030940611607079,-0.077503490948112,0.048888081930112,0.995792731614393
1544561473.53659,2.79904736230871,2.07858896746718,0.08919710872418,-0.973166206585981,0.211870559377294,-0.089768593774247,-0.214854465907018,-0.976329036074481,0.024883162935724,-0.082371674979104,0.043502636552609,0.995651760292781
1544561473.73994,2.77571234731807,2.07694160412839,0.087081918571483,-0.975448032758288,0.203280621982563,-0.084723810787592,-0.206267571553618,-0.978093735684363,0.028041632270245,-0.077167508145349,0.044828929737267,0.99600981056677
1544561473.8732,2.76169207990983,2.0773289062139,0.085857816106799,-0.975995511442673,0.20267548425287,-0.079720823670007,-0.20567134049763,-0.978121317416926,0.031272801481233,-0.071638406889517,0.046918402545707,0.996326553977609
1544561473.91141,2.763074239633,2.08152207252562,0.088476270150346,-0.972803918439988,0.213739702957727,-0.089262957868003,-0.217482054180029,-0.975456794177187,0.034432525367643,-0.079712560976532,0.052909187038746,0.995412741303559
1544561473.94205,2.76082135629156,2.07971722503834,0.091401467153646,-0.972381995951158,0.21455974172795,-0.091855164142652,-0.218394493970251,-0.975273640458131,0.033840378706786,-0.08232313741298,0.052966437082136,0.995197195328297
1544561473.96936,2.75818153900543,2.07182992110395,0.0977596084907,-0.972830917802966,0.207678872207237,-0.102320532667543,-0.211374670284086,-0.977043399064219,0.026588439354827,-0.094449743932597,0.047494024716399,0.994396079782754
1544561474.00158,2.74750035233495,2.05507182308548,0.10237171058157,-0.974598652979131,0.193118214081934,-0.113414377400182,-0.197310905858015,-0.979972421837791,0.026878594957109,-0.105952215836933,0.048573735981323,0.993184132037994
1544561474.03486,2.7423303357632,2.03048286758603,0.101967301054163,-0.980020902720961,0.1669159155965,-0.108157789135023,-0.171631664674218,-0.984510468691637,0.035800959731985,-0.100506725701075,0.053648990271543,0.993488894719862
1544561474.36872,2.71153802698544,1.99673811918625,0.105534197110959,-0.991998598188542,0.028307929429575,-0.123034313601436,-0.03177202092487,-0.999149458962161,0.026284926135847,-0.122185596034541,0.029983658666472,0.992054262797483
1544561474.40138,2.68022890574652,2.04658913075602,0.099812511293588,-0.980232072383414,0.16444100484659,-0.11001927192979,-0.169245763399369,-0.984923593662256,0.035796455394235,-0.10247417158622,0.053709129321472,0.993284638754295
1544561474.4363,2.66803663803498,2.097689851257,0.097272838174276,-0.9690601527762,0.219858136485481,-0.11218208467709,-0.225325615342404,-0.973523212059749,0.038482757845973,-0.100751115983562,0.062569604457727,0.992942222501426
1544561474.4681,2.66108912271261,2.14311685547836,0.094130635641778,-0.948593634065177,0.300095172067429,-0.100563438250902,-0.304807880891294,-0.951771624522477,0.034970423223132,-0.08521897181721,0.063825249358428,0.994315877569475
1544561474.50216,2.65675057065033,2.11157394091257,0.101642444443407,-0.968586201426726,0.216580002257257,-0.122204226719022,-0.22191890283992,-0.974548074277282,0.031749826531334,-0.112217516315744,0.057871871791829,0.99199701384996
1544561474.55132,2.65047356603683,2.09779734365104,0.100441854710898,-0.972957878787373,0.199831792297323,-0.115845677057107,-0.205060378029956,-0.978123203006557,0.035003444150654,-0.106316543716356,0.057812235101539,0.99265025966086
1544561474.83447,2.61295138265318,2.07817057890531,0.095848161027128,-0.98182549504585,0.155148193403851,-0.109305696839152,-0.160117421027857,-0.986358487479579,0.038201382964261,-0.101887726254734,0.055008838021859,0.993273838867273
1544561474.86767,2.60846747073248,2.0691368225087,0.096370847619505,-0.982992599467093,0.145714833962014,-0.111770911047335,-0.150967216729885,-0.987728386550311,0.040019168851364,-0.104567915087568,0.056212290169894,0.992927857182031
1544561474.90206,2.60135716110735,2.06604309037765,0.097563208520571,-0.983349100826664,0.140443761948829,-0.115326040567827,-0.145818049606292,-0.988521521695083,0.03952590991559,-0.108451105630181,0.055684386279267,0.992540984953416
1544561474.93583,2.59053210156864,2.06634837600703,0.099544266286732,-0.981299731422118,0.14870030142985,-0.122225437064269,-0.153879035214807,-0.987503504132351,0.034030454708739,-0.11563770852209,0.052202008400017,0.991918782303657
1544561474.96761,2.59179322716878,2.06669982759291,0.101978875980436,-0.982732482440248,0.138124728865533,-0.123119564784193,-0.141391156315023,-0.989787267104706,0.018157830082356,-0.119354132197956,0.035252307062401,0.992225713219557
1544561475.03563,2.57994521492517,2.05310592728853,0.099876227081968,-0.985558514843551,0.119161965334911,-0.120311428538162,-0.122792957758803,-0.992160990499011,0.023204707644487,-0.116603187538835,0.037642993365867,0.992464962457742
1544561475.11752,2.56341201000003,2.05946163420108,0.097768549653159,-0.984402950739587,0.132578771993637,-0.115644713635563,-0.13712751028632,-0.990027556638082,0.032272016049505,-0.110212869021125,0.047626739484067,0.992766244988339
1544561475.36756,2.52699956525144,2.05193798893955,0.095088944805925,-0.988099481003367,0.108298589303275,-0.109228344287542,-0.112232264693807,-0.993213366251392,0.030514387774888,-0.105182386370423,0.042410195171648,0.993548207659261
1544561475.43563,2.51876748119495,2.05292673027764,0.092604082463485,-0.989106589757533,0.112442844308275,-0.094998741371066,-0.115777681441856,-0.992811791288947,0.030336043868297,-0.090904799533191,0.041004314913143,0.995015056961621
1544561475.47101,2.51184033035943,2.0539518325428,0.09485838585255,-0.987929508464973,0.114618362616276,-0.104201330391302,-0.118360515073494,-0.992503766851532,0.030447680651436,-0.099930349622577,0.04241348531633,0.994090046971414
1544561475.50522,2.50459943265019,2.05707165970994,0.098812080866257,-0.984870976281067,0.122833504935833,-0.122233752066923,-0.127832966742235,-0.991215981736456,0.033905901611846,-0.116995267823353,0.049018441584898,0.991922022989474
1544561475.57085,2.49243230266489,2.05729991401026,0.10065474482903,-0.985131940135556,0.115483385717689,-0.127195314960639,-0.121395634404883,-0.991808826549471,0.039728472485101,-0.12156545756173,0.054578743130845,0.991081732414674
1544561475.60635,2.48613675455011,2.05735934904309,0.098491339576721,-0.986322723173258,0.114060564834577,-0.118986021455085,-0.119892702652983,-0.991853324547645,0.04304326235723,-0.113107142138135,0.05672010343262,0.991962501440423
1544561475.68258,2.47238189047707,2.05737589925396,0.100069390746894,-0.98402833140709,0.125817893314804,-0.125928951039886,-0.13167178687568,-0.990515551061189,0.03926173260212,-0.119794755849942,0.055215947223418,0.991262031777208
1544561475.93525,2.42987710766608,2.05637544643633,0.099941526228807,-0.981120433376949,0.141191716699875,-0.132165026938173,-0.146937549473661,-0.988535806125069,0.034732068227091,-0.125745981108348,0.053496347015457,0.990619043371921
1544561475.9671,2.42119444676639,2.05766032052125,0.10236826022177,-0.976817259615636,0.158490345525229,-0.143905704168706,-0.164847428678321,-0.985756582958066,0.033305921590357,-0.136577328188627,0.05625628436122,0.989030769943346
1544561476.0003,2.41578137935232,2.05467272172428,0.100536202392847,-0.977582312373794,0.163398382755363,-0.132792285343817,-0.168908626562257,-0.985135527179247,0.031270896407275,-0.12570878412726,0.052999637755313,0.990650463075171
1544561476.03402,2.41355120126855,2.0492511516509,0.098512560262763,-0.979199888246609,0.157868841794755,-0.127455904720848,-0.163221186411249,-0.98604955659417,0.032636118748135,-0.120525612067857,0.052760787814633,0.991307155277742
1544561476.06737,2.40820490047716,2.04298906073431,0.096666122210792,-0.981293910878957,0.151976779382768,-0.118174950815843,-0.156987929702654,-0.98700591064434,0.034265467760037,-0.111431819511127,0.052176535737636,0.992401410075008
1544561476.10271,2.40380775716537,2.0424307932969,0.098119029443837,-0.979608670620877,0.160638383275279,-0.12067378448985,-0.165036619137842,-0.985909066464563,0.027317155901047,-0.114585194453511,0.046675716188142,0.992316285631942
1544561476.13382,2.39604640457017,2.03911606587536,0.101322397148859,-0.979446900589487,0.15743541118151,-0.126086717110711,-0.162837894142197,-0.986077570136674,0.033687474002767,-0.119027682313749,0.05352678749431,0.991447070631386
1544561476.16721,2.39223204940854,2.03904341737139,0.103953290212644,-0.978599410008516,0.150991367138852,-0.139802724510381,-0.156235110389368,-0.987343609623611,0.027261452951794,-0.133917082601912,0.048520135871214,0.989804026766126
1544561476.53676,2.33102814804145,2.04116513806305,0.096379917044179,-0.978592856673874,0.158601498752762,-0.131154814857266,-0.163971525833955,-0.985973363230625,0.031142667120462,-0.124375880228246,0.051981646694472,0.990872619878248
1544561476.57024,2.33143084948774,2.03948070475351,0.097580576103383,-0.980752483856515,0.148528995800358,-0.126742663755398,-0.154153829286642,-0.987400426438302,0.035735063813099,-0.119838067096985,0.054585119547352,0.991291734253071
1544561476.6057,2.32341702467348,2.03552985088693,0.099650322009083,-0.9800023529148,0.152797851475402,-0.127468446550337,-0.158436665780898,-0.986738735903266,0.035277329891263,-0.120387753603459,0.054767541961696,0.991215065023625
1544561476.63702,2.32009720891196,2.03105138661421,0.101232500784675,-0.980210183758215,0.145904554907733,-0.133790345368654,-0.152238227072472,-0.987599715877959,0.038344796460605,-0.126536626612685,0.057953964963159,0.990267549741247
1544561476.67025,2.32017284362617,2.02804459748829,0.10044666327159,-0.982051087646079,0.137489632712672,-0.129121114267535,-0.143854953460806,-0.9887368767996,0.04129335081295,-0.121989399613019,0.059126891962172,0.990768689972059
1544561476.75445,2.30657886956817,2.02301884292298,0.10210987853059,-0.986506668731876,0.093713740444883,-0.134247262167113,-0.099759220938547,-0.994246132513604,0.039022119617927,-0.129817912420709,0.051887983518063,0.990179249823568
1544561477.10228,2.24995075150211,2.01864019183002,0.098933432612648,-0.98634614448823,0.093460769784967,-0.135596341264821,-0.099298826949822,-0.994371937503046,0.03693498169523,-0.131381224760595,0.049895234418118,0.990075471548897
1544561477.13311,2.23950705772642,2.01943418014616,0.09921616287385,-0.984640179520344,0.101402168067836,-0.14213133780165,-0.107940727911796,-0.993389921229616,0.039054624019328,-0.137231614914407,0.053796512066878,0.989077054206307
1544561477.16637,2.23295851530042,2.02035068924567,0.099225028738829,-0.985130696627429,0.100459933445615,-0.139374719136796,-0.106693499845249,-0.993566316575567,0.037979884902846,-0.134662569606889,0.052285527046823,0.989511099487171
1544561477.2005,2.22529811115219,2.01975811444588,0.098722996739888,-0.98552762688532,0.097890028771242,-0.138393782060316,-0.103573954519131,-0.994024402508765,0.03446626121821,-0.134192893221147,0.048301443914838,0.989777367858392
1544561477.27181,2.21352387854603,2.02156703361685,0.095060830164145,-0.989126953651579,0.076154310503143,-0.125810931765643,-0.081363288513025,-0.996005293974857,0.036789531886214,-0.122506672643962,0.046625908740219,0.991371847387174
1544561477.30079,2.20856018430118,2.01952737351015,0.094823043802586,-0.989245361449173,0.071211828673151,-0.127759501831845,-0.076540036597276,-0.996369105755366,0.037285759935118,-0.1246404334435,0.046663482009783,0.99110407213256
1544561477.45175,2.19666857837217,2.01998114599041,0.0922133926032,-0.991018287532182,0.019975280489467,-0.13222610160686,-0.024856331081918,-0.999065224117869,0.035367227251486,-0.131396029551608,0.03833622474474,0.99058841972355
1544561478.13134,2.13382956851512,1.97890723563342,0.090537480606298,0.065017177811441,0.989379363058528,-0.130004778925,-0.997420446571623,0.068404290604868,0.021755592101975,0.03041741853442,0.128254937451732,0.99127466005591
1544561478.2678,2.09047751874504,2.01627475021597,0.097320418115342,-0.448451556064174,0.883182486830276,-0.13740413683695,-0.890441176539063,-0.454780997638341,-0.016992801734909,-0.077496535324794,0.114729852886519,0.990369298731181
1544561478.30412,2.09005948950947,2.01051375109873,0.099981671781773,-0.495379988109994,0.857213260787186,-0.140655938057148,-0.863398714838974,-0.503694528047752,-0.028887395679732,-0.095610284983082,0.107131918424658,0.989637017021952
1544561478.33264,2.09137716484734,2.00248820013318,0.101853699543615,-0.511461785964442,0.847831231576848,-0.139960866891233,-0.85338290072396,-0.52024442831119,-0.032914427886888,-0.100719741113756,0.102605738504455,0.989609820169512
1544561478.80263,2.0623616729629,1.93539113875329,0.101619567946179,-0.560234558791047,0.815626934527851,-0.144533535239744,-0.821650950310503,-0.569309604756011,-0.027861977431587,-0.105009309063737,0.103146873948041,0.989107561089642
1544561478.83787,2.05852133247119,1.93277345373368,0.101150933002658,-0.561545951492209,0.814740564461939,-0.144443611776183,-0.820642735549358,-0.5707163724015,-0.02878059872441,-0.105885055379752,0.102374972005422,0.989094393955458
1544561478.86914,2.05510262499979,1.93044047633921,0.100627245820398,-0.562825663254593,0.813842435642,-0.144525993268761,-0.819690121430839,-0.572060842432486,-0.029231787220873,-0.106467730372723,0.102014128941679,0.989069127961009
1544561478.89981,2.05174011980122,1.92869589946595,0.099483142759777,-0.565336996628029,0.812321498370655,-0.143275481253594,-0.817877156425681,-0.574583722732189,-0.030504140182222,-0.107102928254267,0.099936624197873,0.989212633311611
1544561478.92897,2.049316621644,1.92889569037009,0.096334004175626,-0.574270152784888,0.806405260652027,-0.141153629826348,-0.811391180577774,-0.583577531017147,-0.032887951783816,-0.108895104118708,0.095644241251965,0.989441274363624
1544561478.93398,2.05079571733174,1.92234118589278,0.099765348362364,-0.585327414672242,0.798307024090841,-0.141766402650031,-0.80326742951054,-0.594732299760727,-0.032479659925021,-0.110241799335085,0.094865098474301,0.989367150642684
1544561478.96549,2.04733339471292,1.91895626256736,0.100868730049206,-0.577454711564008,0.803510124498683,-0.144628959481274,-0.80887895039431,-0.587096607995994,-0.032131238516402,-0.110728946990057,0.098432985872152,0.988964128566232
1544561478.999,2.04309756898785,1.91699441071238,0.101091122438793,-0.574505396905868,0.805618743613418,-0.144644353034485,-0.811254782809233,-0.583920049244233,-0.030050847904073,-0.108670264079794,0.100079048903086,0.989027278529506
1544561479.03224,2.03843820516066,1.91632698066338,0.100708854385269,-0.569752828148073,0.809325220731299,-0.142738929187183,-0.815076272698991,-0.578690190594817,-0.02771882018506,-0.105035158401316,0.10055023817757,0.989372157027902
1544561479.0655,2.03298719615264,1.91667662487984,0.100201385698184,-0.550661344996639,0.822649219445508,-0.141493267939445,-0.828668382971266,-0.559141347189461,-0.025877884900781,-0.100403158268429,0.103001046639569,0.989600924717068
