0.001532,32.76355,38.06468,-0.74819,1.0
0.062007,32.8653003619372,38.06853536582559,-0.7475258422655578,0.852996289730072
0.101374,32.83595272117661,38.03683432512047,-0.7468676799369431,0.787104606628418
0.161875,32.83595272117661,38.03683432512047,-0.7461923504353581,0.7550890445709229
0.202375,32.83595272117661,38.03683432512047,-0.745552840480429,0.7733761072158813
0.24271,32.865236616183324,38.068594260467314,-0.7448587057168496,0.80300372838974
0.30334,32.865236616183324,38.068594260467314,-0.7442484416440056,0.7878416776657104
0.343587,32.865236616183324,38.068594260467314,-0.7435407353591369,0.7813838124275208
0.404038,32.841732240485904,38.16991604331705,-0.7513502177587476,0.7604977488517761
0.443315,32.831911968326835,38.159384079838105,-0.7504437015216157,0.7404218316078186
0.503736,32.85182425459663,38.075173030352246,-0.7506015292989541,0.7971182465553284
0.544001,32.82019797957011,38.10460122649042,-0.7494117743203045,0.777647078037262
0.604564,32.84357452342123,38.02395522722464,-0.7482428922360171,0.8147969841957092
0.644987,32.87293503095996,38.05564435149572,-0.7472736349605775,0.809018075466156
0.704427,32.92576427967971,38.006725331884674,-0.7469866417635908,0.7845155596733093
0.744769,32.92576427967971,38.006725331884674,-0.7453960657218437,0.8001729846000671
0.804305,32.92769803020597,38.065219301598205,-0.7529571046194967,0.7654354572296143
0.844609,32.996182122861455,37.94142990781962,-0.7437287095073869,0.7805796265602112
0.905025,32.968668105207065,37.96823451830426,-0.7514036283539812,0.7877960801124573
0.945481,33.03535715688029,37.90602511076065,-0.7506588657189699,0.7918839454650879
1.00598,33.08806091075495,37.856970912902376,-0.7495484597726378,0.7757974863052368
1.045384,33.07970663751333,37.805727512170144,-0.749612000825852,0.7687837481498718
1.106022,33.15555752066728,37.77451335633074,-0.7491684697280785,0.7551577091217041
1.14552,33.208244423495195,37.725441059967096,-0.7498919153645922,0.7984433174133301
1.206642,33.2417521096454,37.634474473912036,-0.742934774181394,0.816255509853363
1.24705,33.296565907498675,37.623121607978725,-0.7446488095838496,0.8142629861831665
1.287421,33.370457547037134,37.554561795424185,-0.7431394667313255,0.772831380367279
1.347919,33.437147984024875,37.48556050147123,-0.7388184201486651,0.7529105544090271
1.388233,33.53925424770481,37.39093631346468,-0.725391242488723,0.7842519879341125
1.448932,33.67455507050178,37.326910296419506,-0.7188168824540807,0.7633702754974365
1.48925,33.73470937100429,37.17695743081025,-0.7115351289985272,0.7851836085319519
1.549712,33.77274240864569,37.24736011306668,-0.7098377629931526,0.7652884125709534
1.590062,33.964717421200525,37.13766037648276,-0.6940228702812152,0.812694251537323
1.650608,33.98985889390219,37.07124762854696,-0.6888254890073475,0.7852603197097778
1.690932,34.10973645313423,36.895635038977304,-0.6731107821889122,0.7931129932403564
1.750557,34.198457719657334,36.876636962219855,-0.6684023013249187,0.825373113155365
1.790937,34.388159415213245,36.724464625155406,-0.6453811386124466,0.7929103970527649
1.850368,34.42787544509192,36.65053882054441,-0.6405731927480707,0.8082477450370789
1.890764,34.48478482241049,36.551952350180954,-0.6275112019186413,0.8027300238609314
1.951342,34.65005054969562,36.465186273994526,-0.6126127516686402,0.8247201442718506
1.991708,34.77785764204637,36.42536840659177,-0.600216250886059,0.7573511004447937
2.05111,35.041819165347704,36.244529597695184,-0.5773359694299465,0.7468709945678711
2.091398,35.08868397447794,36.12428964800432,-0.5580913828799983,0.750771164894104
2.151799,35.24222094859094,36.07551181567473,-0.5458328022181406,0.6974480748176575
2.191065,35.37401701778876,35.99045993976416,-0.5255083764630463,0.6807025074958801
2.251567,35.556103897996564,35.847203735142195,-0.501933361794831,0.6786065697669983
2.292009,35.75477285750837,35.73368005647329,-0.4790086391699492,0.6598645448684692
2.35144,36.01033144475096,35.658598980621065,-0.4469925143992238,0.6644021272659302
2.391612,36.09621127502364,35.48765023376944,-0.42721821068516624,0.653003990650177
2.431791,36.278190195440736,35.50629318290079,-0.401168242152639,0.6309859156608582
2.491348,36.52622388729448,35.370118219772294,-0.3607085606273942,0.6373963952064514
2.531675,36.7522288956944,35.2719358321416,-0.32916006900708905,0.6435611844062805
2.591395,36.869207335897215,35.26753410564411,-0.3001211756378861,0.6052192449569702
2.631769,37.10960115339917,35.212093253188975,-0.25152402160774234,0.5947903394699097
2.691292,37.3074315097331,35.14619370635166,-0.20615133226310303,0.5947361588478088
2.731616,37.64518659086053,35.065555962332596,-0.1479719141134172,0.5981879830360413
2.791157,37.8664260794539,34.98068591552917,-0.08603302757094962,0.5955029129981995
2.836522,38.00987592341008,35.042082604210336,-0.036324192069153875,0.5820924043655396
2.894048,38.301033799755935,34.99726053066658,0.021757107718495403,0.5919001698493958
2.934457,38.5738506202215,35.03972643362127,0.08767176088872973,0.5651201605796814
2.994968,38.78102734761007,35.061445188994455,0.14748569151241483,0.5632534623146057
3.03415,39.02054838454433,35.029541320611564,0.21231521380592086,0.5421475172042847
3.09475,39.31958234675228,35.12018166561709,0.26849285740516043,0.5746811628341675
3.135142,39.55238613880506,35.25647088757702,0.3218248160928224,0.5787808895111084
3.195456,39.77359553721937,35.300090155377866,0.3787954716068649,0.6357730031013489
3.235628,40.13598545227024,35.34227994875398,0.4346432455595976,0.6420600414276123
3.29512,40.34318789248027,35.655996478840514,0.4729881154433709,0.6045249104499817
3.335474,40.65552249013885,35.634417938439306,0.5225460620241483,0.6277051568031311
3.395727,40.969498941609565,35.78079180698682,0.5725087950523071,0.6255586743354797
3.43605,41.15879847317754,35.983637305009744,0.6126880064393445,0.6799081563949585
3.496609,41.41490189395631,36.21432155749196,0.6510624426013526,0.6352366209030151
3.536995,41.73192321116825,36.32489504609328,0.7020640593848848,0.6079472303390503
3.596626,41.97537638143568,36.523164712154774,0.745890228554181,0.6452807188034058
3.637016,42.03425437453206,36.7790733828179,0.7839113014361956,0.6306342482566833
3.697614,42.364704406120225,36.95538143360023,0.8333008869618845,0.5941824316978455
3.738054,42.66713035971319,37.22195212138314,0.8846961132405932,0.5881232619285583
3.778349,42.91231689001967,37.467014872957904,0.9352996870122836,0.6332908272743225
3.838659,43.09837473799429,37.73251956336658,0.9812795798773595,0.6085085868835449
3.878864,43.30108450754463,38.09954556950966,1.0243150516857935,0.5817072987556458
3.939493,43.37671888640513,38.33384185984423,1.0553699215596377,0.645186185836792
3.979815,43.60544648362182,38.53431332693485,1.0798071478857714,0.6905472874641418
4.039332,43.92766308554556,38.87402390269053,1.096519120635143,0.7200784087181091
4.079773,44.023186650557946,38.99099990125013,1.0917435296348885,0.669590413570404
4.140307,44.22746167815477,39.36288056434503,1.0835860176278613,0.7051420211791992
4.180635,44.418165891355095,39.577485336593085,1.0756919964999982,0.6442561149597168
4.240181,44.66768310615717,39.9516118832759,1.046012545785267,0.609668493270874
4.300635,44.837619340139646,40.20898488626214,1.0179146720335457,0.6165136694908142
4.340848,44.99473380239489,40.47109915401896,0.9979422707812279,0.5911049842834473
4.401217,45.22608069949697,40.699601560081696,0.9629311240571851,0.5739719867706299
4.441525,45.421659961590194,40.944527565663954,0.9194583031710217,0.5315009355545044
4.502262,45.67383551994762,41.15341866705702,0.8775739940688723,0.46095532178878784
4.542686,45.760615960165296,41.66559378247442,0.7835405835273201,0.4924846589565277
4.602378,45.96118789775114,41.875187740693846,0.7102627459560709,0.48602646589279175
4.642784,46.10851300517084,42.06526856702697,0.6415736268168147,0.4960560202598572
4.703167,46.410182066147264,42.22335552454268,0.5773450822561585,0.4726579487323761
4.743525,46.6370799711512,42.35811995396147,0.5049465599523434,0.47881293296813965
4.803919,47.03393228042235,42.69985727723122,0.43149706521218106,0.4758054316043854
4.843452,47.261796488453214,42.79327907683677,0.36262412703042873,0.502677857875824
4.903748,47.54110009664477,42.79714591277395,0.2923920688975503,0.4464159309864044
4.943934,47.96200798862161,42.96170926559217,0.2233689346972168,0.47453123331069946
5.004408,48.178564596720314,43.087600267873114,0.14969481514817265,0.48057419061660767
5.044727,48.58489100934882,43.03706000122441,0.11641298508752812,0.5419186949729919
5.105107,48.80233316024056,43.226492143400606,0.0660182683266995,0.7392156720161438
5.14549,48.96406816222344,43.433641944388604,0.05863828245258841,0.6942963600158691
5.206123,49.403554328358766,43.352292139196244,0.11836337082756122,0.5679557919502258
5.246492,49.60075303136903,43.41985238793338,0.18145569422429264,0.5378597974777222
5.307056,49.953552730443484,43.48054150969523,0.2456714359994035,0.5469790101051331
5.347346,50.14194404877552,43.511720221369345,0.3092978801901989,0.48901739716529846
5.407709,50.44324614600484,43.63364863752009,0.39231173263675795,0.47434908151626587
5.447049,50.69784993512123,43.72838508588526,0.4797943089974338,0.4805469512939453
5.507515,50.97012760398737,43.81168482847047,0.5648468085430777,0.5017211437225342
5.547791,51.299712609068514,44.002342900978,0.6494853345569249,0.4762490391731262
5.607252,51.473714373695486,44.17685607906149,0.7322801954167019,0.4828603267669678
5.647471,51.659146985981586,44.240001974359515,0.8049805591520851,0.5594844818115234
5.70802,51.98853904539851,44.52067984127798,0.8785228716565393,0.5348162651062012
5.748374,52.116161382256976,44.726704437760546,0.9469346238145885,0.5665250420570374
5.78872,52.32808288995778,44.82070609153623,1.0029286076804922,0.6391337513923645
5.849219,52.54867840466653,45.065448633438386,1.0490772494778526,0.6399769186973572
5.889426,52.68812303584124,45.324027487829674,1.0785319276638639,0.6885544657707214
5.950085,52.845001339713804,45.600135155863725,1.114146333155095,0.7024657726287842
5.990516,53.02199905668127,45.89138886488888,1.1429097281760123,0.7382559180259705
6.050229,53.0851375507329,46.11790241384952,1.1684249828488786,0.7084456086158752
6.090734,53.19971351712692,46.302823330823195,1.1928188236171726,0.7516190409660339
6.151336,53.350152300189194,46.673444568132574,1.2136761743347078,0.7447739243507385
6.191705,53.52309351605667,47.053260621931074,1.2440433606418861,0.7447385787963867
6.251274,53.57295189709225,47.32774720755475,1.2626491033931082,0.7146463990211487
6.291557,53.7201775718895,47.633468139471894,1.2800467306318555,0.7725709080696106
6.351995,53.89294986981254,47.955715236750706,1.2864492685490558,0.7941228747367859
6.392242,54.00330676283635,48.18604285120516,1.2835425181622484,0.7822672128677368
6.452863,54.10881599202105,48.53354158307742,1.2723007530391501,0.777260959148407
6.492241,54.205093479508804,48.71231434981672,1.2537276519418779,0.7724671363830566
6.552862,54.39939977602743,49.0381102617001,1.2276206350609902,0.6988193988800049
6.592208,54.51631143868769,49.286489874263864,1.1777469412717747,0.6671092510223389
6.652879,54.62229223622545,49.67218177002756,1.1369689232028928,0.6803613305091858
6.693262,54.74636848139959,49.914079185621816,1.10062554513478,0.7214754819869995
6.753797,54.894584022068265,50.144842564489004,1.067981670664591,0.7026826739311218
6.813426,55.037103327810634,50.51768449641986,1.0419992177640718,0.7179220914840698
6.853719,55.18027164084499,50.73698148319777,1.0084280071906653,0.7689381837844849
6.914131,55.37178391457349,51.135595838414034,0.9882204615693789,0.7265501022338867
6.9545,55.555019094240805,51.415279786566956,0.9684960522228903,0.7798541188240051
6.995377,55.691493868744075,51.70456696097274,0.955100053771652,0.767034649848938
7.054801,55.766931897900484,51.9554983079451,0.9543037496795588,0.7670669555664062
7.114811,55.97798790056849,52.09040513190476,0.9565226937867157,0.7578609585762024
7.154345,56.16890621349975,52.43816615563099,0.9763045050345974,0.7559500336647034
7.21489,56.32392488640004,52.655437462298636,0.9973036137921419,0.6497832536697388
7.255434,56.38287929056185,52.95382600927345,1.0443376799531259,0.6007924675941467
7.295759,56.61046450282825,53.13956827400134,1.0938456095764526,0.5553773045539856
7.355296,56.68330494635729,53.28368433999145,1.1599758240616231,0.5422487854957581
7.395553,56.93763466124374,53.52021500849179,1.2177160232214304,0.5168627500534058
7.455904,56.96785459346005,53.86809605590093,1.2865244113351324,0.5588633418083191
7.496224,57.132570596183605,54.05165376226561,1.349693466332568,0.5101558566093445
7.556819,57.0846126144884,54.27415414667807,1.432262963161618,0.4544447958469391
7.596245,57.18067313209303,54.52149655008861,1.504350347308476,0.4747374355792999
7.656761,57.17072893070676,54.83170073010981,1.5773024947619307,0.47560471296310425
7.697017,57.071846332193545,55.10123714153004,1.6596687667121004,0.5257717967033386
7.75761,57.25589321105998,55.26682808470161,1.7344839704893449,0.4880324602127075
7.797669,57.29130041089752,55.80873227354947,1.8150970699041247,0.46385443210601807
7.8582,57.20055507395724,55.798298327474974,1.8824738846972717,0.48398950695991516
7.898561,57.07561362518756,56.090043040892375,1.9685831485676468,0.49896010756492615
7.958462,56.98379490247092,56.25811519527543,2.053145643953519,0.46884971857070923
7.998827,56.83715628242334,56.54730439223576,2.140555639333922,0.5039770007133484
8.058308,56.72733621560538,56.76852273145594,2.2213070942677966,0.5104299783706665
8.098689,56.43191178496402,57.00008869081801,2.312350772799151,0.5112141966819763
8.159285,56.424472870607296,57.14607183232106,2.39331060139334,0.48744240403175354
8.199586,56.04988504858003,57.21228194878567,2.4879820563461745,0.48610880970954895
8.260093,55.948819079434465,57.550852310938794,2.5756992499815032,0.5192419290542603
8.300511,55.77056207371405,57.57639550395729,2.651058392503746,0.5081464648246765
8.360928,55.61281037751145,57.92274744355866,2.7465821049559667,0.5351006388664246
8.401134,55.29777131494769,57.88438127368078,2.8358449812423125,0.4472246766090393
8.441386,55.20854677394417,58.095563230688796,2.914961108102338,0.550685703754425
8.50186,54.774201579550336,58.00540173680945,2.9982612679326124,0.4971213936805725
8.542201,54.62979044006502,58.19992310017969,3.10001515265642,0.5044174194335938
8.602643,54.5896834029097,58.20723490602533,-3.089345319637681,0.5240394473075867
8.643045,54.21147086429089,58.31128561138476,-2.9956784624009045,0.5300853848457336
8.703659,53.868928525153855,58.140292537469094,-2.9160892806796075,0.49450358748435974
8.743957,53.66564806049785,57.93179303494462,-2.8510968263274625,0.44363540410995483
8.803465,53.397079989772934,58.138941956852044,-2.719372473344142,0.46003490686416626
8.843736,53.166300396081795,58.19879568735134,-2.621922207393729,0.4952094554901123
8.904255,52.93765222547836,57.90501063710672,-2.55162159880753,0.5098410248756409
8.94441,52.57288926571582,57.867079704172745,-2.472150188639211,0.46123093366622925
9.004883,52.38695805283507,57.565711552556394,-2.3899248439117535,0.46479159593582153
9.045671,52.14606540096334,57.638116435367984,-2.2801590507191523,0.4980177879333496
9.105645,51.861092481803524,57.4331040052164,-2.2042824151368756,0.5284313559532166
9.146052,51.78541295288733,57.134595469877674,-2.1451853890226937,0.48739972710609436
9.205671,51.53438355037874,56.835883917501334,-2.0699700765410656,0.4709942936897278
9.246025,51.298312657695455,56.706856904454845,-1.9747756857192935,0.4908299744129181
9.305421,51.21511541392684,56.44079769675244,-1.9124779020881366,0.4869404435157776
9.345767,51.09469448209696,56.15895646744458,-1.8479384139568822,0.49825823307037354
9.406209,50.96855866122247,56.008874737547885,-1.7901891779942172,0.5297359228134155
9.446615,50.824669886623845,55.71666821312069,-1.7562903972684385,0.6532022953033447
9.506135,50.78447887947176,55.52072936449114,-1.7358056572008722,0.7142067551612854
9.546566,50.7350028953141,55.27874931207721,-1.7312544526442468,0.7368617653846741
9.606216,50.59963672703842,54.98738792778261,-1.7219014072866847,0.7740882635116577
9.666743,50.625243833034794,54.65960065833841,-1.7317075840452694,0.7666515707969666
9.70717,50.538892080119986,54.42221621325294,-1.7284949920337802,0.7918660044670105
9.767655,50.47044915494027,54.076987770714524,-1.7312467175819197,0.7914122343063354
9.80801,50.523440191103,53.840802842256636,-1.7433494299300156,0.7880228161811829
9.867517,50.41271329669867,53.483265438820894,-1.7425252995416691,0.8007923364639282
9.907721,50.426384395348265,53.13107968120682,-1.75267299021399,0.7375054359436035
9.968266,50.238748860809665,52.77313942188141,-1.751728036266563,0.7922226786613464
10.008568,50.11734405909761,52.41229418287947,-1.7653464143057205,0.767116904258728
10.069376,50.10250028293433,52.15841094175739,-1.7770886164656647,0.7260849475860596
10.10987,50.03442440741183,51.813044275537074,-1.7977654603410829,0.7657535076141357
10.170481,49.96029440962197,51.470528850865136,-1.8168753774362594,0.7511029243469238
10.210871,49.77282152519791,51.027463466978496,-1.8346888384099858,0.7100250124931335
10.271416,49.61145895237714,50.678137610152376,-1.8617619407278303,0.7014603614807129
10.311642,49.50244916105192,50.33707513566419,-1.8908381571115787,0.6311582922935486
10.371994,49.39852055948739,49.97059450646201,-1.9216738845655226,0.6649599671363831
10.411359,49.231769952409614,49.62258925289142,-1.9583616141478282,0.6253679394721985
10.472,48.94886042390838,49.222860651568816,-1.996807709146594,0.6261405348777771
10.511502,48.854568497431885,48.98133890208657,-2.0384824412094815,0.5636582374572754
10.572043,48.73920145724436,48.68660960058018,-2.086314036330416,0.5486862659454346
10.611424,48.45675585044698,48.274585382852486,-2.143161069402413,0.5879876017570496
10.672017,48.32131069738439,48.040258493809446,-2.1955793502962413,0.5770707130432129
10.731624,47.9947613973383,47.69948640897696,-2.254524779755723,0.563161313533783
10.771967,47.811741958036656,47.450345710354405,-2.314943815060067,0.5791088938713074
10.831627,47.640812532301936,47.17858948175176,-2.3633541095911093,0.564523458480835
10.871895,47.43151478541312,46.94211236354996,-2.421759909107502,0.5050632357597351
10.932354,47.342968168795245,46.58228965807897,-2.4824234237383656,0.41627952456474304
10.972807,47.205525620450835,46.239231687248335,-2.5856345571101818,0.3826631009578705
11.032342,47.05338081811542,45.89138538038114,-2.698295186010073,0.3375379145145416
11.072774,46.90332783977892,45.63388323798481,-2.828481492102722,0.3169594407081604
11.132327,46.73616768827176,45.32170021511225,-2.963124006834347,0.2991483509540558
11.172761,46.712984801027616,44.77867198905072,-3.0998652435115126,0.2542978823184967
11.232378,46.58903493149382,44.479078294318356,3.0426849713511124,0.2537336051464081
11.292973,45.88582462334657,43.79410345269489,2.87219723730295,0.19814561307430267
11.332317,45.93985018561928,43.997060496272724,2.716572134487616,0.20642103254795074
11.392756,46.01012820447595,44.22887817224165,2.5910344377681565,0.2712346613407135
11.433009,45.643311920579286,44.19341361516295,2.4523354758640843,0.23140569031238556
11.493473,44.742304445507294,44.29275471973906,2.2991898642733246,0.256998747587204
11.533766,44.40319421397327,45.03934798686938,2.1578031841420087,0.5052362084388733
11.593387,44.392026388764265,45.123854571194826,2.102287434272544,0.5827538967132568
11.633701,44.415267277107326,45.222513042839026,2.052546971723939,0.7516195178031921
11.693141,44.22996031738257,45.319315783903356,2.0488399710625784,0.7763466238975525
11.733617,43.99162322492257,45.545093241515545,2.084979057985941,0.600659191608429
11.793193,43.972698328485365,45.75838576959176,2.1298929534641395,0.5467273592948914
11.833619,43.98914452708471,45.951542883463894,2.181344327194248,0.5238012671470642
11.873972,43.795830514702615,46.003151137756,2.235325482827718,0.5051703453063965
11.93444,43.73998307854918,46.160291169050225,2.2681936298862677,0.5339305996894836
11.97479,43.54778607900378,46.16932162731537,2.3081988856834816,0.5445898771286011
12.035413,43.77932163152063,46.1580304133507,2.2945634805926356,0.5608281493186951
12.075831,43.583873108272826,46.187117639011966,2.3328638206141736,0.5492950081825256
12.137027,43.05375855972473,46.55520309126047,2.4058931227205727,0.5582877993583679
12.176475,42.93925175025032,46.658536862910594,2.4351842258578347,0.5256965756416321
12.236937,42.823694839708025,46.82720083685666,2.472790608757448,0.5389941334724426
12.27624,42.644605716295,46.92066015170172,2.5119234908934427,0.5316143035888672
12.336691,42.48065286430933,47.07900529395795,2.540500380811246,0.5088948607444763
12.376909,42.512405424598,47.19414700834545,2.570176502317321,0.49940815567970276
12.437251,42.21691373935092,47.42263469637365,2.6189453509733815,0.4954248368740082
12.477635,42.414314873058615,47.41305948513017,2.6028152838056937,0.4828066825866699
12.537166,42.169484027022655,47.53126370985161,2.640692022248541,0.48200783133506775
12.57749,41.99194001075616,47.6312887721412,2.6813167296582967,0.49132102727890015
12.617933,41.52385836061815,47.774180961351846,2.780840821677465,0.47661250829696655
12.678491,41.56727218731846,47.822314599261595,2.778729239745033,0.46712684631347656
12.718933,41.34462342984622,47.86869749234258,2.8443463935188342,0.45766833424568176
12.779487,41.244900936330794,47.990004949411976,2.9073162995332815,0.45190712809562683
12.819806,40.927205908398555,48.056307096921145,2.979678538529237,0.4252431392669678
12.879337,40.71489814307215,48.1341805130879,3.0516424377793845,0.47274044156074524
12.919705,40.40714812486325,48.22690138611436,3.1180667380229954,0.4525144696235657
12.979145,40.03665062045606,48.25035829940225,-3.0821374777241526,0.4197792112827301
13.019633,39.867817493084566,48.26293626113783,-3.008881436911718,0.4955635964870453
13.079126,39.61840609758339,48.20752939122321,-2.9321614704978822,0.4764758050441742
13.11956,39.40011219273029,48.068774434876154,-2.8481995389428363,0.5085784196853638
13.180044,39.06268833599722,47.91742056911706,-2.7734336221290534,0.564985990524292
13.22038,38.74583505627511,47.78865125818555,-2.720021593548825,0.6110140085220337
13.280933,38.48397547825797,47.7710097622525,-2.6888964299987874,0.628150463104248
13.320281,38.20750306317137,47.453261469092865,-2.6411081089858466,0.6420106291770935
13.380749,37.996757876717595,47.33381466157237,-2.5931438937961837,0.608792245388031
13.420968,37.731715385058735,47.20136445086526,-2.558610889154968,0.6285253763198853
13.480457,37.41611028633805,47.03866313808972,-2.51987745878062,0.6512574553489685
13.520808,37.14839041202738,46.940677824931946,-2.480946965320058,0.6047845482826233
13.58028,36.94588692121968,46.71503775650852,-2.438093492061078,0.6053652167320251
13.620625,36.680070529273365,46.52270403850458,-2.3938662314024755,0.607713520526886
13.680112,36.40975844580215,46.20560158847589,-2.349225771923604,0.6001508235931396
13.720446,36.158782497561745,45.93776232092354,-2.2972514655741,0.6232821345329285
13.780958,35.95742626966072,45.77066654294702,-2.255411526772856,0.5879582166671753
13.820239,35.72840663018666,45.43181175922787,-2.203071405502705,0.6126182079315186
13.880574,35.59019306547486,45.228377143143256,-2.1550712822229077,0.5773711800575256
13.920895,35.340150564418316,44.86272905938339,-2.0935031274683,0.5519968867301941
13.961311,35.120129325906724,44.59188980199649,-2.0372531231509043,0.5598905086517334
14.021838,34.96258139836259,44.304136372604034,-1.9871482251234764,0.5517120361328125
14.061149,34.808620034447685,44.02361990075393,-1.933196598585012,0.543601930141449
14.121875,34.707909123746326,43.58571754798336,-1.86642706746083,0.5425754189491272
14.162182,34.5477914288764,43.34033963271001,-1.803753324524575,0.5030662417411804
14.222698,34.423108623084545,42.90579828455155,-1.7502944523700048,0.5252749919891357
14.262994,34.33327536154159,42.66001431431916,-1.7015529015661308,0.541653573513031
14.322469,34.227175810026836,42.25360739993112,-1.6410419057217562,0.509972333908081
14.362763,34.24260773925265,41.88181265009193,-1.5768196514229518,0.4938235282897949
14.42314,34.15091970242038,41.735549941067575,-1.5189422331486655,0.49810707569122314
14.4635,34.17411891119337,41.136252096622506,-1.4555305143401205,0.546502411365509
14.524022,34.134468391013996,40.74397778089431,-1.4044426398448102,0.564667284488678
14.564313,34.21215383625885,40.355840424619714,-1.3487666738870026,0.5858772993087769
14.624729,34.250708679404795,39.99712713169589,-1.2884492683079518,0.630975067615509
14.665025,34.273830237817066,39.68123131416455,-1.2339897313869534,0.5797452926635742
14.725487,34.40083880871298,39.15511900835055,-1.179814625595098,0.6590195894241333
14.765857,34.56935672224198,38.74373123842925,-1.131101227876886,0.6022502779960632
14.825393,34.688005634880604,38.46374959595728,-1.0809409980995315,0.633452832698822
14.865672,34.96715152298839,38.083174199597785,-1.018309342497179,0.6204461455345154
14.925121,34.97364553405381,37.6335978808727,-0.9752091672068836,0.6525706052780151
14.96545,35.40242411903109,37.19255757719836,-0.91360255964847,0.6870007514953613
15.02583,35.635061739440154,36.82826619890393,-0.8610613116356208,0.6798349022865295
15.06519,35.850806416706654,36.58670052791959,-0.7989211473384742,0.584541916847229
15.126561,36.055169866303785,36.28994163822191,-0.7191995698945165,0.5652173757553101
15.16595,36.32567428317587,35.95977989166066,-0.6301571998483144,0.6109891533851624
15.22544,36.56686807440921,35.7352385032011,-0.5479851067481684,0.5472233891487122
15.265697,36.827415574691045,35.51414295400394,-0.45559493275026114,0.5058167576789856
15.325086,36.998018111635986,35.400074824179036,-0.3649608284920528,0.49185091257095337
15.365421,37.269385148146206,35.2007602340201,-0.25993043421665446,0.4922444522380829
15.425744,37.583194218639754,34.89566207207724,-0.13974270397342237,0.47646379470825195
15.465036,37.889302237681086,34.82181178363989,-0.027645801829932204,0.529909074306488
15.525414,38.13484537701065,34.69445491905085,0.08910151098036712,0.5130488872528076
15.565766,38.43228462283088,34.62894193214175,0.19825614141839099,0.4560421109199524
15.626296,38.7010797582239,34.5651881774652,0.30649511810091346,0.48484161496162415
15.666689,38.89935129135097,34.573595868734266,0.3975116895152806,0.5093681812286377
15.727023,39.169916033162316,34.50609732651179,0.4904040633018328,0.5324225425720215
15.767424,39.45201554624279,34.55281403422634,0.5666548824397896,0.5871073603630066
15.828075,39.70000578727557,34.70501854857878,0.6273421566418957,0.5820105671882629
15.868323,40.032884549239064,34.680943105032775,0.6937996895395747,0.556926429271698
15.928789,40.25778436865589,34.74988934547277,0.7457288327566682,0.6662280559539795
15.969054,40.526645885128445,34.89122758443478,0.7768880454387074,0.6982555985450745
16.029588,40.69221605493675,35.0491400633548,0.7943399182814965,0.6729339361190796
16.069983,40.94422208906714,35.12749226511267,0.8103829288736982,0.7167900204658508
16.129808,41.241941483902394,35.33690430378029,0.8121153944197026,0.6995859146118164
16.169224,41.38632512064395,35.559594618913614,0.8040382441133611,0.7555091977119446
16.229851,41.469845236809505,35.77710137787915,0.8019819666947222,0.7098889350891113
16.270036,41.68130895868432,36.02325771399529,0.8122660861574279,0.6599220633506775
16.32957,41.84863195265752,36.26477066348153,0.8369653584527613,0.7186614871025085
16.369799,42.08372656140697,36.49444269312681,0.8610384193878936,0.7259711623191833
16.430127,42.33216243395965,36.70760881768655,0.8967812510585981,0.6471641659736633
16.470574,42.51026429669049,37.04141568777688,0.9241676704621377,0.6488466262817383
16.531088,42.66835436631347,37.27781077282567,0.952241444051726,0.7055526971817017
16.571432,42.98262158001224,37.44316222439312,0.9836433095674609,0.6889676451683044
16.632045,43.11686364992146,37.75929527498722,1.0089365987388965,0.6541199684143066
16.671328,43.313370710198576,37.97334038341763,1.022111036735401,0.6878020763397217
16.731888,43.50201002918544,38.32726931674589,1.0427407742982149,0.7326300740242004
16.772221,43.74370935402596,38.592083412972976,1.0565840458112723,0.6904494166374207
16.832809,43.88812431317471,38.789871176937446,1.057992089659406,0.6950458884239197
16.872035,44.15643164172806,39.12449874419104,1.054437099499237,0.6786274313926697
16.932694,44.376718417913295,39.40109345911075,1.04342147285257,0.7157155275344849
16.972941,44.52002664764197,39.692849619230614,1.0258825336814261,0.7018308639526367
17.032543,44.76122590382511,39.919031049034274,1.0093182373589094,0.6269832849502563
17.072838,44.93553189771283,40.13189421990528,0.9844639494230666,0.6036397814750671
17.133314,45.02978646573802,40.381499888674824,0.9515286813843336,0.5645276308059692
17.173647,45.28384168533026,40.727150482537986,0.9129207992490536,0.6006593704223633
17.233156,45.53253476211449,40.9357218010874,0.8746855820848883,0.5971091985702515
17.293768,45.71372151900405,41.163559644503195,0.847715479562585,0.4762573540210724
17.333277,45.8598094844002,41.46005060016451,0.7991224044581152,0.4633902907371521
17.393725,46.08498798984078,41.64212980025919,0.7264087902702567,0.4186939597129822
17.43399,46.25488263958935,42.03972173890678,0.5653785340894335,0.4302554130554199
17.494535,46.41679463244865,42.08339563429435,0.47889001999442354,0.4397618770599365
17.534954,46.80985952344958,42.21433745745311,0.4031158892372004,0.42599254846572876
17.595455,47.00676064820034,42.296521464635006,0.3337200882238455,0.4127320945262909
17.63573,47.15633148129711,42.414736996459276,0.24874389249140627,0.46296176314353943
17.696221,47.663770572659175,42.52158383026689,0.21082412433649905,0.5425463914871216
17.736547,47.89368466306613,42.617881470192934,0.17222605690261064,0.6491910219192505
17.797074,47.99878140076434,42.728842912398754,0.14398261997943448,0.7533928751945496
17.838049,48.29634269341985,42.87929957456102,0.14607870267754208,0.7762498259544373
17.897415,48.56213336752023,42.959150043549606,0.15999318311653332,0.7242352962493896
17.937606,48.84075777605662,43.06579888565691,0.19356203767986588,0.6138076186180115
17.997153,48.98874059217749,43.10161150748275,0.23724096387906776,0.5952490568161011
18.037492,49.201793840070366,43.076433054548694,0.29024701295585736,0.6144941449165344
18.098001,49.51200116006831,43.18175608660701,0.34943887804973767,0.5967586040496826
18.137414,49.82522860277025,43.279852318291745,0.4076219769947149,0.49269530177116394
18.177741,50.1482013785003,43.348940343967364,0.4809377963901317,0.5031501054763794
18.238258,50.32342437588323,43.41467875332021,0.5453903004821351,0.5190011858940125
18.278669,50.53044017573307,43.623945815264435,0.6130054776516848,0.5178104639053345
18.338147,50.8599012605716,43.7761424283699,0.6879834470271355,0.5073460936546326
18.378413,51.10105760413275,43.94157776817462,0.7388446063613407,0.6361596584320068
18.438997,51.3433569076367,44.086754095801965,0.7675501367072111,0.7466306090354919
18.478336,51.60446593234693,44.278355793433164,0.7901193463894656,0.737555742263794
18.538938,51.815150560259816,44.523839378249846,0.807680618182322,0.7454720139503479
18.579281,52.04879720936574,44.80783681840327,0.8315933747233144,0.720601499080658
18.639212,52.24535600441977,45.00758065607049,0.8747456412445695,0.6845714449882507
18.679574,52.47618540493231,45.27330824241147,0.9077902552301986,0.655394971370697
18.739071,52.679251172332506,45.56026278308564,0.9484226561882569,0.620505154132843
18.779368,52.74520671033055,45.76965965779671,0.9974517527328304,0.5645594596862793
18.840181,53.06316240208715,46.08135087013453,1.0607484528526578,0.6046722531318665
18.879509,53.18645731012679,46.36365138629857,1.1109267016092754,0.6085631847381592
18.939393,53.447812743633996,46.70196780549086,1.172994319787817,0.6686216592788696
18.97997,53.635699867314806,47.034318379841096,1.218112546495517,0.6559656262397766
19.039776,53.7683627757037,47.37589872855509,1.2577935379501994,0.7187597751617432
19.080324,53.91305092113502,47.67645128700227,1.28372585272336,0.7170541286468506
19.14098,53.99704088885433,47.95194462644667,1.2969654510450797,0.7516545653343201
19.180394,54.18092790011325,48.34071906888117,1.2971947835084252,0.7419294714927673
19.240947,54.33937778009509,48.6614915456021,1.2914406150472955,0.7578482031822205
19.280361,54.40997789736819,48.95949775104099,1.2852640316508568,0.731677770614624
19.340916,54.56089273747073,49.33111462214746,1.2644406548996772,0.7463235259056091
19.38116,54.665416980864755,49.687343826117655,1.2374213593039176,0.7415803074836731
19.441528,54.79104085884113,49.93110819323928,1.2068720987386468,0.677862286567688
19.481935,54.923764625231485,50.308454229978594,1.1652547660778647,0.6611477732658386
19.541587,55.14007250165635,50.640106455721444,1.117829640438998,0.626201331615448
19.581838,55.27731542946186,50.95966126712829,1.066731107444439,0.6844779849052429
19.64134,55.440837624067825,51.26721063124026,1.024511582590139,0.6820821166038513
19.681818,55.57642533086308,51.62800160129668,0.9826316744167117,0.6576005816459656
19.741346,55.7934518311708,51.95379858989137,0.9314398795537254,0.7123692631721497
19.781728,55.98029904633166,52.30839101517789,0.8996650416045633,0.7566158175468445
19.842313,55.960290205267874,52.628091705613855,0.8904231798885947,0.7802656292915344
19.882632,56.139388988734716,52.919816043498955,0.8945869141610199,0.7323604822158813
19.943096,56.2760588982433,53.20188740178759,0.9151550198551903,0.595274031162262
19.983499,56.39273982490085,53.4453849651924,0.970856717590213,0.4968070089817047
20.023737,56.660959894572656,53.763230050429804,1.0519651048103456,0.45457345247268677
20.083271,56.85701230755928,53.658612598845394,1.1321343392227539,0.4720035493373871
20.12363,56.99970090158393,54.0492809367489,1.2249579292871726,0.47250524163246155
20.183922,57.02568033599302,54.24443945996224,1.3256461958867933,0.4128253757953644
20.223314,57.1272158193204,54.642038956265374,1.4168341344037834,0.4155481159687042
20.28387,57.227343345716456,54.85821503774304,1.511944053369466,0.4344467520713806
20.324231,57.38208206035646,55.10892845811507,1.6118569782162169,0.4050540030002594
20.384631,57.39305997678636,55.41113875004517,1.7037187229520072,0.4359477162361145
20.424911,57.400465960772415,55.72564766928746,1.7969451346780552,0.4656813442707062
20.485854,57.23523040607863,55.857033527981876,1.8863053262239617,0.4461161494255066
20.526289,57.2428520639168,56.215767941107636,1.9743403949162683,0.47075244784355164
20.586775,57.18256625356577,56.46929449324791,2.065502571486853,0.4805668890476227
20.62624,57.08634619475412,56.809919983763514,2.153225884010622,0.480842262506485
20.666589,56.83616929891508,57.01428202519256,2.2442511265393823,0.5107734203338623
20.726444,56.74840459042193,57.26300422568113,2.3258992277225645,0.5129696726799011
20.766823,56.60540747319481,57.47164549231455,2.4052526428383025,0.5626178979873657
20.826408,56.33890945734105,57.599831848033645,2.4839543351353885,0.5427675247192383
20.866768,56.23222138215428,57.76075096333081,2.561014620806313,0.5700980424880981
20.92731,55.99315967771747,58.11993521064646,2.6437076773563986,0.5062140822410583
20.967696,55.900566016094345,58.23127521133411,2.715653800970069,0.5629826188087463
21.027497,55.752407260729356,58.35356762502936,2.792084433539713,0.5805672407150269
21.067972,55.33741226942711,58.65074413200585,2.8790835791405964,0.5574854016304016
21.12755,55.0749284948895,58.688447629296306,2.9618101254752123,0.5213913917541504
21.16776,54.828906162511515,58.753538104976826,3.046811568163727,0.5632001757621765
21.228224,54.63134042278721,58.78647817603941,3.125490949688308,0.5749180316925049
21.268543,54.35610762626583,58.85449028245919,-3.0714377175736822,0.5322868227958679
21.32896,54.01050906689085,58.80407693024845,-2.9903552993198783,0.5297312140464783
21.368316,53.7332605237054,58.85078523229696,-2.9106337218759206,0.520969808101654
21.428619,53.42261423019143,58.82893557909772,-2.840259602331371,0.5214215517044067
21.469092,53.13025147561896,58.66156753363012,-2.7666030281772316,0.5178247690200806
21.529608,52.89870461091378,58.76100743260632,-2.686826157584302,0.501130998134613
21.569932,52.70744428540194,58.635097075530915,-2.609125678563147,0.5262042284011841
21.629555,52.46685704932646,58.39220995247187,-2.5445976536326516,0.5375075340270996
21.669919,52.29543561049134,58.20069313139158,-2.472449026660207,0.4954821467399597
21.729507,52.01989121849043,58.19813993799063,-2.376762660526817,0.5098265409469604
21.769891,51.69725809335808,58.05848605783363,-2.2930517763810596,0.535220742225647
21.810315,51.53234143151396,57.8798124633519,-2.2258626118328175,0.515341579914093
21.870842,51.346790454612744,57.514993840708975,-2.1505799470535605,0.5081670880317688
21.910028,51.12020788381073,57.35275478206376,-2.065369823248022,0.4788755178451538
21.970426,51.02390492430626,57.18520513548438,-1.9715802702872007,0.4680754840373993
22.010652,50.76823683859239,56.858227696448104,-1.896585604028854,0.4568469822406769
22.070117,50.71708166550155,56.58974287585328,-1.8341489148167083,0.47930869460105896
22.110402,50.51237544055142,56.429523526679006,-1.7513412577360816,0.4411469101905823
22.170917,50.38592105070844,56.28538077056418,-1.6567438707574624,0.4791228175163269
22.211261,50.51477297438817,55.7871929441439,-1.6262266099759923,0.5591280460357666
22.271785,50.417556453741156,55.59678710870597,-1.5839392326181676,0.5921363234519958
22.312007,50.36297846891757,55.42542451698393,-1.5656457708967662,0.6724938750267029
22.372416,50.303700263278174,55.19803923554522,-1.5486337357294107,0.7695667147636414
22.412655,50.349729413648205,54.96866686115329,-1.5576861323726745,0.7826301455497742
22.472137,50.27995800491991,54.661169015567765,-1.5563197127689756,0.782694399356842
22.512584,50.229725093684664,54.339933105109814,-1.5676691632559419,0.7686464786529541
22.573025,50.30780463924049,54.05857839354696,-1.5897087191818255,0.7700707316398621
22.613414,50.2717867955095,53.64060549896932,-1.6069591576214226,0.765053391456604
22.674017,50.24198590819102,53.448478925263856,-1.6222953402811437,0.7354089021682739
22.733603,50.10172527048883,53.014431093632794,-1.642929831468931,0.7264317870140076
22.773981,50.12438989041545,52.74687026187932,-1.6635211623039434,0.7327039241790771
22.833591,50.09875232398416,52.35345528251594,-1.6914804911921477,0.7181947231292725
22.874045,50.166208840438635,52.1146729354298,-1.71560208929309,0.6994472146034241
22.933546,50.08723478872102,51.745774752526565,-1.7324743374018285,0.6762906312942505
22.97386,49.89329494443982,51.34858681639689,-1.7702093349246444,0.6493089199066162
23.033479,49.964931179463825,51.04319542721104,-1.8128927855499148,0.6092463731765747
23.073936,49.7283018671454,50.6116245467559,-1.8390367034471413,0.6440436840057373
23.134487,49.63056450234926,50.22379066875873,-1.8746038079837455,0.5906236171722412
23.174969,49.507261318321795,49.93625273109452,-1.9240699029975208,0.5988357663154602
23.234501,49.383895691971524,49.560660142736126,-1.9678785723491017,0.6272462010383606
23.274817,49.1444819022844,49.15238095209822,-2.012695563221782,0.5671841502189636
23.334337,49.02390159654957,48.90291923061004,-2.063103702465563,0.5785903334617615
23.374727,48.8266481797454,48.53483886367713,-2.114299502340388,0.5597459673881531
23.435146,48.5633981541591,48.161180464538795,-2.1631782589153845,0.5598534345626831
23.475452,48.47480842715712,47.929782484101025,-2.2121579266696916,0.5957356691360474
23.536026,48.2091850363139,47.63205462494177,-2.2695661019292652,0.5775981545448303
23.575434,47.948513232916476,47.329631475164014,-2.3246518451783866,0.5696102976799011
23.635998,47.66074859348225,47.032469027914225,-2.381758663020333,0.6023364663124084
23.675456,47.46568185381234,46.85791607934482,-2.4337822649288623,0.5704382061958313
23.736003,47.3364979374279,46.54646860276537,-2.4831985314586493,0.4584807753562927
23.775462,47.18652352587893,46.21803064573016,-2.5529909174648875,0.3946053087711334
23.835988,46.92226648845437,45.913526218176635,-2.669381593772608,0.34954315423965454
23.875388,46.676487645476435,45.8930385191088,-2.8063797711022636,0.32341843843460083
23.935793,46.660678821621445,45.503890534317705,-2.9235911213485193,0.323018342256546
23.976229,46.65220847993844,45.23161321032514,-3.052469136354392,0.30078834295272827
24.036668,46.614828301987316,44.70057814248087,3.125939244214482,0.2932245135307312
24.077077,46.54344499550795,44.49603373280133,3.0090368244534207,0.2616540491580963
24.13756,45.99076600416543,44.663023403806626,2.85241424918926,0.3058415949344635
24.177863,45.54749579017714,44.741054472758364,2.7247645331822827,0.33818963170051575
24.238521,45.28427597539886,44.70375863742239,2.6011747933508573,0.3432513177394867
24.278907,44.94796500958825,44.73808744948183,2.48992815194843,0.31632566452026367
24.339469,44.565669049289966,45.102415365508755,2.377028531580263,0.32156863808631897
24.379719,44.088394915483,45.122127843395035,2.2301650964271076,0.40063712000846863
24.44016,44.15289110656122,45.07691688013366,2.1143373014760853,0.506925106048584
24.480462,43.93980744883471,45.307515820900385,2.0752347317444197,0.6093314290046692
24.541014,43.822681835998786,45.479032237242045,2.0429778676830423,0.6299005746841431
24.580385,43.546079970428124,45.74918481408367,2.030705626154356,0.8275958299636841
24.640906,43.38044200023398,46.09812412410208,2.0624854268654293,0.561637282371521
24.6812,43.197905998456285,46.28379930334538,2.1154434534817144,0.5148707032203674
24.742048,43.222115682639206,46.603925469480416,2.1800818874202097,0.4360029697418213
24.781443,43.025193639331775,46.7892252890076,2.244482995143016,0.3954518437385559
24.821818,42.59815068820397,46.43918413955995,2.298930364004589,0.42557287216186523
24.881313,42.217794763879795,46.523432275090265,2.393598612375022,0.38852858543395996
24.921533,42.97494494037415,46.85528403251885,2.359008357294854,0.42187821865081787
24.982003,42.72915850339245,46.9244767767085,2.4289125095084927,0.3932742476463318
25.021345,42.34193213486388,47.318481965055426,2.5679611917322154,0.3894840180873871
25.082064,42.16793300597498,47.438073441560505,2.64315214567405,0.41085001826286316
25.121404,42.079826761396625,47.603971616356866,2.7169236520428597,0.4217986762523651
25.181992,41.714897606407526,47.68594029379409,2.8030914638361644,0.4312078654766083
25.221497,41.593449763601754,47.69241673590664,2.8764063950233103,0.4327966868877411
25.26191,41.601485472801336,47.87470526636488,2.8772399026627378,0.44648921489715576
25.322479,41.2586760801845,48.08547410469669,2.9497790944098403,0.430720716714859
25.362833,40.99696274768164,48.08781602002671,3.034288338743284,0.42468690872192383
25.422215,40.770070624381404,48.20386861040031,3.1104582637713936,0.4085734188556671
25.46255,40.57399080004836,48.17236451934079,-3.0862258610545417,0.4266926050186157
25.522152,40.34785566590418,48.10113272161932,-2.9975701995585244,0.4738416075706482
25.562497,40.04860688132501,47.955055107093045,-2.9084780554861838,0.4670838415622711
25.622107,39.74798852697244,48.27913287468933,-2.8376769821016303,0.46448686718940735
25.662476,39.464450912866816,48.0729318977548,-2.7481553587025176,0.5116609334945679
25.723029,39.21149184773226,47.79483219143966,-2.6760544749902255,0.5696264505386353
25.763466,38.88439347304696,47.87131733516408,-2.6276253784464694,0.5739692449569702
25.824076,38.70139250606681,47.55089310947274,-2.5691846125953854,0.613608181476593
25.864461,38.36079408226336,47.390823337663576,-2.5260777539018724,0.648298978805542
25.904682,38.15861063214655,47.22365790132278,-2.489738933025426,0.6730219721794128
25.965035,37.88968044237946,46.93990361243253,-2.4585214081302063,0.6999123692512512
26.005369,37.67546508182761,46.79556476481209,-2.4382596391242677,0.6699309945106506
26.065784,37.407452953556295,46.600289682786226,-2.4139143487233143,0.7047861218452454
26.106103,37.14825082844372,46.33424620660224,-2.3900692874350944,0.7069238424301147
26.166595,36.92253314521472,46.227230576153275,-2.380658355073839,0.692980945110321
26.207077,36.68187489487333,45.902238421934854,-2.3586465148713422,0.7416170835494995
26.266628,36.45971829200787,45.687698869076094,-2.3367584092874276,0.6924845576286316
26.307028,36.25744116553846,45.419455187292506,-2.313814302058627,0.6797385811805725
26.366583,36.03198595670862,45.142123757687564,-2.2874543678726473,0.655899167060852
26.406923,35.70746911372658,44.91570591722828,-2.2614604417458115,0.6132130026817322
26.467491,35.610531434510094,44.60265803960854,-2.2187085863453753,0.6195844411849976
26.507836,35.36539294025271,44.37451980340995,-2.1791868243829455,0.6108476519584656
26.567397,35.18169665520644,44.01672049832416,-2.1430787042440187,0.5902138352394104
26.607716,34.91160467695783,43.77757183189962,-2.0886189625485745,0.6040774583816528
26.66711,34.76337007296694,43.42787291946314,-2.0281638659884385,0.531194269657135
26.707472,34.58655846507103,43.15024733737305,-1.9640141375351374,0.5547094941139221
26.767876,34.450945047966485,42.79935229502563,-1.896649656148264,0.5045346617698669
26.808211,34.20834281811241,42.50999491111773,-1.8401602992566228,0.5167985558509827
26.848515,34.13775146883836,42.16543987044837,-1.775549666142812,0.547392725944519
26.90884,33.962744381505374,41.83535495856598,-1.707112512832375,0.4807993471622467
26.949228,33.888431308746455,41.508388292371905,-1.6325159176076722,0.48495903611183167
27.00968,33.75909842166706,41.1513987645903,-1.5697131463445722,0.5330044031143188
27.049979,33.81671152978714,40.818713537797876,-1.5050763652458157,0.548838198184967
27.109293,33.745155028524565,40.46870906442825,-1.448703562718805,0.566589891910553
27.149562,33.69053735642333,40.13861887408245,-1.3881930419625752,0.600516676902771
27.210007,33.763757247913816,39.70174518411933,-1.3276532536606438,0.6239486336708069
27.249335,33.79396508004564,39.22463187791694,-1.2693412004236955,0.5885763168334961
27.309832,33.88334636905614,38.8637503223525,-1.214694909822029,0.6558526158332825
27.349224,33.98341911136827,38.42380958993971,-1.1637878808749853,0.6471831202507019
27.40962,34.08136632203936,38.202382705862064,-1.1238625307725274,0.6819312572479248
27.44984,34.25956406345086,37.743597200217316,-1.0665539165277833,0.6692230701446533
27.510389,34.34399221299963,37.42354235575153,-1.0221730410800354,0.6903979182243347
27.550736,34.6808928409985,36.99254537377544,-0.966133519888646,0.6620154976844788
27.611395,34.92007441314008,36.55268805224225,-0.8943746537691706,0.6349074840545654
27.651793,35.0611924974922,36.31578472180744,-0.8300390640950204,0.6145491600036621
27.711392,35.22206898549255,36.12087244762493,-0.7501383760370831,0.5705735087394714
27.751674,35.449061250344855,35.773907176141385,-0.6467721192749015,0.5447618961334229
27.812193,35.6699310892837,35.505695815336296,-0.5325449828252939,0.5171020030975342
27.852457,35.78805869225816,35.19760955326391,-0.4205557834618192,0.5138866305351257
27.892672,36.03931806822925,35.07554899096663,-0.3195193977118347,0.5091546773910522
27.95305,36.23529012452639,34.95141449707237,-0.22930171086832618,0.4975670576095581
27.993358,36.57226953633387,34.70522610702108,-0.11811205291373701,0.5017444491386414
28.053827,36.79701288220559,34.53478939970035,-0.008927052765024564,0.47151094675064087
28.093269,37.04850804143618,34.370728589858786,0.0933772199623713,0.4980679452419281
28.15379,37.29151268137428,34.424700392466,0.17648993542312438,0.5362616181373596
28.193224,37.65506968086367,34.314605325176366,0.27898107260989147,0.5094950199127197
28.25375,37.83321846935287,34.31177582741999,0.3695535488788534,0.5377758741378784
28.293978,38.1155160764582,34.28101851526323,0.446970383931217,0.5590196251869202
28.354327,38.37983516730957,34.40267702112395,0.5082348666224051,0.5707399845123291
28.394684,38.73232773154809,34.4298568807045,0.5577521540467674,0.574589729309082
28.454997,38.87780541409321,34.46105934579791,0.586948676510511,0.6681258678436279
28.49536,39.11691375996702,34.51943181332778,0.5925508379114497,0.7220216393470764
28.555832,39.478275336434,34.701739228008506,0.5887478658822158,0.7476444840431213
28.595165,39.74570287653301,34.78952016011886,0.5742252165515627,0.6641182899475098
28.655712,39.98533161315108,34.99964649718059,0.5665623519600713,0.6851969957351685
28.696069,40.17284996469884,35.151248453862316,0.580802317321612,0.7388511896133423
28.756739,40.34741408466491,35.39509934161561,0.596909174923948,0.7116783857345581
28.796994,40.59917793073063,35.500664132214524,0.6410645867313594,0.6079396605491638
28.857435,40.928702993731676,35.68244105868922,0.6802777903854111,0.6571545004844666
28.897746,41.13936872242491,35.88350622292915,0.7094054657696471,0.6305373907089233
28.958066,41.313768503139464,36.16858618284046,0.7309748042370038,0.6628577709197998
28.998393,41.54667970139962,36.3549431374873,0.7615307027913528,0.6628265380859375
29.058905,41.77942726405144,36.600235351872065,0.7863309715150938,0.6434727311134338
29.099148,42.097851516391955,36.78244705364763,0.8138011777264428,0.7070890069007874
29.159585,42.233894047432884,36.97865423878911,0.8308950355298702,0.6650581359863281
29.200035,42.47450111656986,37.266334518365596,0.8549070263742138,0.6567440629005432
29.259538,42.68986569178589,37.52507343553009,0.8885605886770892,0.6816369295120239
29.2999,42.93670853971763,37.86798074293239,0.9193894983668583,0.6514608263969421
29.360416,43.21955302195457,38.114035793106495,0.9592457572266566,0.6304093599319458
29.400733,43.45198832670407,38.35088292638806,0.9922768484298629,0.6259409785270691
29.461099,43.59411455193647,38.73162595964192,1.0154029102869246,0.6510957479476929
29.501488,43.96144400785915,39.0251364520217,1.039839296231387,0.6689655184745789
29.562023,44.12068392476547,39.180733415133595,1.045841545595256,0.6436446309089661
29.601392,44.43990523880656,39.54028325514061,1.0371110915004722,0.6886082291603088
29.661877,44.659242046256615,39.87026717377316,1.0205667298334573,0.6633739471435547
29.702273,44.80039526005878,40.112153560643236,1.001890818628847,0.6395395994186401
29.762913,44.985602455758034,40.34740354497316,0.9710736007928271,0.5119836926460266
29.803336,45.259959044886095,40.59662645766666,0.9447356221964641,0.5536881685256958
29.863924,45.54805697816706,40.98770169445355,0.8754892904858329,0.5711186528205872
29.904236,45.77546017111216,41.113770711973025,0.8242705588252395,0.49114638566970825
29.964608,45.89878468726011,41.389586093522894,0.786550601417285,0.48100143671035767
30.005022,46.169276636765034,41.66444169137171,0.7301536862198423,0.4456545412540436
30.06557,46.31296780297643,42.04998286454204,0.5828864011800573,0.39003437757492065
30.105795,46.48914840939892,42.340062152092166,0.49581107544890135,0.4509925842285156
30.166095,46.778845880650145,42.42374273197821,0.48104777366955837,0.37612515687942505
30.206475,47.04387935776119,42.42899360590861,0.3153797795694891,0.4121052622795105
30.266732,47.4576514307019,42.59137500762037,0.23896028968091967,0.4114081859588623
30.306998,47.50565216606609,42.66890926349003,0.1511440653029996,0.40125370025634766
30.367673,47.973097522676326,42.90323876573433,0.07782371604540204,0.4644628167152405
30.408041,48.295103523652315,42.846907446888295,0.03640687161372467,0.5983482599258423
30.468664,48.487221628138784,43.05120923839542,-0.0016724070339700706,0.6934093236923218
30.509015,48.59716043326941,43.15885838668025,-0.01052251424357389,0.7515981793403625
30.568615,48.851609184801276,43.20185346830434,0.020346501299161397,0.5969415903091431
30.608991,49.14583170466971,43.158317359884244,0.07529639417645459,0.5331655740737915
30.669481,49.50241772585586,43.171681856730345,0.15396617271710103,0.5227251052856445
30.709836,49.71156760164242,43.22346891689972,0.2201310158640782,0.5176056623458862
30.770454,50.04979851289135,43.23467408237298,0.2932294579721835,0.5148444771766663
30.810829,50.26834604546482,43.31846493162641,0.37564324564750873,0.501689612865448
30.850107,50.60696936808371,43.43137596050605,0.44946734222585366,0.460779070854187
30.910668,50.90919492909018,43.53535646281527,0.5309090618729857,0.5225083827972412
30.950946,51.192235559731095,43.53225593218017,0.6079334383373308,0.5451871752738953
31.010514,51.44648765178973,43.782034340387284,0.6778328967674251,0.5119863748550415
31.050815,51.79001537026009,43.98977618147863,0.7507835737427427,0.5315394401550293
31.110402,52.02537230009046,44.1601377643098,0.8273365365045663,0.5732417106628418
31.150734,52.21105241602586,44.30188982438687,0.892943443429965,0.5522312521934509
31.210148,52.52993985184999,44.563298330561864,0.9469419027721783,0.5444596409797668
31.250536,52.76272915572917,44.88411540269416,1.023838232723514,0.5314751863479614
31.310972,52.92753420376054,45.06992436946659,1.0896989648193434,0.5603038668632507
31.350308,53.032543531028224,45.24605181680515,1.1568326362385746,0.5177671909332275
31.410772,53.34051860067864,45.63945518463604,1.220179428055329,0.5867605805397034
31.450965,53.46164156896179,45.92387816089973,1.2787753180305361,0.5553867816925049
31.511434,53.5975378668466,46.28164800049986,1.3434505585474155,0.5835019946098328
31.551705,53.71686335691246,46.48443607118497,1.3975701046537798,0.6823169589042664
31.612226,53.73986560429556,46.730797737272496,1.4227850051475412,0.6920984387397766
31.652521,53.89992143661773,47.06279726389353,1.437547069584977,0.7488029599189758
31.713022,54.02315601962972,47.395905692197665,1.4198371736956183,0.780210018157959
31.753297,54.05799249501765,47.67378997369319,1.405415547135168,0.7336149215698242
31.813795,54.19750121909218,48.00977955868404,1.374228531367893,0.7061281204223633
31.853131,54.23089163385611,48.36327862257859,1.347194760988196,0.6900127530097961
31.913547,54.40215763126295,48.80512350793685,1.3051057432104587,0.6784119009971619
31.953736,54.41620864441495,48.997262932384906,1.2567756665749534,0.6698574423789978
32.01423,54.52682491150236,49.467195044606726,1.2162425158789791,0.700871467590332
32.054509,54.64258134757496,49.80473598632966,1.1765953012039359,0.7083346843719482
32.115018,54.834497082334074,50.195907127400645,1.1399873532214564,0.7298926115036011
32.155365,54.988447757545885,50.47710712681206,1.105876311576322,0.673574686050415
32.215897,55.136891180017734,50.796328617636625,1.0708258367965762,0.685653030872345
32.25616,55.2924588623847,51.10885926574714,1.0360828990342956,0.7212506532669067
32.31672,55.53571936820639,51.4304554248199,0.9978679678202546,0.6999295949935913
32.357027,55.69902266032791,51.74233654992713,0.9626350550616999,0.7440575957298279
32.417364,55.79534730728999,52.06341676809051,0.9396125634530074,0.7814385890960693
32.457586,55.84754670256122,52.33686998736817,0.9365211545667141,0.7831392288208008
32.518102,56.02323742183849,52.538251480757836,0.938877410798213,0.7218819260597229
32.558486,56.2182715137898,52.96439930135178,0.9678012447203395,0.6751222610473633
32.618974,56.43934456048269,53.27959190646189,0.9995164411180726,0.6478451490402222
32.6584,56.56688288020871,53.36738615112101,1.0406773530756632,0.5915815830230713
32.718909,56.68127431499161,53.67547805114528,1.0997423054222477,0.588287889957428
32.759214,56.891207539099746,53.90588996758161,1.1559222187197973,0.5317729115486145
32.79963,57.112488477538086,54.12858558696885,1.2205375536261256,0.48198744654655457
32.860433,57.19023890497474,54.5048891593548,1.2969599343629734,0.4661702513694763
32.900683,57.36018679640078,54.98283969532749,1.383731319541563,0.4227801263332367
32.961077,57.47390230312989,55.09442107233085,1.4651841037260105,0.4298710823059082
33.001344,57.56122528338321,55.43901533328667,1.551693607571903,0.43913859128952026
33.061769,57.56794543654441,55.74611286776433,1.6344148863982007,0.5231147408485413
33.102105,57.60101476605814,56.19932142665788,1.7223581637002174,0.4735143184661865
33.162634,57.47999772853524,56.3188597663574,1.8097799739264853,0.40529665350914
33.203,57.65207263585592,56.82296927206171,1.8896032512174423,0.5383947491645813
33.262545,57.56886270859847,57.09451334342586,1.969018530039237,0.5255320072174072
33.302973,57.60342302550318,57.28917569011953,2.0493681595514315,0.47771191596984863
33.363464,57.386016025479734,57.52820189244242,2.143329491991813,0.4815770089626312
33.403696,57.40268057139032,57.75359331301776,2.2212959771731944,0.5413770079612732
33.443912,57.09081420092094,58.01065367161929,2.308623193218629,0.5364439487457275
33.504611,56.79795545783376,57.97781988453685,2.3980990738917987,0.4533149302005768
33.545042,56.8916517957166,58.33039985575997,2.4966250247858004,0.49055153131484985
33.604678,56.75107200737789,58.686344108376616,2.5865739100537954,0.5238243937492371
33.645083,56.474469228527596,58.75347109868502,2.6702987229201622,0.5396423935890198
33.705524,56.45967007417238,58.95411582953391,2.7607954879745082,0.5288668274879456
33.745733,56.209932963462926,59.21047879582072,2.864175588166361,0.516815185546875
33.806248,55.98906900712526,59.31966885613185,2.9577985132555926,0.5699228644371033
33.846638,55.65295559298843,59.43496912115475,3.0451997578201953,0.5497618317604065
33.9072,55.39888918561578,59.6159812876211,3.1384369784678605,0.5040057897567749
33.94755,55.15910233271823,59.699182193934334,-3.0452128850996423,0.48876598477363586
34.008119,55.01806770133759,59.641373608148726,-2.9446579105127766,0.4921623766422272
34.048426,54.848170830864,59.5390589227286,-2.8476422540655237,0.4852331876754761
34.1089,54.47633209921082,59.641919859826004,-2.7433062829078403,0.48214781284332275
34.149196,54.27390876450625,59.40606452450698,-2.673183158250336,0.4619557857513428
34.209641,54.01189642052056,59.4133298832218,-2.5524130355743586,0.45767879486083984
34.249956,53.853249534041254,59.37467231527631,-2.459503164084873,0.48727574944496155
34.290194,53.60565749529491,59.28349724654138,-2.3648192107728003,0.5435056686401367
34.350707,53.335376078851134,59.25506601392507,-2.270326884130907,0.5134350061416626
34.391177,53.10323910121462,59.038996138001416,-2.190121025930802,0.509766697883606
34.451578,52.96973465649464,58.98800459255175,-2.1006066525316993,0.5599905252456665
34.491852,52.68837955105708,58.82705965831517,-2.0287515804583336,0.5905166864395142
34.551358,52.65110099414707,58.55930314907172,-1.9840019019398232,0.5786167979240417
34.591748,52.49778156194487,58.27720097999883,-1.9394583938098877,0.5977575778961182
34.652322,52.3546135584508,58.22142581810594,-1.8864493743316681,0.6537192463874817
34.692653,52.20755020795749,58.01220405626273,-1.8675310505928606,0.7766775488853455
34.753326,52.203821819438325,57.802647343880594,-1.8570032913719292,0.7493945956230164
34.793567,52.12392719972011,57.460049201634746,-1.8556659746704476,0.7741240859031677
34.853102,52.07473037459739,57.248207671791086,-1.8433719016140164,0.7925094962120056
34.913662,51.9576788345655,56.9524961610962,-1.8285551448613067,0.7717624306678772
34.954035,51.9273081388572,56.7219646896754,-1.8175836410178792,0.7249838709831238
35.013585,51.833557304405616,56.41259876480268,-1.8145674189617038,0.7850294709205627
35.05397,51.70075925471213,56.15729002679702,-1.803170191163737,0.7704878449440002
35.113486,51.68518957185797,55.82834589078709,-1.8028259216380003,0.7730354070663452
35.153841,51.6183750139164,55.55194848105771,-1.794489033210729,0.7699708342552185
35.213359,51.471803481865344,55.30224617986017,-1.7778809596812173,0.7546970844268799
35.253666,51.499695595383095,54.99040853251929,-1.7785313178205515,0.7730976343154907
35.314351,51.391902493023366,54.61438430103944,-1.7700717396383485,0.7746320366859436
35.354701,51.31595168807911,54.35926806366366,-1.7586554254611744,0.7712351679801941
35.415262,51.19465207260017,54.09603180940669,-1.7499947286653048,0.757183849811554
35.455558,51.22359867628275,53.74753031136796,-1.7517707011026395,0.7890415191650391
35.515161,51.09784392564526,53.4120395559476,-1.7559383075401689,0.790928304195404
35.55554,51.12614808287734,53.15434877004832,-1.7641193605790584,0.7590911388397217
35.616163,50.88362621714028,52.74347221664796,-1.7665228273724598,0.7569182515144348
35.656483,50.82703846922903,52.42691918501034,-1.7854779159855017,0.7498868107795715
35.717991,50.74464546087117,52.035507226624134,-1.806739743084787,0.7233442664146423
35.757725,50.690015022349016,51.79360793126249,-1.8229954586629222,0.7150711417198181
35.81821,50.55017047040853,51.323759509579546,-1.8538999455269702,0.719666063785553
35.858485,50.45910135136262,50.983698511883574,-1.8811146323815,0.6970704793930054
35.91899,50.32902133550074,50.7151786269727,-1.8963851747397285,0.636483907699585
35.959221,50.1097703442046,50.294484343918676,-1.937074221437762,0.6114445924758911
36.019798,49.96152812011215,50.00195267954967,-1.9774707492922643,0.6456102132797241
36.059132,49.77320951848239,49.553656133928165,-2.015316214396254,0.6068223118782043
36.119752,49.58682610088492,49.151666481558266,-2.0563364479896435,0.6160995960235596
36.15924,49.50664465444635,48.95070374779068,-2.095570711678374,0.601671040058136
36.219839,49.17066215392402,48.532692572986285,-2.14719251037043,0.6405596733093262
36.27943,49.04815063622704,48.231401874039875,-2.1938268266078187,0.6046130061149597
36.319822,48.75676214033031,47.92883087545294,-2.232693676402496,0.5823044180870056
36.380482,48.48462098079511,47.53020259195597,-2.2909240396408532,0.613018810749054
36.420851,48.19371765570549,47.261712271120444,-2.337950842550333,0.545098066329956
36.480313,47.933511263850534,47.08865875693518,-2.3962115317567907,0.5133791565895081
36.520707,47.82374733447178,46.68581637520169,-2.4627405517555214,0.4470185935497284
36.581303,47.45387697699657,46.57892257040609,-2.588356320648833,0.4002559781074524
36.621645,47.029240799997346,46.53353269795663,-2.6718207189248413,0.3761463165283203
36.681133,47.20992974510686,45.78106631495066,-2.7553154051028814,0.37396249175071716
36.721527,46.95975520936815,45.62714131148859,-2.871988667130093,0.35133180022239685
36.782011,46.97431384465062,45.26576256428398,-2.983514229303433,0.3309847116470337
36.821463,46.383610741957185,45.29961517760874,-3.1322782615923943,0.3265455961227417
36.882021,46.25595537782065,45.02587539311057,3.0553117652119663,0.34922876954078674
36.922399,45.937004128948416,44.89252323738326,2.951026253610431,0.35714778304100037
36.982797,45.74492661492055,44.897980190262416,2.853188410968912,0.37009933590888977
37.022269,45.413293375949955,44.78431409695938,2.746636176711994,0.3241938054561615
37.08278,44.88629009738458,45.227834410961286,2.6094546298176455,0.4357612431049347
37.123105,44.62872623128132,45.153930554409534,2.537232335691712,0.45630088448524475
37.183695,44.362611736857325,45.27891018537814,2.447325363134341,0.4493851661682129
37.22407,44.207260874646586,45.40285425180678,2.372847404757099,0.4661080241203308
37.28466,44.01280632345424,45.08891151617887,2.238643543594965,0.4745098054409027
37.325035,43.92921815567152,45.19582261188816,2.190795319946334,0.5120596885681152
37.385547,43.58753202016162,45.313799997647884,2.139837669472203,0.5322607755661011
37.425901,43.46583014524824,45.56829084435489,2.1108710136448354,0.5961118340492249
37.486321,43.33303077374107,45.87099716144815,2.1044705370193197,0.732970654964447
37.526617,43.08370825075316,46.2804576959826,2.148963000615179,0.564890444278717
37.586201,42.90377880261159,46.50912768878939,2.2051506800414544,0.49720290303230286
37.626579,42.76964289683313,46.51147934341124,2.2379429282706758,0.4284864366054535
37.687047,42.91272537142468,46.51159615756915,2.2346254833776507,0.41643837094306946
37.727461,42.712282496879666,46.664090905781244,2.2927695560629155,0.45083513855934143
37.787851,42.56401548924921,46.89420614705178,2.3492367787544453,0.4465126395225525
37.827097,42.28826249171216,47.20061166724123,2.4892874604153357,0.39761942625045776
37.887595,42.27836734238491,47.2349075948058,2.496746881006421,0.38942113518714905
37.927916,42.027494126999265,47.34346799737527,2.5780272639655184,0.4210277199745178
37.968177,41.84031108937829,47.64785271397308,2.642489248541782,0.3888786733150482
38.028881,41.47919002528926,47.71818087794803,2.795101760706294,0.4276382029056549
38.069229,41.20438940192526,47.95833876616777,2.8843595833838105,0.44720563292503357
38.129958,41.26041841886093,48.00056181502411,2.8849713668373154,0.41739219427108765
38.17029,40.96162150591587,48.174622909910866,2.9605934190076955,0.40672847628593445
38.231037,40.66192994666759,48.22242280322486,3.0517617668760084,0.44043052196502686
38.27042,40.47429241358948,48.25531591271855,-3.1407407864559955,0.45138978958129883
38.330924,40.026108099104924,48.345129457109785,-3.0686659012123454,0.48622995615005493
38.371268,39.85829249300392,48.47466380430051,-2.9846729096973093,0.42179781198501587
38.41146,39.663901331372315,48.350539471617324,-2.8754475901621372,0.44784945249557495
38.471848,39.289372218771895,48.346185004040244,-2.797542208301489,0.4562056362628937
38.512183,39.014803244241314,48.17678101327189,-2.705814364378697,0.5114908814430237
38.57262,38.59428658553682,48.1737432099552,-2.6388804546397524,0.5451413989067078
38.612942,38.50939274183214,47.85587695398306,-2.565811618399343,0.5919706225395203
38.673511,38.17779926504888,47.70799767196733,-2.5259485213686603,0.6399725079536438
38.713738,37.8761420361831,47.6810846706349,-2.49268068058828,0.6551957726478577
38.774269,37.65980103007991,47.33586079372084,-2.4506455580195414,0.6573326587677002
38.814673,37.41335049970276,47.190187711581906,-2.4258252855483096,0.6931232810020447
38.874218,37.11870536539254,46.96147063813809,-2.4058940251842564,0.6636871695518494
38.9145,36.925959821454335,46.71515481181455,-2.3696699412456974,0.6429367065429688
38.97486,36.75159562087861,46.596068122052564,-2.34187543015993,0.5980122089385986
39.015206,36.468309857232654,46.31372633358487,-2.300923859798125,0.6144137978553772
39.075787,36.2377691872777,46.02361221199432,-2.2585667677326526,0.6292810440063477
39.115113,36.05873124030984,45.81261731272541,-2.220531055063722,0.6039106249809265
39.175688,35.878383224257576,45.567256987218556,-2.17873489047102,0.6127796769142151
39.21621,35.60049783012321,45.144107549035894,-2.1298303222314416,0.5591765642166138
39.276816,35.40178328338419,44.991037811060146,-2.0863351964858747,0.5536425709724426
39.316214,35.28277353155949,44.60330815049202,-2.0252444860436984,0.5679041743278503
39.37673,35.12038627222541,44.305497794348085,-1.9758834250741237,0.5504931211471558
39.417045,34.926656773624806,43.94651259235131,-1.9185454127448793,0.49881914258003235
39.477327,34.834337767320854,43.65341033882972,-1.858641157576874,0.5222482085227966
39.517624,34.62298000446359,43.37538832559208,-1.8009953305458324,0.5280184149742126
39.57815,34.57243273960245,43.02848225836314,-1.741410270560163,0.5052423477172852
39.618561,34.47953066019603,42.63798726273192,-1.6832051046986292,0.5295237898826599
39.658886,34.40838741028775,42.39997680376609,-1.6255749545435658,0.4978407919406891
39.719495,34.41033717741905,41.91284008164591,-1.548542726825202,0.5042017102241516
39.759932,34.367512088696266,41.622761824487355,-1.485356753852339,0.5226277112960815
39.819559,34.35843492674031,41.1401078579105,-1.425006101919395,0.5417075157165527
39.859945,34.3088692511177,40.890259151785486,-1.3801623362421322,0.5742654800415039
39.9194,34.34327650956661,40.42523287533817,-1.3284336840764517,0.5711609721183777
39.959632,34.42108628891841,40.103923569718916,-1.2784706365352003,0.6095332503318787
40.020116,34.576881901822325,39.54600562454293,-1.2269248018554992,0.6121034622192383
40.060495,34.63600762279787,39.22217130310162,-1.1884639511386874,0.6545347571372986
40.121068,34.81951772139139,38.77029028726645,-1.1418908262853535,0.6702651381492615
40.161612,34.97923634703497,38.52828363656739,-1.0894093530132598,0.6397738456726074
40.222039,35.168937332383,38.00353869820512,-1.0336221871933726,0.6435815095901489
40.262432,35.4226502132499,37.57998455935898,-0.9732829246403736,0.6498494744300842
40.322939,35.71855595259703,37.2963014537589,-0.9117501649853547,0.6714841723442078
40.362357,35.86997077072528,36.96044185313063,-0.8406664930586474,0.5930252075195312
40.422928,36.05986067626389,36.7161637932428,-0.7626531109285959,0.547727108001709
40.464868,36.17550398955601,36.46178734364019,-0.683839783745224,0.5471005439758301
40.525385,36.52615196533563,36.147286751208625,-0.5858897129321108,0.5731436014175415
40.565672,36.77138153302902,35.973710532972916,-0.4997188552343459,0.5231605768203735
40.606017,36.89520134756736,35.62650818864755,-0.4018736037337628,0.4882025122642517
40.665874,37.13033843657109,35.49364717985464,-0.30355544477246116,0.5230560898780823
40.705116,37.4731545883398,35.2325058995125,-0.19902988002946628,0.47901391983032227
40.765758,37.75104593453196,35.100500739690716,-0.12670580885118235,0.5467050075531006
40.80598,38.06410776718625,35.167892519778675,-0.06360976673337808,0.5664647221565247
40.865455,38.304010197592994,35.0940987687467,0.008156129229606061,0.5371459722518921
40.905768,38.57927133426559,34.96825031245445,0.08465327039773884,0.5130718946456909
40.966172,38.89573676078657,34.97393671494188,0.14927537556291426,0.5533644556999207
41.00651,39.227784310078334,34.99176040453529,0.21320831713067426,0.588957667350769
41.06715,39.448975804676486,34.99766184842104,0.26731910563026295,0.5919955372810364
41.107601,39.88056798263711,35.037719972098174,0.32753299976996647,0.6056985259056091
41.168084,40.029191816632185,35.2073125261821,0.36640654499902336,0.6512147188186646
41.208493,40.48283585495782,35.188766448980594,0.41344050589957704,0.5492028594017029
41.269133,40.74598856814873,35.42967563639677,0.45995273107778234,0.5808352828025818
41.309738,41.02073095380476,35.48277469135842,0.5149360512139266,0.5608970522880554
41.370228,41.292287030751574,35.71772171733548,0.5694752701041251,0.6202839612960815
41.410583,41.59294402790093,35.85961613063462,0.6313389761608197,0.5575225353240967
41.470909,41.814700358457664,36.069348608603846,0.6891623174390844,0.5995010733604431
41.511234,42.114744021455145,36.198495853930886,0.7528863073951205,0.6181985139846802
41.571763,42.423928432036746,36.41933680569626,0.8080963356870589,0.5781660676002502
41.61119,42.75684206591156,36.760212484686406,0.8688705202305241,0.5154309868812561
41.671617,42.969336270806465,37.01476615362712,0.9378534859014165,0.5323357582092285
41.711914,43.07266909536976,37.13337669211118,0.9966577585695643,0.6021825671195984
41.772292,43.43451053285999,37.51527754110849,1.0566663603591906,0.599321722984314
41.81272,43.59718746865588,37.88398813525227,1.1091083083632365,0.5062924027442932
41.873298,43.834982831740795,38.222237442910576,1.1569519375527217,0.5957070589065552
41.913654,44.026502087132954,38.411247673129004,1.1913032632294687,0.7501417994499207
41.974059,44.1801971239215,38.65654640847056,1.1956489953193807,0.7122461199760437
42.013478,44.4124190484464,38.92189372555671,1.1990683282986665,0.619653582572937
42.073992,44.6940365985682,39.24301914705365,1.1577481632470805,0.5749588012695312
42.113461,44.82555613722209,39.67139051187678,1.1095526501645918,0.634307324886322
42.174102,45.07421554862324,39.863965632863874,1.070573259606141,0.5166109800338745
42.233785,45.12049104481814,40.21209803224012,1.0159671667730703,0.45293086767196655
42.273133,45.192729012468966,40.56781172107898,0.989909845897649,0.4545556306838989
42.333695,45.432572832955,40.968229769496794,0.856810656479874,0.4412687420845032
42.374162,45.57767076634465,41.22848424006878,0.7687234006171714,0.4333973228931427
42.434579,45.791061431459006,41.47156412592817,0.7446864863424724,0.4013412892818451
42.474872,45.99413892989222,41.72669996562125,0.6482498443384479,0.3551359176635742
42.535248,46.185393660864705,41.957017006543396,0.5325342757982279,0.34836381673812866
42.57561,46.49803181405059,42.14506986849958,0.3920570321153174,0.35339805483818054
42.63603,46.49748191344318,42.39487799828527,0.20584532282647078,0.3638538718223572
42.676291,46.7177946633813,42.62116334781741,0.08349321239948759,0.3846692442893982
42.736828,47.001429772285,42.77274874804635,-0.023243392872292774,0.4568744897842407
42.776124,47.213171904019255,42.97580548635791,-0.11372223149240532,0.5134270191192627
42.836665,47.5736960933551,42.96415091589684,-0.14420492694780265,0.5970511436462402
42.877022,47.74072035278851,43.07494232383385,-0.17287340841425108,0.7085382342338562
42.93646,47.81736723510445,43.18547595565968,-0.19091746663178308,0.766265332698822
42.976728,48.080616397041794,43.24408994195253,-0.1684371690732712,0.6629136204719543
43.037134,48.317693398448625,43.240572924062704,-0.12447552058118995,0.5688530802726746
43.077493,48.61705927536773,43.202865106149545,-0.05203262577516669,0.5091346502304077
43.138061,48.76399643336596,43.18731973689196,0.007812851757355249,0.507236897945404
43.178408,49.011614818769694,43.17409142914096,0.08774247114302842,0.548302412033081
43.238963,49.325223924899234,43.09588019052495,0.16632591119755594,0.5136534571647644
43.279296,49.72143401807386,43.149623046767935,0.24868752623386076,0.48190563917160034
43.339816,49.7544617117521,43.267547987533284,0.31722684070043533,0.48956015706062317
43.380169,50.14768574031572,43.3175854691842,0.404851251233258,0.475882887840271
43.42042,50.299674773839925,43.36106479235593,0.4971487919408987,0.47538700699806213
43.480881,50.62285490703855,43.51291610911286,0.5779809850065837,0.4536663889884949
43.521168,50.889530836501216,43.56143628786575,0.6706334017465311,0.48050495982170105
43.581526,51.10448740812534,43.68577537239623,0.7594560052365752,0.5235469937324524
43.621903,51.30473185486371,43.84672664630105,0.8316195368778359,0.5336564183235168
43.68245,51.65241578653114,44.18838767934987,0.9050575217795014,0.5522181987762451
43.722867,51.84331667992636,44.297826127212254,0.9605464909339617,0.5704948902130127
43.783458,52.07348249894065,44.511076498440204,0.9923300544003059,0.7164625525474548
43.823775,52.2403407132957,44.767060180823734,1.0110959865963356,0.6977955102920532
43.883411,52.310070837830594,44.93015140299356,1.018995955979224,0.7284902930259705
43.923714,52.499135504596495,45.23275278724015,1.0442594541540844,0.7553850412368774
43.98424,52.68017463873224,45.53464232146694,1.0629593776098758,0.7486888766288757
44.024521,52.80526407429141,45.83537567959161,1.0850476517594092,0.6687839031219482
44.085046,53.010523915901956,46.192269804130646,1.1365257865921574,0.6352402567863464
44.125439,53.12862410019717,46.522567184585185,1.1908390037063672,0.6227913498878479
44.186051,53.28934804235742,46.745294081314746,1.2511469241560425,0.619540810585022
44.226414,53.42191078301204,47.13937252340567,1.2956962670152765,0.5934781432151794
44.28712,53.45161549450115,47.38672359235335,1.3374810901559313,0.6433297991752625
44.327501,53.657227847228576,47.728067905900474,1.363272137518413,0.7875573635101318
44.38808,53.743436643562355,47.89899215968062,1.3673878328572981,0.7895843386650085
44.428363,53.93394347072254,48.268439217831116,1.3586474193691302,0.7617970108985901
44.488832,54.01481375136861,48.50665805378753,1.3298510727974215,0.6830818057060242
44.528151,54.17731862284845,48.90566548893454,1.287880772687537,0.666225254535675
44.588633,54.285845750559616,49.23873050781641,1.243007859754653,0.6338661909103394
44.628923,54.280597660266636,49.50192720065594,1.1967512193715397,0.6399890780448914
44.689303,54.41672090056601,49.96580529305449,1.1580425396788818,0.611693799495697
44.729621,54.55127302763218,50.26580231145239,1.1049258198515586,0.6213818788528442
44.789987,54.78955370501889,50.5879949750608,1.0407356137220865,0.6436959505081177
44.829294,54.95333370555459,50.97252831585023,0.9923081894601088,0.6391847133636475
44.889731,55.17373617304022,51.253725438089035,0.9391545833971084,0.6778249740600586
44.930053,55.37607940883658,51.53724498666,0.893341214567668,0.6878133416175842
44.990698,55.5581808055545,51.85212254088284,0.850161104975282,0.7374019622802734
45.030998,55.652974008741865,52.40250420787931,0.8364630682031792,0.7727456092834473
45.091593,55.81658712721895,52.58244027280849,0.8328751508935451,0.7949422001838684
45.131947,55.967527065844415,52.87051629032054,0.8385970752280856,0.7087652683258057
45.191555,56.135967865521415,53.159443586296284,0.860884055869441,0.6424950361251831
45.231878,56.342964173679746,53.364238198651236,0.9020214219285339,0.589613676071167
45.292511,56.62056506777499,53.63142283148988,0.9619156561265718,0.5158157348632812
45.332942,56.68007335890214,53.740865008756984,1.0384102509824917,0.45900794863700867
45.373225,56.85409746581377,53.95323707065076,1.1309786858631459,0.4487437307834625
45.433721,56.96038545491186,54.260939740721724,1.2434304963745535,0.4075700044631958
45.473899,57.15475674786343,54.51730984420087,1.3509880769192117,0.39091047644615173
45.534438,57.187936848790095,54.63244584121613,1.4374928281228163,0.4179620146751404
45.574753,57.27224405943685,54.91820471552381,1.5353332823702968,0.4158402681350708
45.634243,57.38152085590569,55.26274761538002,1.6428429899946002,0.4441744387149811
45.674563,57.54238799046908,55.54089420604533,1.7361622128460896,0.4320499897003174
45.734207,57.356352189724895,55.43580278949391,1.8270177284971634,0.41993868350982666
45.774673,57.41669953195695,55.85951253470222,1.9241646069023666,0.45851340889930725
45.834235,57.32270234410067,56.20938030269439,2.0195553260804706,0.4550657868385315
45.874543,57.240868879864266,56.562166407232645,2.111685372913458,0.4895375072956085
45.935101,57.11619139621326,56.76397484904172,2.193591553258259,0.49549606442451477
45.975306,56.79944605070074,57.086236449410904,2.2896254218449474,0.5310890078544617
46.015569,56.67911746556045,57.26326091964851,2.377074616215439,0.5332512259483337
46.075198,56.594198051335155,57.4268567520225,2.456529359877998,0.562802791595459
46.11574,56.31906501215389,57.643041792442325,2.5368877826520726,0.5444955825805664
46.176391,56.04947710587555,57.84836024888161,2.618097684100769,0.5240305066108704
46.216697,56.06039808312896,58.002927474776506,2.6988643273960737,0.5542044043540955
46.277357,55.91259958893437,58.19921566777159,2.781231593624942,0.5430395007133484
46.317523,55.64186814404634,58.328918766389776,2.86278057076511,0.5681719779968262
46.378141,55.31940475478428,58.39896741820283,2.9354529487919403,0.5513821244239807
46.418385,54.972439138307095,58.53410784377961,3.01706661710116,0.5301120281219482
46.478956,54.86600087207488,58.566650185535956,3.106699050826392,0.48989883065223694
46.519382,54.71267840836235,58.59491028224714,-3.092354858076278,0.58168625831604
46.579865,54.19171090681756,58.67884450238989,-3.0085359758794197,0.5513833165168762
46.619329,53.97446454924803,58.383316234163324,-2.9460221394346155,0.5148682594299316
46.679939,53.739572714281046,58.532177356731275,-2.837571491597506,0.4898134768009186
46.720294,53.50027067717482,58.547645478447194,-2.745685847505734,0.5153428316116333
46.780822,53.18151618519092,58.46644616171469,-2.6645280372879974,0.5293460488319397
46.82016,52.903608409417416,58.16166395972316,-2.608097669676682,0.5119181871414185
46.880809,52.55521972029942,58.10387434984419,-2.5135559124402502,0.4840138554573059
46.921006,52.46603169567414,58.127117610558095,-2.420432241145378,0.46681347489356995
46.981305,52.14795080704833,58.15138174183479,-2.321553343614072,0.49449750781059265
47.021519,51.82528392028746,57.71023159361389,-2.2584100002699667,0.5067829489707947
47.081055,51.692228638296875,57.47255551988807,-2.180868618847355,0.48579251766204834
47.121364,51.4346981257475,57.33197216203383,-2.0881801776797637,0.4717194437980652
47.182037,51.351865355684716,57.215269594814956,-2.0023642978333025,0.5187247395515442
47.221249,51.147613494191475,56.87813276619229,-1.946522013073775,0.48743316531181335
47.281672,50.86139338697101,56.552351872367595,-1.8775818629033074,0.4908035099506378
47.322037,50.79540036721297,56.393661070901395,-1.7908943506036972,0.47806939482688904
47.381422,50.742167454482285,56.21337813357078,-1.713646393314998,0.4964025616645813
47.4218,50.707309375561444,55.8483673290878,-1.6729397194463844,0.5052452087402344
47.481266,50.55931525994232,55.71494499033951,-1.6166915832945161,0.5338389873504639
47.521489,50.541218852001386,55.40129300956609,-1.5862590325082522,0.6465378999710083
47.582261,50.40150627237482,55.251036646842174,-1.575832733623009,0.7820104360580444
47.622625,50.360255416287565,54.93028760614041,-1.5889235453782296,0.7936160564422607
47.683297,50.358605311609715,54.68230165681237,-1.607535949691482,0.7350848913192749
47.723779,50.383196401880156,54.400674551774024,-1.6263350926306868,0.7683750987052917
47.78336,50.330378126184705,54.09007555365314,-1.6413117859547188,0.7415556311607361
47.823848,50.262533238364256,53.69476370327327,-1.6613630876665622,0.720037043094635
47.883385,50.36034448802983,53.42661274818141,-1.6805192132669258,0.7381070256233215
47.923595,50.24343449936136,53.03870389381624,-1.7013556276466508,0.7688863277435303
47.983859,50.244588528277234,52.6076673444267,-1.719763961013425,0.7769371867179871
48.024136,50.17945430515012,52.422384703502814,-1.7318274554343793,0.6968656778335571
48.084722,50.112392779611206,51.984295668589944,-1.7581809501103958,0.7468805909156799
48.125061,50.15148259624283,51.71035188501318,-1.7750694754013923,0.7739733457565308
48.185701,49.93500207936307,51.30015438343604,-1.7958966924846478,0.684299111366272
48.245452,49.80135607417973,50.92458986601001,-1.819073196309085,0.6436922550201416
48.285757,49.6885185600212,50.62153364009433,-1.8537017690974442,0.6355504989624023
48.345577,49.604094412667095,50.289585482094985,-1.8939682088810128,0.5998442769050598
48.385983,49.552272086717224,49.8816639804639,-1.947011936687603,0.6138582229614258
48.445623,49.288665596999984,49.513267371313326,-1.980550126401979,0.6033598780632019
48.485865,49.27736779537285,49.26799306589144,-2.0130508131033613,0.5733333230018616
48.546436,48.914585910231956,48.794286677013226,-2.0742545383418767,0.5712155103683472
48.586822,48.77284403892782,48.5087613220197,-2.12075543886463,0.5620778203010559
48.646474,48.52285751497316,48.17324115860572,-2.171274410138218,0.5585506558418274
48.686802,48.24907471691834,47.86345648953954,-2.235553287714282,0.5402108430862427
48.746273,48.0829173821196,47.57257966462247,-2.2867279717718354,0.5061695575714111
48.786461,47.90010168742953,47.226406825493626,-2.3496327213652797,0.5169259905815125
48.846866,47.702360751016805,46.96600390435966,-2.4162653064483774,0.5339937806129456
48.887179,47.326912813982894,46.76187231690877,-2.4943268226343314,0.4195374548435211
48.947621,47.12869743514071,46.465406055159484,-2.5782025501605172,0.4038902819156647
48.987915,46.96348702098447,46.26280605112868,-2.673613535985012,0.40095221996307373
49.047517,46.58331856001407,46.149698447554975,-2.8062592591651336,0.38771453499794006
49.087913,46.67495167569049,45.706381244900115,-2.864481844236777,0.35001030564308167
49.148511,46.351999344747824,45.517402172714576,-2.9786063620534526,0.35649412870407104
49.209155,46.16178683716924,45.43388604170023,-3.097579335537009,0.3423146605491638
49.249604,46.105710596462075,45.20143917429261,3.071348715899966,0.3313884139060974
49.310086,45.781270306501455,45.1770634509157,2.944333460058944,0.3421618938446045
49.350419,45.358082393057956,45.32305656768817,2.827607536630839,0.3437874913215637
49.410859,45.24350336905123,45.17865122263065,2.726489433750527,0.35840824246406555
49.451074,44.878173116711395,45.39945370951579,2.6080474332488968,0.4368436634540558
49.511624,44.56096976964827,45.64041720521154,2.501516281264682,0.44244787096977234
49.552028,44.251859417630676,45.65482504021201,2.4108605388865243,0.4583444595336914
49.612632,44.111241788791894,45.766362241690636,2.3429487085919574,0.4435107409954071
49.652993,44.096346935991846,45.53515077948676,2.235737303457224,0.5477975606918335
49.692359,43.710969894230054,45.74001210411957,2.211090641786931,0.7783617377281189
49.752905,43.666585303810194,45.95529667888808,2.2019469817438493,0.6803451776504517
49.793409,43.59353334391823,45.945702382291294,2.207234263527467,0.4682573974132538
49.854,43.463593124210284,46.13398361782755,2.2440044269920625,0.4532679617404938
49.893343,43.35067461276295,46.36455763295777,2.3037390138041043,0.43529412150382996
49.953833,43.159143368758016,46.53937760511488,2.364222515837776,0.4068682789802551
49.994001,42.9909633486486,46.7040201012231,2.4316737751727002,0.40540653467178345
50.054715,42.64798739427691,47.01604825332148,2.5542419671746988,0.40302154421806335
50.095026,42.359209013856194,47.14412145068984,2.6185659119709412,0.43245330452919006
50.155697,42.05792298471034,47.414281594875455,2.6668324920430924,0.5296918749809265
50.196059,42.16262149936482,47.35926112816791,2.6704782317111513,0.5871301889419556
50.236363,41.934154304094946,47.529268500779544,2.6835221030918577,0.5962340235710144
50.296803,41.718189298040016,47.70267321331689,2.694502037386668,0.5204218626022339
50.336121,41.38970363123584,47.73172125355547,2.7355627920662244,0.5029575824737549
50.39665,41.17137884125677,47.88896465535653,2.779601963667391,0.47479724884033203
50.436852,41.00292937341871,48.016008011762445,2.8353356786799915,0.48709845542907715
50.497189,40.66209546085106,48.18331725136382,2.896301942110811,0.45170482993125916
50.53765,40.4497289526874,48.22892775475999,2.962748436729382,0.4366282522678375
50.597253,40.12448182915055,48.31979392191837,3.0337616308418887,0.4600840210914612
50.637629,39.8306940887658,48.414297228370216,3.1160987006793204,0.4746437668800354
50.697581,39.62347256989703,48.31300585699469,-3.072465385517804,0.4448195993900299
50.737957,39.4469334855691,48.53044050060033,-2.9749880411617946,0.38506171107292175
50.797559,39.187467234588325,48.389542832511495,-2.845700699047396,0.36839428544044495
50.837807,38.75924760394418,48.28848375886554,-2.727812991357046,0.4051593840122223
50.877262,38.59123848176258,48.28514343050204,-2.615612814504969,0.46458369493484497
50.937704,38.46332863892705,48.231005608353684,-2.5253069605065566,0.5223286151885986
50.978017,38.29580024569073,48.12145979106972,-2.4506151864716266,0.5831419229507446
51.038474,38.014114894995465,48.01973866765458,-2.4161767548634288,0.6805379986763
51.079006,37.70484889956186,47.94381929930691,-2.4054313628493906,0.7040329575538635
51.139483,37.55244700701932,47.700323625527176,-2.400685221954718,0.7180360555648804
51.179865,37.423562031261056,47.544701959221385,-2.4055109258133345,0.7095738649368286
51.240955,37.2078210208301,47.317282002668186,-2.4001995335434034,0.6633879542350769
51.280728,37.08496332550794,47.23447093849509,-2.3889158176604415,0.6831126809120178
51.341159,36.94859994644315,46.98479966507753,-2.3694800442802175,0.6982485055923462
51.381424,36.75179422806902,46.83759303761551,-2.3513088891471767,0.6667331457138062
51.441903,36.554569211276146,46.670787113320834,-2.329156172575443,0.6848320960998535
51.482456,36.36651765002643,46.47429139721784,-2.306808034397185,0.7021792531013489
51.542841,36.20781370867359,46.241635488677,-2.282638999142214,0.7049219608306885
51.583122,36.00423898711566,46.04572947903934,-2.2672679809313108,0.6693881750106812
51.643525,35.736327117298224,45.8407237625759,-2.25825484156222,0.6585426330566406
51.683782,35.652079769314234,45.597819877043506,-2.2364121993443575,0.7081264853477478
51.743196,35.49206301414252,45.33200439054578,-2.2153917552115927,0.6748188138008118
51.783527,35.24947638749973,45.209155070356324,-2.2017683279342317,0.7062981128692627
51.843996,35.08759958893958,44.92231175964906,-2.1813223286720804,0.6852695345878601
51.883208,34.90277438219494,44.66112599522364,-2.163314022852437,0.6827777624130249
51.943638,34.74018373860086,44.42537125227431,-2.141918329102009,0.6267737150192261
51.984016,34.59754372879918,44.13431237126843,-2.1106102640997886,0.6488795280456543
52.04332,34.46903092101947,43.81530443908514,-2.0768931151572216,0.6190590262413025
52.083549,34.243447781704646,43.480507714797675,-2.0342403325570144,0.566143810749054
52.143846,34.09003277239875,43.19193025142327,-1.9858594059980097,0.5679184794425964
52.183148,33.98233623254544,42.98583720367034,-1.9427819070424597,0.5529066920280457
52.243624,33.828629434902126,42.616646816654,-1.8798987754350336,0.5483660101890564
52.283971,33.680690112837276,42.28774460211559,-1.8247095992496045,0.5014597177505493
52.343239,33.554052936907624,41.98780242928551,-1.7675922290601296,0.5097334980964661
52.38363,33.49830026076421,41.7462296311758,-1.707361049805046,0.4944629371166229
52.443194,33.436830394457616,41.39467763636071,-1.6481676052668899,0.5354023575782776
52.483453,33.39592751239377,41.0449535607009,-1.5901903118025558,0.5475244522094727
52.543858,33.383500293286744,40.75901415985581,-1.529493349297927,0.5495052337646484
52.583151,33.362563096041804,40.33247592098026,-1.4572414796441246,0.5629073977470398
52.643675,33.32718636770149,40.009524142904255,-1.4017891366976374,0.5953438878059387
52.68411,33.344906551438775,39.65391154066189,-1.343379486368613,0.5868044495582581
52.744687,33.39379904808969,39.4108574284668,-1.2820324954734186,0.579869270324707
52.785039,33.399576495782,39.104324335098084,-1.2226466356782264,0.5727859139442444
52.825514,33.34742031068529,38.86534995681972,-1.16454782242911,0.629990816116333
52.886016,33.480843576326464,38.61317019878745,-1.1001977067861388,0.6434183716773987
52.925301,33.62091896068467,38.264727795020605,-1.0304667847922357,0.6601354479789734
52.985684,33.67496205586808,38.0607802981377,-0.9718422453654529,0.6800240874290466
53.026722,33.67481665020203,37.82398295518381,-0.9119505324790728,0.6574923396110535
53.086829,33.85153625179535,37.618618914935624,-0.8486162229006805,0.6967222690582275
53.126221,33.96410213895823,37.459552117483526,-0.7933487067457723,0.7440440058708191
53.186864,34.05424602311575,37.30129626838896,-0.7406149157091698,0.7645227909088135
53.227255,34.25751237746526,37.01641237908849,-0.688516146242966,0.7554201483726501
53.287902,34.38453188414561,36.901378961845374,-0.6487963003664566,0.7737323641777039
53.328348,34.52415629182372,36.78402280491586,-0.6118872117141292,0.7798787951469421
53.388988,34.606646829242266,36.57856862144006,-0.5793213034955992,0.731804370880127
53.428611,34.66860979229639,36.48210967014211,-0.5641560354810693,0.7822608947753906
53.489119,34.77302867537403,36.41672666885877,-0.559433543131605,0.8010681867599487
53.529552,34.89179366864289,36.40151529067944,-0.5628337068775483,0.7761011719703674
53.590146,35.06045970576549,36.34742543324758,-0.5657886270710384,0.7454860210418701
53.630523,35.10201189148069,36.26972153461766,-0.567346988482043,0.7552857398986816
53.691162,35.161303521726175,36.21338607691637,-0.5648888440441016,0.7651416063308716
53.731547,35.29256007666172,36.18141801806931,-0.5643985530786558,0.7702370285987854
53.792059,35.346256848170476,36.06251428923991,-0.562012445002774,0.7479637861251831
53.832514,35.43832325718713,36.00453829135476,-0.5619857987546522,0.7572459578514099
53.893035,35.4780227245052,36.013639516253704,-0.5600392903293362,0.7330296635627747
53.933416,35.603785374971984,36.04225132758343,-0.56169935158734,0.7624991536140442
53.99295,35.57926481924647,35.91232449299215,-0.5580497845490962,0.7283729314804077
54.032334,35.61930162700811,35.922378406480064,-0.5671502776702201,0.7570003271102905
54.092826,35.70551127284899,35.968968236772206,-0.5592048994051871,0.7570844888687134
54.132133,35.72771175567562,35.832437732626566,-0.558724363676342,0.735027015209198
54.192721,35.77499258798585,35.85389007273323,-0.5568491339647527,0.717225968837738
54.233078,35.79693149921162,35.807013521604205,-0.5648543803324211,0.7795175909996033
54.29369,35.773814790403236,35.77051889496043,-0.5646367693060911,0.7064112424850464
54.334064,35.84356220188363,35.8274933097396,-0.5561144997692156,0.7197920680046082
54.39463,35.83541201185727,35.760272427754785,-0.5625477034533223,0.7106695771217346
54.435027,35.86100612717477,35.80087958551194,-0.5623913205545076,0.7153418064117432
54.4954,35.85920255409106,35.716933250725184,-0.561901029589062,0.7252508997917175
54.535714,35.89749892156741,35.777903638932216,-0.5608356164879197,0.7625850439071655
54.596185,35.84903072026338,35.7006490373712,-0.5603108903710547,0.7198111414909363
54.636586,35.874507770336955,35.741329744340824,-0.5595110588232579,0.7463912963867188
54.697343,35.86029036024241,35.77288834459818,-0.5595172079574399,0.7500280141830444
54.737656,35.88321879491547,35.809501551005745,-0.5594861934719207,0.7295845746994019
54.798335,35.867989797888875,35.78505737686212,-0.5571679698853023,0.7083577513694763
