0.051135,28.170003,33.350688,1.927512,0.724
0.101558,28.255708,33.381868,1.919716,0.753
0.150654,28.185895,33.449128,1.899883,0.74
0.201106,28.145599,33.435819,1.894037,0.755
0.251505,28.173012,33.444649,1.882418,0.757
0.301936,28.10958,33.500505,1.864117,0.746
0.351049,28.17065,33.552924,1.857852,0.794
0.401457,28.159021,33.594529,1.843342,0.781
0.451889,28.159021,33.594529,1.831183,0.775
0.502327,28.117123,33.584001,1.816979,0.744
0.551431,28.124163,33.679381,1.803001,0.775
0.601841,28.157013,33.730892,1.788495,0.775
0.652274,28.08838,33.849291,1.764855,0.755
0.702796,28.139441,33.814769,1.757186,0.751
0.751818,28.08165,33.892602,1.734548,0.762
0.802394,28.077384,33.921084,1.719488,0.739
0.852694,28.067147,33.997199,1.704487,0.739
0.903126,28.110382,34.00742,1.698933,0.758
0.952235,28.051667,34.13613,1.677028,0.748
1.002649,28.099425,34.1023,1.674375,0.749
1.053065,28.088221,34.221776,1.664291,0.76
1.102381,28.033574,34.352265,1.645648,0.761
1.152592,28.057723,34.430652,1.630722,0.77
1.203035,28.10127,34.455049,1.620357,0.745
1.252234,28.094466,34.650134,1.594203,0.754
1.302553,28.046089,34.729906,1.575519,0.775
1.352977,28.047952,34.83869,1.553671,0.774
1.403502,28.053354,34.961772,1.526938,0.768
1.452515,28.105111,35.081629,1.500414,0.767
1.502943,28.088703,35.207082,1.4712,0.768
1.553372,28.104268,35.326068,1.440727,0.771
1.60384,28.117261,35.405006,1.407662,0.756
1.654408,28.122673,35.578527,1.372952,0.784
1.703348,28.124212,35.709718,1.337754,0.749
1.753782,28.158264,35.833106,1.301517,0.733
1.804219,28.209775,35.996373,1.265183,0.761
1.854624,28.301426,36.125099,1.228981,0.751
1.905054,28.335328,36.326883,1.191607,0.733
1.954224,28.383837,36.436641,1.154641,0.703
2.004648,28.432428,36.6354,1.1183,0.731
2.055013,28.492478,36.74844,1.082477,0.781
2.10545,28.622733,36.887534,1.046887,0.731
2.15457,28.751709,37.093717,1.011807,0.714
2.206032,28.839108,37.2239,0.979555,0.754
2.255419,28.990667,37.361363,0.949401,0.778
2.305836,29.054542,37.564104,0.920028,0.774
2.354992,29.179628,37.720161,0.895115,0.762
2.40541,29.341575,37.845219,0.870302,0.764
2.454472,29.473821,37.995255,0.848335,0.733
2.504897,29.608984,38.142669,0.828726,0.773
2.555387,29.796319,38.339874,0.811061,0.768
2.60444,29.956436,38.503312,0.795659,0.783
2.654946,30.162841,38.647421,0.781972,0.752
2.703972,30.259582,38.841761,0.770847,0.758
2.754426,30.509601,38.980659,0.761573,0.747
2.803506,30.711189,39.170345,0.754986,0.772
2.853925,30.956136,39.397994,0.748815,0.739
2.903056,31.103147,39.533596,0.745051,0.787
2.953511,31.250463,39.668866,0.742795,0.743
3.002617,31.521067,39.859191,0.743912,0.779
3.051687,31.721942,40.103855,0.746474,0.763
3.1021,31.978158,40.302956,0.749485,0.762
3.151211,32.209328,40.461212,0.755128,0.748
3.201641,32.389167,40.63198,0.759531,0.772
3.25074,32.621924,40.856218,0.766759,0.763
3.301168,32.822175,41.05192,0.773907,0.77
3.352727,33.04917,41.277471,0.782209,0.774
3.399367,33.230627,41.419781,0.790286,0.776
3.449803,33.425696,41.62065,0.800044,0.774
3.498913,33.669398,41.874644,0.806076,0.791
3.549444,33.872214,41.984638,0.814302,0.784
3.5985,34.088794,42.322957,0.821157,0.766
3.647591,34.307053,42.561329,0.829416,0.763
3.697972,34.433296,42.658687,0.838576,0.767
3.747102,34.634854,42.843586,0.847809,0.753
3.797494,34.846343,43.087984,0.857459,0.767
3.846613,35.057252,43.290825,0.864481,0.741
3.895713,35.185764,43.444072,0.872959,0.76
3.946189,35.368139,43.596304,0.878422,0.787
3.995232,35.573155,43.846157,0.883654,0.757
4.045732,35.752745,44.112572,0.887909,0.766
4.094765,35.911781,44.241311,0.893234,0.785
4.145207,36.094004,44.468451,0.894685,0.783
4.194311,36.294094,44.718178,0.895301,0.78
4.24475,36.418956,44.874413,0.89655,0.782
4.293881,36.574052,45.067932,0.895171,0.792
4.343044,36.776922,45.319531,0.892212,0.788
4.39337,36.984455,45.507718,0.891368,0.773
4.442576,37.127875,45.752047,0.886915,0.799
4.492888,37.324156,45.99044,0.88198,0.79
4.542005,37.503416,46.205535,0.876018,0.787
4.592438,37.742551,46.489444,0.870793,0.771
4.641524,37.961255,46.679337,0.864712,0.777
4.691991,38.092002,46.830682,0.858285,0.787
4.741055,38.374502,47.15327,0.851554,0.773
4.791534,38.644191,47.412263,0.84227,0.771
4.840596,38.839357,47.628383,0.836302,0.759
4.891081,39.072084,47.881709,0.827752,0.793
4.940163,39.238632,48.058932,0.816444,0.765
4.990546,39.514946,48.348156,0.808221,0.811
5.040993,39.593623,48.490502,0.79703,0.773
5.090089,39.876168,48.732962,0.786624,0.779
5.140518,40.083761,48.875355,0.773678,0.801
5.189669,40.279879,49.063827,0.765521,0.778
5.240055,40.529497,49.360886,0.760394,0.763
5.289154,40.718218,49.473385,0.757803,0.805
5.339587,40.843144,49.590444,0.752898,0.798
5.388684,41.176172,49.840816,0.748529,0.781
5.439114,41.323061,49.976549,0.745945,0.791
5.488308,41.523319,50.160617,0.743297,0.776
5.538642,41.670927,50.295567,0.740628,0.774
5.587777,41.931225,50.532525,0.738495,0.813
5.63821,42.16813,50.747644,0.737241,0.815
5.687306,42.316263,50.882019,0.736739,0.754
5.737744,42.534613,51.022467,0.738769,0.803
5.786843,42.7368,51.266048,0.7411,0.796
5.837237,42.951441,51.462838,0.74204,0.81
5.887674,43.208618,51.660696,0.744641,0.81
5.936781,43.355519,51.796416,0.745855,0.8
5.987222,43.583522,51.969492,0.750078,0.8
6.036397,43.750378,52.126044,0.753546,0.806
6.086732,43.95356,52.318701,0.758818,0.791
6.135889,44.231419,52.523394,0.760426,0.802
6.186345,44.428177,52.711197,0.762118,0.794
6.235387,44.607516,52.88249,0.762452,0.848
6.285855,44.917942,53.178304,0.761301,0.792
6.336268,45.061415,53.254905,0.759242,0.806
6.385336,45.286823,53.465971,0.75255,0.819
6.435817,45.466108,53.630297,0.741894,0.843
6.486206,45.764138,53.89709,0.730149,0.832
6.535342,45.94789,54.056405,0.714289,0.85
6.587074,46.13891,54.214568,0.691577,0.838
6.636322,46.302043,54.37756,0.659751,0.83
6.686666,46.60427,54.593078,0.619462,0.829
6.735687,46.772631,54.701034,0.570178,0.791
6.786123,46.98187,54.900542,0.509907,0.804
6.836543,47.264761,55.035899,0.434195,0.798
6.886997,47.492841,55.200664,0.366834,0.799
6.937409,47.771342,55.285719,0.296404,0.784
6.987842,48.045879,55.391988,0.222046,0.799
7.038296,48.291089,55.429082,0.150138,0.807
7.088717,48.672941,55.574425,0.077865,0.778
7.139147,48.90174,55.574091,-0.001461,0.802
7.189559,49.158589,55.633505,-0.080994,0.786
7.240006,49.567863,55.66201,-0.154633,0.797
7.290505,49.889326,55.631554,-0.22865,0.794
7.339516,50.148946,55.631336,-0.301149,0.767
7.389974,50.465844,55.594825,-0.368202,0.743
7.440426,50.77967,55.537637,-0.433744,0.779
7.490807,51.090635,55.422795,-0.499083,0.776
7.539944,51.367897,55.283826,-0.557618,0.75
7.593529,51.703409,55.140173,-0.616557,0.772
7.640807,52.005554,55.000291,-0.676228,0.767
7.689867,52.270868,54.768914,-0.730813,0.772
7.740354,52.553741,54.594731,-0.785229,0.779
7.790742,52.850331,54.444499,-0.84847,0.765
7.841161,53.050021,54.184291,-0.916238,0.8
7.890259,53.244946,53.977632,-0.984388,0.81
7.940717,53.482817,53.707013,-1.053867,0.796
7.991123,53.722021,53.477799,-1.134715,0.824
8.041615,53.919036,53.155064,-1.214311,0.809
8.091983,54.033032,52.911312,-1.294584,0.829
8.142565,54.212583,52.611737,-1.381581,0.831
8.191514,54.292792,52.261396,-1.466219,0.811
8.24199,54.350178,51.947677,-1.551279,0.871
8.292402,54.484592,51.586536,-1.633555,0.828
8.342802,54.517843,51.258367,-1.714797,0.814
8.391911,54.568609,50.919249,-1.789708,0.85
8.442342,54.566518,50.59727,-1.864465,0.852
8.492777,54.50026,50.291867,-1.938643,0.858
8.543233,54.501423,49.937603,-2.010962,0.848
8.592301,54.427728,49.658045,-2.080235,0.861
8.642769,54.343158,49.330806,-2.151437,0.865
8.693156,54.176422,48.979941,-2.213431,0.836
8.742261,54.022058,48.722858,-2.272303,0.857
8.792684,53.9762,48.563286,-2.331527,0.846
8.841878,53.685941,48.183244,-2.38434,0.859
8.892246,53.54164,48.02208,-2.434577,0.86
8.942773,53.269736,47.719999,-2.481762,0.883
8.991774,53.0494,47.477026,-2.528688,0.853
9.044115,52.743456,47.281291,-2.572439,0.847
9.091286,52.554142,47.123065,-2.610535,0.803
9.141725,52.203124,46.931269,-2.641517,0.829
9.19083,51.886195,46.767371,-2.664325,0.839
9.241248,51.616177,46.681602,-2.680951,0.819
9.290386,51.337946,46.547642,-2.692877,0.812
9.339449,51.075382,46.469909,-2.695337,0.846
9.389953,50.696315,46.335095,-2.692314,0.806
9.439039,50.344162,46.078666,-2.689432,0.8
9.488087,50.147363,46.061052,-2.679337,0.843
9.53866,49.69504,45.750369,-2.671328,0.84
9.587617,49.515689,45.7371,-2.655845,0.838
9.63672,49.137293,45.625317,-2.645003,0.807
9.687158,48.858913,45.363837,-2.618557,0.813
9.736256,48.5635,45.218425,-2.596599,0.804
9.785364,48.31198,45.110167,-2.57672,0.791
9.835785,48.027805,44.970682,-2.548406,0.862
9.884904,47.761518,44.779168,-2.528904,0.845
9.935377,47.339038,44.499933,-2.500663,0.832
9.984466,47.152438,44.354135,-2.465855,0.807
10.033532,46.77079,44.141519,-2.44493,0.837
10.083953,46.620784,44.009238,-2.418901,0.8
10.133072,46.271015,43.664604,-2.383252,0.846
10.182161,45.988603,43.421988,-2.354417,0.842
10.232676,45.683185,43.160099,-2.32519,0.829
10.281691,45.450245,42.896199,-2.293962,0.838
10.332117,45.243612,42.647681,-2.264428,0.824
10.381231,44.978743,42.383224,-2.228374,0.858
10.430338,44.786606,42.11739,-2.196644,0.817
10.480774,44.392972,41.751373,-2.161272,0.791
10.529877,44.227203,41.485167,-2.127746,0.764
10.580296,44.028017,41.138288,-2.092045,0.805
10.629422,43.770495,40.817893,-2.051961,0.802
10.679835,43.576354,40.419477,-2.024219,0.788
10.728923,43.304735,40.03431,-1.990269,0.802
10.779355,43.081174,39.61096,-1.966295,0.794
10.828537,42.924813,39.211685,-1.944049,0.788
10.878878,42.724194,38.798144,-1.928348,0.77
10.929345,42.695316,38.505807,-1.916881,0.8
10.978469,42.502946,38.064504,-1.905358,0.802
11.028859,42.35024,37.638204,-1.904168,0.768
11.079293,42.196443,37.212296,-1.906728,0.783
11.129739,42.006615,36.809484,-1.914019,0.8
11.178856,41.857096,36.332331,-1.932091,0.797
11.229244,41.65814,35.84325,-1.957148,0.743
11.281293,41.477784,35.433158,-1.985129,0.768
11.330112,41.340792,35.049801,-2.02032,0.783
11.380546,41.000667,34.502181,-2.059521,0.749
11.430953,40.81611,34.126459,-2.116734,0.792
11.481386,40.468605,33.54408,-2.172529,0.878
11.531841,40.317478,33.204849,-2.238015,0.805
11.583574,40.062488,32.788078,-2.307625,0.775
11.634004,39.728115,32.427106,-2.376525,0.773
11.684481,39.288683,31.948936,-2.456822,0.867
11.734888,39.168448,31.771618,-2.533294,0.804
11.7853,38.684994,31.337831,-2.608653,0.805
11.835748,38.504881,31.160181,-2.684828,0.786
11.886186,38.018833,30.825642,-2.757442,0.811
11.936636,37.624079,30.491714,-2.836647,0.79
11.987008,37.166516,30.231414,-2.91728,0.774
12.037491,36.771396,29.959905,-3.003187,0.763
12.087891,36.456584,29.852152,-3.089453,0.734
12.138314,36.053565,29.75501,3.102168,0.731
12.188915,35.599832,29.580813,3.018008,0.675
12.239175,35.252758,29.521585,2.938547,0.733
12.289618,34.713329,29.25754,2.867942,0.734
12.340039,34.3675,29.218654,2.813647,0.709
12.390477,33.979695,29.214481,2.749627,0.696
12.439588,33.649441,29.284598,2.693158,0.653
12.489989,33.202424,29.297861,2.648282,0.716
12.540434,32.896137,29.329044,2.611355,0.744
12.589662,32.533925,29.423983,2.577013,0.721
12.639964,32.079058,29.542764,2.546115,0.706
12.690466,31.779714,29.60578,2.519602,0.733
12.739514,31.43247,29.833768,2.491231,0.679
12.790354,31.137276,29.914012,2.461665,0.706
12.839,30.846943,30.123398,2.436242,0.732
12.889437,30.5747,30.31137,2.406346,0.692
12.939969,30.289186,30.591516,2.365684,0.711
12.988961,29.955871,30.886802,2.319454,0.74
13.039394,29.729611,31.15645,2.268923,0.715
13.089825,29.523852,31.352326,2.211018,0.706
13.138955,29.306984,31.637254,2.152,0.656
13.189417,29.030808,32.040234,2.073772,0.69
13.239796,28.906624,32.243991,2.009632,0.637
13.290224,28.675097,32.629633,1.939905,0.702
13.339318,28.489659,32.991291,1.866496,0.723
13.389749,28.422037,33.292596,1.791568,0.762
13.440195,28.245042,33.641366,1.719956,0.736
13.490655,28.141718,34.034442,1.649748,0.736
13.539719,28.137819,34.434423,1.580545,0.726
13.590137,28.00196,34.733494,1.516119,0.696
13.64058,28.010797,35.183486,1.45503,0.706
13.689673,28.038905,35.584828,1.393291,0.71
13.740104,28.047347,35.956767,1.321298,0.7
13.790571,28.013546,36.343119,1.255338,0.729
13.839655,28.185355,36.669471,1.200078,0.679
13.890078,28.225617,37.119676,1.129653,0.685
13.939173,28.282494,37.355608,1.073837,0.689
13.989593,28.440105,37.745646,1.00533,0.721
14.040062,28.594338,38.145367,0.945791,0.746
14.089129,28.727389,38.453706,0.888401,0.757
14.139611,28.911279,38.729518,0.837443,0.772
14.188698,29.257078,39.152204,0.797111,0.748
14.239093,29.427182,39.421128,0.763036,0.751
14.288201,29.624065,39.5994,0.73583,0.753
14.338711,29.948078,39.945959,0.717662,0.712
14.387725,30.197565,40.158892,0.706512,0.774
14.436865,30.594374,40.494961,0.702708,0.758
14.487368,30.896222,40.712921,0.702826,0.745
14.536366,31.239283,41.001041,0.698573,0.762
14.585464,31.48546,41.150621,0.696535,0.746
14.635899,31.94796,41.480422,0.695576,0.762
14.684993,32.328035,41.799106,0.697766,0.733
14.734107,32.598527,42.024356,0.694391,0.764
14.784539,32.93895,42.308149,0.694923,0.782
14.833676,33.245167,42.565504,0.698914,0.757
14.882803,33.572952,42.841957,0.700648,0.756
14.93319,34.01104,43.119533,0.704044,0.752
14.982269,34.373054,43.429829,0.708624,0.767
15.031397,34.783878,43.786423,0.714849,0.734
15.081803,35.112919,44.017936,0.720722,0.753
15.131076,35.443886,44.312703,0.727609,0.755
15.181325,35.947709,44.728803,0.734416,0.762
15.230541,36.15442,44.917669,0.740319,0.744
15.280946,36.654744,45.345388,0.751089,0.783
15.329995,37.028439,45.636939,0.753813,0.771
15.379066,37.334905,45.895606,0.772895,0.77
15.429495,37.695329,46.261501,0.792931,0.765
15.478606,38.210729,46.679972,0.819781,0.776
15.527753,38.475548,46.979757,0.84725,0.774
15.578134,38.927626,47.379898,0.876172,0.776
15.627232,39.141404,47.720728,0.903013,0.781
15.677689,39.543821,48.128874,0.926862,0.77
15.726871,39.922072,48.526424,0.941857,0.787
15.777302,40.093665,48.842222,0.952575,0.785
15.826496,40.422173,49.309503,0.958045,0.786
15.876785,40.728796,49.670934,0.958528,0.768
15.92716,41.166829,50.219673,0.958687,0.775
15.976259,41.32887,50.448021,0.953643,0.747
16.026698,41.733727,51.008242,0.945014,0.766
16.077137,41.99554,51.357882,0.92806,0.775
16.127588,42.25876,51.761592,0.903255,0.769
16.178044,42.5535,52.109535,0.867993,0.766
16.228451,42.989783,52.577785,0.820725,0.76
16.279036,43.211826,52.855101,0.76011,0.726
16.329263,43.532448,53.220403,0.681696,0.765
16.379725,43.96224,53.697644,0.598726,0.779
16.430127,44.307933,53.947796,0.51368,0.769
16.480609,44.686127,54.206545,0.424542,0.789
16.531132,45.191254,54.713346,0.323404,0.755
16.582927,45.450823,54.821234,0.210417,0.745
16.633184,45.925704,55.099871,0.10207,0.791
16.683603,46.206269,55.207205,-0.00523,0.804
16.734041,46.668237,55.463744,-0.117206,0.755
16.785808,47.096723,55.692981,-0.23277,0.769
16.836258,47.443622,55.859201,-0.338561,0.749
16.886688,47.763491,55.88509,-0.429729,0.767
16.937099,48.173706,56.057171,-0.515714,0.766
16.987536,48.539198,56.103864,-0.593806,0.773
17.037963,48.90994,56.12979,-0.660758,0.782
17.087135,49.242492,56.159867,-0.725699,0.795
17.137498,49.573305,56.108388,-0.776849,0.796
17.187918,49.803952,56.051944,-0.809316,0.788
17.237011,50.081962,55.931499,-0.827589,0.815
17.287489,50.316396,55.835439,-0.83276,0.8
17.33654,50.54484,55.71007,-0.813963,0.795
17.38566,50.8166,55.571284,-0.775675,0.833
17.434747,50.988268,55.35491,-0.725429,0.808
17.483856,51.147654,55.165051,-0.677566,0.829
17.534289,51.300713,54.957058,-0.653836,0.845
17.583385,51.529732,54.80093,-0.650331,0.797
17.633809,51.773175,54.662294,-0.672499,0.787
17.684271,51.96694,54.440666,-0.705096,0.792
17.733355,52.259567,54.210474,-0.743972,0.817
17.783764,52.431966,54.032197,-0.802157,0.834
17.834194,52.663127,53.804487,-0.866753,0.84
17.884656,52.876145,53.56396,-0.935735,0.866
17.935264,53.068017,53.391123,-1.015809,0.807
17.985484,53.291846,53.159596,-1.096474,0.822
18.035923,53.380995,52.794686,-1.177241,0.834
18.086359,53.546657,52.542192,-1.258254,0.797
18.136789,53.626526,52.232216,-1.343615,0.81
18.185881,53.750487,51.926547,-1.430502,0.824
18.236325,53.844835,51.683642,-1.512356,0.818
18.286733,53.884764,51.373695,-1.596885,0.798
18.337163,53.98133,51.008855,-1.686804,0.797
18.387593,53.945699,50.583637,-1.767122,0.797
18.438043,53.97047,50.33858,-1.849356,0.828
18.487213,53.896794,50.016055,-1.926331,0.823
18.537586,53.770792,49.633969,-1.996925,0.86
18.587989,53.671418,49.389412,-2.066078,0.87
18.637087,53.511733,49.045638,-2.132617,0.861
18.687523,53.39164,48.79691,-2.195285,0.833
18.737955,53.207431,48.493142,-2.251446,0.85
18.787071,53.1085,48.248123,-2.306941,0.847
18.837514,52.859772,47.999048,-2.355496,0.844
18.886583,52.583272,47.687373,-2.400335,0.84
18.937096,52.277667,47.429292,-2.440305,0.829
18.986136,52.082643,47.276094,-2.475734,0.84
19.03655,51.783082,47.056886,-2.509865,0.833
19.085699,51.48886,46.855045,-2.540316,0.844
19.136079,51.254035,46.702542,-2.565615,0.849
19.185197,50.84327,46.414614,-2.58767,0.824
19.23448,50.551162,46.273332,-2.602224,0.817
19.284729,50.205691,46.071715,-2.61332,0.857
19.33382,49.900376,45.896539,-2.620694,0.821
19.384258,49.552139,45.699736,-2.6272,0.827
19.43341,49.203954,45.502841,-2.626935,0.836
19.482481,48.867296,45.343845,-2.622935,0.854
19.532886,48.483645,45.121948,-2.617222,0.838
19.582003,48.148363,45.006544,-2.605619,0.812
19.631275,47.776228,44.811419,-2.590069,0.831
19.681548,47.331995,44.473383,-2.558406,0.816
19.730621,47.01415,44.356533,-2.542125,0.811
19.779723,46.683441,44.204475,-2.511503,0.822
19.830149,46.210441,43.835326,-2.478892,0.821
19.879283,45.99572,43.655618,-2.444734,0.798
19.92836,45.581371,43.319433,-2.405963,0.816
19.978796,45.252397,43.062904,-2.363983,0.822
20.027932,44.958545,42.789993,-2.321251,0.813
20.077065,44.622728,42.512513,-2.273804,0.805
20.127431,44.251148,42.09346,-2.219012,0.794
20.17653,43.930113,41.746479,-2.164466,0.794
20.225626,43.728899,41.467947,-2.11249,0.769
20.274727,43.395018,41.002065,-2.058224,0.757
20.325169,43.117781,40.584967,-1.997,0.762
20.374257,42.835879,40.187833,-1.939134,0.753
20.424692,42.742935,39.913511,-1.880899,0.751
20.47382,42.504104,39.504512,-1.825665,0.749
20.522926,42.26919,38.974604,-1.773896,0.761
20.573333,42.079906,38.534309,-1.737501,0.778
20.623774,41.977459,38.169364,-1.717498,0.805
20.674181,41.906168,37.727073,-1.730609,0.761
20.724613,41.74093,37.103961,-1.762949,0.774
20.775228,41.730927,36.676635,-1.809214,0.787
20.825494,41.645164,36.150696,-1.867969,0.749
20.875919,41.490256,35.614136,-1.92929,0.761
20.926347,41.320319,35.220442,-1.988975,0.754
20.97681,41.281973,34.816698,-2.049658,0.791
21.027359,41.009748,34.364284,-2.112477,0.792
21.07763,40.834044,33.899263,-2.182498,0.817
21.128052,40.6538,33.486105,-2.259002,0.813
21.179845,40.308312,32.992602,-2.343,0.766
21.230242,40.149719,32.676291,-2.414347,0.797
21.280699,39.68243,32.167155,-2.492595,0.776
21.331173,39.317464,31.788547,-2.568071,0.783
21.381535,39.014259,31.485971,-2.641175,0.759
21.431968,38.776823,31.296516,-2.715698,0.799
21.482392,38.494149,31.074772,-2.784074,0.785
21.532838,37.878055,30.589562,-2.857109,0.764
21.58337,37.654727,30.539825,-2.922457,0.811
21.632354,37.204338,30.311491,-2.988124,0.808
21.682788,36.742894,30.011471,-3.052144,0.745
21.733216,36.371941,29.997911,-3.105053,0.746
21.783641,36.042252,29.90448,3.12405,0.755
21.834082,35.588175,29.736125,3.081773,0.741
21.883249,35.076707,29.687653,3.057621,0.735
21.933605,34.671522,29.655882,3.041751,0.683
21.982707,34.302302,29.694165,3.038274,0.719
22.033168,33.919719,29.744417,3.04832,0.733
22.082256,33.46925,29.735169,3.055384,0.744
22.132689,33.168622,29.7366,3.054367,0.738
22.183108,32.691781,29.764709,3.022382,0.687
22.232233,32.290212,29.789382,2.972644,0.694
22.282636,31.901616,29.884212,2.902239,0.707
22.333061,31.385744,29.874878,2.812164,0.696
22.384824,31.048211,29.994073,2.721586,0.723
22.43541,30.664654,30.07057,2.624278,0.671
22.485673,30.35555,30.201805,2.524004,0.685
22.536113,29.923416,30.316957,2.417523,0.66
22.58656,29.616024,30.519773,2.308115,0.707
22.636997,29.323347,30.642076,2.20535,0.658
22.687419,29.113719,30.84296,2.109789,0.661
22.737865,28.824343,31.147338,2.021231,0.655
22.788253,28.54855,31.306844,1.938578,0.707
22.838707,28.311531,31.57804,1.863155,0.723
22.887786,28.168835,31.862458,1.792051,0.765
22.938236,27.995148,32.14807,1.724218,0.723
22.988646,27.796039,32.451492,1.660271,0.756
23.039112,27.707084,32.769119,1.598884,0.773
23.088174,27.621894,33.008147,1.545537,0.748
23.138647,27.523625,33.411768,1.496392,0.727
23.189035,27.47536,33.691151,1.455813,0.729
23.238169,27.397152,34.073999,1.411622,0.764
23.288569,27.416549,34.341241,1.385341,0.736
23.33768,27.502857,34.731819,1.353315,0.748
23.388124,27.532499,35.049272,1.326568,0.697
23.437289,27.567912,35.354994,1.298874,0.671
23.487631,27.57545,35.691067,1.263351,0.721
23.53813,27.641258,36.015289,1.239591,0.699
23.587262,27.764841,36.350003,1.217103,0.689
23.637592,27.868978,36.609917,1.189722,0.715
23.688043,28.010822,36.93731,1.161956,0.725
23.737133,28.265955,37.275651,1.139465,0.723
23.787552,28.309035,37.566961,1.109096,0.713
23.838007,28.464398,37.855832,1.077348,0.755
23.88711,28.726173,38.305135,1.04325,0.746
23.937516,28.88121,38.551632,1.009355,0.734
23.987951,29.021249,38.835535,0.975659,0.719
24.037044,29.256253,39.159221,0.942817,0.716
24.087537,29.489969,39.526988,0.905379,0.746
24.137935,29.774208,39.75436,0.873818,0.761
24.18834,30.154227,40.182945,0.845388,0.73
24.237444,30.28086,40.384405,0.81376,0.748
24.287868,30.572014,40.719792,0.790989,0.745
24.338299,30.880761,41.017363,0.777657,0.687
24.387555,31.253659,41.394228,0.754641,0.721
24.437841,31.495603,41.615694,0.741238,0.746
24.488267,31.793938,41.882145,0.729004,0.729
24.537384,32.130948,42.17732,0.719319,0.724
24.587796,32.481257,42.439629,0.719235,0.758
24.636912,32.838882,42.710992,0.713302,0.739
24.68739,33.165478,43.011513,0.701604,0.737
24.737769,33.561716,43.286298,0.706122,0.696
24.786862,33.914957,43.530403,0.70547,0.777
24.837383,34.321606,43.933853,0.705963,0.753
24.886432,34.69863,44.219276,0.708934,0.748
24.936826,34.932412,44.421027,0.711987,0.703
24.987396,35.446496,44.809988,0.714781,0.737
25.036362,35.865763,45.176378,0.718196,0.745
25.086783,36.187241,45.460141,0.723165,0.748
25.135891,36.567159,45.678885,0.731975,0.716
25.186327,37.011976,46.145479,0.742224,0.758
25.235576,37.427579,46.442279,0.761609,0.714
25.285854,37.843296,46.816449,0.77517,0.718
25.336288,38.033368,47.008785,0.804657,0.763
25.385395,38.521398,47.452465,0.827814,0.723
25.435814,38.863516,47.844071,0.852744,0.733
25.484917,39.186079,48.158651,0.879606,0.777
25.535427,39.505246,48.514039,0.899372,0.775
25.584443,39.888571,48.939712,0.913184,0.798
25.637675,40.190388,49.267125,0.923218,0.794
25.685303,40.452408,49.688602,0.927437,0.772
25.734413,40.912967,50.183227,0.927784,0.791
25.784859,41.161368,50.560993,0.925385,0.787
25.835285,41.509965,51.013486,0.914372,0.781
25.885742,41.748025,51.382252,0.898969,0.739
25.936127,42.103083,51.767611,0.88129,0.776
25.986568,42.419594,52.128471,0.850777,0.761
26.036989,42.775203,52.559093,0.803087,0.772
26.088245,43.158695,52.915003,0.748114,0.766
26.137859,43.413643,53.220473,0.681064,0.773
26.18828,43.826323,53.602005,0.598938,0.797
26.238705,44.261795,53.988895,0.517583,0.77
26.289132,44.591911,54.306309,0.42746,0.805
26.339619,44.992276,54.529221,0.332548,0.774
26.391488,45.31189,54.793954,0.228107,0.742
26.44179,45.836105,55.10224,0.110023,0.779
26.49218,46.15944,55.225085,-0.001097,0.82
26.542639,46.63712,55.508054,-0.111584,0.752
26.593036,47.024108,55.626984,-0.218535,0.739
26.64363,47.278963,55.789306,-0.331968,0.702
26.69389,47.749382,55.906499,-0.415544,0.725
26.74433,48.144363,56.023054,-0.498453,0.742
26.794785,48.473558,56.030912,-0.574918,0.746
26.845216,48.88068,56.089255,-0.633892,0.754
26.895716,49.171463,56.013012,-0.696267,0.74
26.944721,49.528381,56.102271,-0.751005,0.777
26.995188,49.928869,56.045581,-0.785702,0.794
27.044272,50.173322,55.961961,-0.812631,0.778
27.094705,50.432988,55.805205,-0.816007,0.77
27.143782,50.648696,55.694663,-0.809928,0.781
27.192889,50.877938,55.532274,-0.788029,0.81
27.241994,51.143558,55.343143,-0.751634,0.817
27.292442,51.316804,55.098261,-0.712683,0.811
27.34152,51.514121,54.910063,-0.691278,0.798
27.390652,51.691593,54.668225,-0.695321,0.822
27.441058,51.902429,54.488811,-0.722396,0.78
27.491668,52.122232,54.375625,-0.758549,0.807
27.541935,52.376834,54.046099,-0.818484,0.82
27.591176,52.59339,53.9029,-0.884558,0.825
27.641509,52.808796,53.67649,-0.964506,0.797
27.691874,52.971025,53.450585,-1.042704,0.814
27.742306,53.191597,53.197798,-1.118374,0.806
27.792742,53.336112,52.876257,-1.202896,0.818
27.843164,53.45442,52.574251,-1.296618,0.792
27.893594,53.634783,52.282622,-1.38442,0.794
27.944025,53.66985,51.932373,-1.471007,0.837
27.993128,53.75366,51.613349,-1.558872,0.794
28.043695,53.814714,51.33648,-1.639805,0.835
28.094003,53.835342,50.936932,-1.720533,0.807
28.144433,53.82058,50.661124,-1.79894,0.865
28.194843,53.800698,50.331876,-1.876085,0.861
28.243977,53.725128,50.060733,-1.945105,0.854
28.294411,53.618554,49.721837,-2.011007,0.837
28.344831,53.501908,49.450002,-2.073657,0.832
28.393908,53.437545,49.176656,-2.132808,0.818
28.444342,53.238785,48.844976,-2.185216,0.834
28.493464,53.094469,48.541573,-2.241564,0.809
28.54389,52.862016,48.277239,-2.281458,0.822
28.592992,52.731449,48.075019,-2.324568,0.829
28.643437,52.452725,47.801661,-2.365915,0.808
28.693834,52.156345,47.533036,-2.405278,0.813
28.742938,51.910274,47.27108,-2.445426,0.804
28.793371,51.582499,47.017522,-2.483175,0.811
28.84249,51.357775,46.855914,-2.518138,0.817
28.892902,51.098177,46.679977,-2.545971,0.829
28.942006,50.67152,46.402775,-2.565424,0.812
28.99437,50.437348,46.255179,-2.5911,0.816
29.041594,50.027587,46.011377,-2.5944,0.814
29.09122,49.664031,45.793189,-2.611345,0.825
29.141065,49.306258,45.536544,-2.608208,0.813
29.190168,48.975355,45.4231,-2.613649,0.81
29.239302,48.659299,45.237737,-2.601603,0.821
29.289785,48.332324,45.088541,-2.593029,0.835
29.338834,47.993922,44.875271,-2.579242,0.825
29.387899,47.540845,44.574177,-2.555054,0.841
29.438425,47.314229,44.451659,-2.533934,0.825
29.487497,46.847447,44.194801,-2.512915,0.79
29.536548,46.440164,43.881889,-2.478177,0.867
29.585691,46.051002,43.656329,-2.444723,0.839
29.636104,45.754686,43.387635,-2.405043,0.819
29.68517,45.489698,43.127691,-2.365803,0.834
29.734286,45.098045,42.840874,-2.320509,0.841
29.784706,44.788771,42.522118,-2.276207,0.801
29.833804,44.443602,42.19223,-2.227451,0.74
29.882909,44.142703,41.808988,-2.17727,0.804
29.933349,43.836617,41.467971,-2.126785,0.807
29.982448,43.523171,41.0528,-2.078623,0.784
30.03161,43.298802,40.754626,-2.033786,0.773
30.081978,43.01258,40.272354,-1.970361,0.768
30.131073,42.784097,39.875143,-1.917314,0.732
30.18155,42.565897,39.424373,-1.867165,0.772
30.23063,42.370538,38.942243,-1.816925,0.769
30.279832,42.145583,38.623985,-1.772037,0.802
30.330189,41.976817,38.117328,-1.741963,0.752
30.380569,41.911653,37.658898,-1.754417,0.753
30.43105,41.715528,37.08059,-1.779581,0.789
30.481511,41.677759,36.627073,-1.830593,0.786
30.531891,41.579423,36.103339,-1.891923,0.789
30.582294,41.45316,35.589827,-1.957643,0.78
30.632728,41.324347,35.108752,-2.016583,0.726
30.683156,41.102859,34.653524,-2.089445,0.786
30.733694,40.922468,34.219804,-2.16034,0.776
30.784006,40.664237,33.744925,-2.238381,0.78
30.835848,40.509175,33.415773,-2.314727,0.78
30.886193,40.233695,32.947695,-2.39561,0.766
30.93664,39.963801,32.535361,-2.474169,0.749
30.98709,39.583861,32.220358,-2.546777,0.743
31.03749,39.225872,31.781715,-2.625216,0.788
31.087915,38.941952,31.503958,-2.695287,0.785
31.138366,38.443547,31.134934,-2.759874,0.855
31.188838,38.31675,31.008749,-2.822259,0.821
31.237895,37.941236,30.796108,-2.881217,0.804
31.28831,37.410602,30.468507,-2.939457,0.782
31.338748,37.131946,30.363425,-2.992074,0.714
31.389225,36.590953,30.137827,-3.043219,0.766
31.438269,36.226201,30.023535,-3.078857,0.744
31.488711,35.829184,29.93658,-3.10407,0.724
31.539142,35.359293,29.851901,-3.114672,0.717
31.588256,34.889094,29.76895,-3.118349,0.761
31.638663,34.559952,29.835539,-3.125122,0.721
31.687903,34.039709,29.716598,3.139556,0.749
31.738193,33.596758,29.731447,3.108083,0.715
31.788628,33.277437,29.672938,3.065514,0.753
31.839059,32.794999,29.769687,3.002243,0.753
31.889577,32.421166,29.725467,2.934895,0.725
31.939914,31.92901,29.79588,2.84439,0.697
31.990349,31.544778,29.840518,2.740818,0.678
32.040781,31.180209,29.919466,2.632358,0.708
32.091207,30.760372,30.003469,2.516683,0.725
32.141763,30.40362,30.099607,2.4074,0.698
32.192061,30.017318,30.235473,2.282004,0.678
32.242527,29.737661,30.417941,2.181637,0.683
32.295706,29.387635,30.632632,2.073094,0.678
32.343356,29.169547,30.746376,1.985015,0.637
32.392453,28.850523,31.059783,1.901428,0.638
32.4429,28.634219,31.209856,1.827069,0.723
32.49331,28.397237,31.548175,1.758168,0.749
32.542425,28.15722,31.82701,1.706784,0.734
32.59284,28.062038,32.067069,1.66572,0.742
32.641946,27.951353,32.384126,1.631643,0.736
32.691083,27.776451,32.626204,1.605492,0.74
32.741477,27.770051,32.978146,1.588979,0.749
32.790631,27.722588,33.243645,1.581508,0.717
32.839752,27.63503,33.491875,1.563907,0.736
32.890117,27.711586,33.963158,1.561137,0.736
32.939232,27.715462,34.23513,1.556546,0.755
32.988326,27.724116,34.555013,1.543751,0.751
33.038756,27.7408,34.877782,1.519152,0.756
33.087977,27.781337,35.198753,1.489691,0.744
33.138275,27.740106,35.433046,1.452587,0.731
33.187387,27.817737,35.913213,1.401211,0.74
33.237844,27.829898,36.157971,1.357107,0.724
33.290407,27.949587,36.599642,1.297211,0.724
33.337341,28.05026,36.906988,1.249688,0.74
33.387984,28.186298,37.252362,1.195571,0.734
33.438207,28.228612,37.514906,1.136833,0.733
33.487318,28.41836,37.867036,1.076549,0.73
33.537848,28.569172,38.25465,1.016749,0.757
33.586855,28.76672,38.546242,0.972364,0.711
33.637283,28.882016,38.846113,0.919913,0.745
33.686372,29.078774,39.090576,0.889887,0.733
33.736802,29.331867,39.515336,0.848494,0.728
33.78591,29.578595,39.714216,0.827257,0.705
33.836348,29.867609,40.011198,0.798996,0.706
33.885432,30.202728,40.302887,0.7713,0.739
33.936,30.411729,40.622927,0.751365,0.744
33.984971,30.77314,40.891602,0.745527,0.69
34.035444,31.033142,41.186456,0.726172,0.715
34.084504,31.354261,41.42669,0.714171,0.751
34.133683,31.727974,41.649248,0.714112,0.742
34.184046,32.013424,41.893981,0.708751,0.705
34.233151,32.387202,42.269752,0.696534,0.714
34.283602,32.750354,42.533673,0.692652,0.736
34.332672,33.080034,42.807864,0.693766,0.752
34.381848,33.420833,43.088704,0.700283,0.718
34.432246,33.772547,43.292374,0.702988,0.773
34.481304,34.10199,43.631346,0.696862,0.733
34.531839,34.549774,43.949209,0.705603,0.733
34.58095,34.83915,44.159916,0.709909,0.713
34.630352,35.373735,44.625336,0.716344,0.746
34.680413,35.701509,44.79323,0.723627,0.743
34.729468,36.067907,45.212325,0.722683,0.754
34.780046,36.502031,45.478134,0.72954,0.759
34.828999,36.793415,45.780877,0.73592,0.751
34.879454,37.211587,46.16998,0.749406,0.741
34.928533,37.675504,46.514624,0.772224,0.787
34.977638,38.066727,46.85262,0.796191,0.798
35.028275,38.404446,47.176736,0.826413,0.793
35.077175,38.86361,47.629702,0.853092,0.832
35.127607,39.019156,47.816656,0.876844,0.754
35.176702,39.371854,48.185909,0.893027,0.78
35.227146,39.668707,48.563107,0.904036,0.783
35.27624,40.037186,49.036629,0.909511,0.803
35.32667,40.310986,49.391224,0.913269,0.785
35.375943,40.850346,49.94551,0.917242,0.804
35.4262,41.032184,50.255522,0.919833,0.801
35.476622,41.363786,50.642493,0.918845,0.782
35.525773,41.816866,51.159919,0.914458,0.769
35.576154,42.153738,51.611973,0.895317,0.765
35.626591,42.287163,51.815437,0.871729,0.775
35.677015,42.668594,52.305116,0.839375,0.77
35.72746,43.091424,52.679649,0.801455,0.792
35.777931,43.292205,52.988373,0.743922,0.763
35.828307,43.720247,53.367687,0.674739,0.807
35.878743,44.026769,53.636409,0.601756,0.759
35.929167,44.379296,53.967929,0.517739,0.79
35.979605,44.815155,54.354404,0.42712,0.804
36.030111,45.148399,54.582331,0.327026,0.751
36.080459,45.722577,55.010533,0.222107,0.736
36.132207,46.097494,55.17693,0.110383,0.778
36.182687,46.424854,55.306557,0.004965,0.805
36.233071,46.777023,55.522572,-0.103367,0.747
36.283579,47.276678,55.738565,-0.219327,0.742
36.333985,47.483836,55.865525,-0.319485,0.725
36.384352,48.0155,55.975387,-0.402281,0.776
36.434833,48.274135,56.064887,-0.500854,0.783
36.485216,48.602128,56.061061,-0.578019,0.729
36.535694,49.049384,56.169509,-0.638814,0.759
36.584749,49.367878,56.161419,-0.70406,0.763
36.635197,49.746686,56.140255,-0.751629,0.772
36.685612,50.026265,56.076332,-0.783375,0.812
36.734801,50.219681,55.945018,-0.803229,0.818
36.783867,50.522283,55.917066,-0.810444,0.783
36.834258,50.803533,55.760306,-0.795658,0.791
36.883419,50.972906,55.536736,-0.755926,0.826
36.932467,51.165143,55.31413,-0.721542,0.818
36.981589,51.341983,55.16895,-0.687395,0.833
37.032184,51.56484,54.93056,-0.676018,0.794
37.081149,51.756108,54.772698,-0.690004,0.812
37.131513,51.992644,54.62258,-0.720333,0.763
37.181983,52.215487,54.408809,-0.764621,0.802
37.232371,52.425074,54.182025,-0.824786,0.819
37.281503,52.648767,53.951394,-0.890429,0.823
37.332009,52.832389,53.738057,-0.96261,0.832
37.382338,53.028641,53.494857,-1.046035,0.821
37.432766,53.22163,53.19659,-1.132037,0.794
37.483203,53.408384,52.924702,-1.213909,0.819
37.533647,53.519067,52.653462,-1.292811,0.829
37.584175,53.588622,52.341011,-1.376751,0.828
37.634484,53.695782,52.10348,-1.459034,0.833
37.684911,53.736174,51.733362,-1.539525,0.828
37.735461,53.792091,51.334671,-1.623393,0.842
37.784445,53.853071,51.096033,-1.699918,0.845
37.834923,53.838341,50.808352,-1.772493,0.839
37.885315,53.757564,50.415536,-1.84548,0.859
37.935759,53.737413,50.130532,-1.91353,0.826
37.986164,53.61637,49.778441,-1.979352,0.83
38.035264,53.492066,49.466827,-2.045979,0.828
38.085702,53.456899,49.165896,-2.105892,0.797
38.136287,53.274658,48.893183,-2.159897,0.832
38.186555,53.096017,48.581318,-2.211477,0.861
38.235719,52.908755,48.354152,-2.260204,0.848
38.286371,52.640914,48.018057,-2.310719,0.834
38.336529,52.418313,47.735884,-2.359209,0.85
38.385619,52.211214,47.547444,-2.403333,0.849
38.436237,51.909676,47.23953,-2.44614,0.842
38.485179,51.626765,47.02212,-2.486372,0.85
38.535611,51.389848,46.852804,-2.521095,0.859
38.586081,50.994585,46.586147,-2.548096,0.844
38.635151,50.735211,46.418569,-2.567973,0.846
38.685551,50.473083,46.255331,-2.584619,0.844
38.73469,49.997423,45.965894,-2.59495,0.833
38.783981,49.668855,45.820241,-2.603836,0.851
38.834173,49.315789,45.52774,-2.607427,0.838
38.883383,48.996953,45.422327,-2.606204,0.824
38.933709,48.579148,45.173282,-2.604061,0.837
38.982842,48.262104,44.980222,-2.594627,0.825
39.033246,47.968992,44.830225,-2.581019,0.843
39.082361,47.528447,44.539186,-2.557778,0.841
39.131453,47.237566,44.42522,-2.535622,0.847
39.181925,46.753456,44.119413,-2.51218,0.786
39.23102,46.520321,43.939624,-2.471733,0.827
39.28142,46.092347,43.672748,-2.440772,0.841
39.330555,45.705243,43.32077,-2.403687,0.79
39.37965,45.447866,43.066779,-2.362814,0.798
39.430077,44.978954,42.74224,-2.318425,0.838
39.479174,44.686066,42.396921,-2.274225,0.805
39.528256,44.449644,42.164559,-2.219544,0.793
39.578689,44.064335,41.677476,-2.162694,0.79
39.627788,43.659998,41.242713,-2.110926,0.754
39.676897,43.462207,41.028216,-2.06183,0.748
39.727323,43.218506,40.668128,-1.999412,0.773
39.776416,42.881248,40.205456,-1.931976,0.746
39.825523,42.665385,39.773438,-1.874472,0.757
39.875973,42.422556,39.298218,-1.816391,0.778
39.925071,42.191888,38.828658,-1.7676,0.761
39.975528,42.040763,38.438276,-1.732261,0.761
40.02591,41.939423,38.048922,-1.71784,0.761
40.076344,41.861259,37.583439,-1.737164,0.762
40.126776,41.77602,36.978482,-1.772713,0.793
40.177206,41.723306,36.495983,-1.828506,0.782
40.227643,41.513562,35.918711,-1.904987,0.717
40.27813,41.549698,35.532044,-1.971149,0.74
40.328488,41.42024,35.173018,-2.030302,0.779
40.37897,41.143512,34.608512,-2.095353,0.792
40.429364,41.057398,34.212199,-2.168928,0.789
40.479782,40.642897,33.611801,-2.240873,0.789
40.531558,40.476429,33.271154,-2.316402,0.784
40.583255,40.105386,32.753383,-2.394909,0.79
40.632397,39.979089,32.466121,-2.482648,0.76
40.682843,39.596683,32.086096,-2.552597,0.772
40.734418,39.362832,31.827553,-2.623486,0.826
40.783734,38.84933,31.311214,-2.693951,0.765
40.834181,38.542752,31.182064,-2.768653,0.831
40.884561,38.26614,30.957063,-2.825898,0.818
40.93366,37.881526,30.619691,-2.885181,0.778
40.984188,37.527578,30.481131,-2.941914,0.772
41.034564,37.201142,30.317142,-2.992268,0.727
41.087632,36.738,30.119648,-3.045194,0.753
41.135402,36.262571,30.015882,-3.091853,0.767
41.184507,35.790816,29.851975,-3.140096,0.751
41.234902,35.346388,29.824123,3.107015,0.737
41.284151,34.911152,29.730107,3.081466,0.742
41.334447,34.553192,29.729202,3.063577,0.729
41.38354,34.028517,29.697349,3.055596,0.726
41.433967,33.586946,29.735311,3.055833,0.692
41.484387,33.110117,29.71078,3.041618,0.748
41.5335,32.757271,29.762846,3.019686,0.737
41.583931,32.320285,29.836824,2.964101,0.706
41.634428,31.898184,29.974977,2.890172,0.661
41.684813,31.529962,29.987381,2.808145,0.639
41.735242,31.209265,30.038534,2.731316,0.691
41.785648,30.806195,30.135462,2.62965,0.696
41.836086,30.378546,30.29869,2.535964,0.666
41.886617,30.082569,30.383434,2.433958,0.689
41.936933,29.744065,30.554037,2.330312,0.692
41.987407,29.415911,30.723531,2.216703,0.702
42.03648,29.088049,30.936445,2.122998,0.657
42.086895,28.893601,31.149068,2.030225,0.659
42.137324,28.593813,31.362338,1.94852,0.693
42.187817,28.357055,31.612152,1.871957,0.717
42.236857,28.198182,31.936287,1.803051,0.7
42.287288,28.081011,32.148467,1.738981,0.765
42.337738,27.839018,32.524552,1.678909,0.738
42.386864,27.749876,32.710291,1.634857,0.713
42.437248,27.695899,33.018103,1.590184,0.747
42.48638,27.610484,33.34288,1.552938,0.727
42.536779,27.547439,33.626294,1.52198,0.736
42.585904,27.61818,34.022352,1.501632,0.741
42.636465,27.480643,34.356513,1.47185,0.724
42.685507,27.552686,34.58656,1.459957,0.739
42.735879,27.591733,34.892881,1.444009,0.74
42.784965,27.728861,35.32044,1.421485,0.712
42.835409,27.79268,35.671486,1.390965,0.724
42.884482,27.835323,36.004404,1.357488,0.723
42.934918,27.864884,36.28617,1.31319,0.711
42.98407,27.98557,36.66753,1.264305,0.701
43.034452,28.018411,36.959448,1.211147,0.72
43.084893,28.130403,37.216076,1.159309,0.714
43.135323,28.436537,37.825061,1.096199,0.729
43.184453,28.477048,38.038335,1.045019,0.725
43.234839,28.68693,38.413367,0.99352,0.731
43.285268,28.841053,38.600548,0.954526,0.71
43.33437,29.050457,38.944083,0.915797,0.725
43.384809,29.266975,39.277799,0.876499,0.733
43.437217,29.511682,39.595523,0.842624,0.735
43.484486,29.756851,39.854756,0.82441,0.756
43.533449,30.124097,40.175993,0.802378,0.746
43.583877,30.275684,40.42762,0.780971,0.71
43.632975,30.628046,40.728426,0.768833,0.783
43.6834,30.918969,41.00295,0.756406,0.717
43.732496,31.269505,41.326158,0.744858,0.705
43.782945,31.553321,41.544295,0.735834,0.77
43.832038,31.887448,41.84273,0.729033,0.72
43.882513,32.277292,42.186854,0.723188,0.748
43.931566,32.56071,42.433938,0.717016,0.723
43.982019,32.913028,42.682147,0.714147,0.762
44.031094,33.309606,43.023415,0.710578,0.772
44.081527,33.655464,43.374878,0.705713,0.753
44.131953,34.052987,43.710103,0.700582,0.745
44.181063,34.364678,44.02813,0.698294,0.734
44.234607,34.722367,44.224238,0.698905,0.699
44.280594,35.173869,44.510256,0.699799,0.719
44.331025,35.478957,44.768947,0.703285,0.745
44.381467,35.805031,45.104097,0.706605,0.717
44.430552,36.300308,45.492581,0.710912,0.74
44.480986,36.661105,45.687883,0.720313,0.742
44.530087,37.105772,46.090712,0.73607,0.742
44.580532,37.398776,46.363014,0.748793,0.759
44.629649,37.947381,46.769719,0.771883,0.762
44.680055,38.345569,47.172528,0.791167,0.777
44.72915,38.639724,47.352934,0.817616,0.752
44.779608,38.987573,47.808057,0.842722,0.777
44.828685,39.326277,48.133417,0.867687,0.78
44.87912,39.708279,48.52814,0.88927,0.778
44.929583,40.081663,48.961365,0.909828,0.784
44.978661,40.465585,49.423353,0.925387,0.793
45.029066,40.709491,49.704651,0.933902,0.787
45.079502,41.1778,50.27201,0.939504,0.79
45.129943,41.501577,50.778996,0.930577,0.774
45.179055,41.742197,51.09853,0.925358,0.779
45.229467,42.124827,51.518374,0.907862,0.785
45.279893,42.342151,51.924169,0.879674,0.761
45.330404,42.802619,52.375325,0.842246,0.768
45.38075,43.063914,52.679552,0.789294,0.759
45.431226,43.440112,53.109119,0.715924,0.793
45.482947,43.918319,53.614538,0.635054,0.8
45.533377,44.21295,53.853017,0.553483,0.775
45.583811,44.582679,54.229595,0.464196,0.753
45.634256,44.890921,54.484865,0.366127,0.775
45.685988,45.41721,54.835607,0.266098,0.77
45.736614,45.79405,55.099956,0.152816,0.747
45.786865,46.256387,55.321379,0.04585,0.822
45.837275,46.668018,55.567808,-0.063366,0.797
45.889033,46.899737,55.73,-0.174704,0.733
45.939472,47.377701,55.938262,-0.285389,0.732
45.989889,47.818074,56.087901,-0.384798,0.718
46.040481,48.222998,56.184707,-0.477293,0.731
46.090804,48.515583,56.21922,-0.564112,0.753
46.141174,48.940339,56.301562,-0.641002,0.789
46.191637,49.305572,56.350235,-0.717437,0.781
46.242036,49.588413,56.351044,-0.782538,0.78
46.291143,49.925831,56.349285,-0.83086,0.799
46.34157,50.217434,56.239488,-0.869699,0.85
46.392003,50.426595,56.149548,-0.90433,0.801
46.441126,50.741236,56.137419,-0.921092,0.758
46.490237,50.968657,55.958915,-0.91716,0.822
46.540632,51.144447,55.806227,-0.901799,0.845
46.589738,51.331541,55.583083,-0.873049,0.786
46.638842,51.513592,55.380991,-0.83752,0.815
46.68927,51.630954,55.216505,-0.808046,0.84
46.738503,51.845448,55.019028,-0.793527,0.847
46.7888,51.966197,54.790757,-0.801685,0.87
46.837928,52.164082,54.577124,-0.823647,0.831
46.889659,52.376343,54.375699,-0.85779,0.844
46.938774,52.54845,54.158903,-0.91171,0.815
46.989192,52.794826,53.877914,-0.966796,0.811
47.039687,52.897071,53.70602,-1.0219,0.812
47.090375,53.114767,53.455091,-1.089492,0.797
47.140687,53.274554,53.088392,-1.159859,0.771
47.189608,53.341493,52.899927,-1.229514,0.817
47.240058,53.43406,52.593504,-1.30242,0.802
47.290511,53.581765,52.252047,-1.389335,0.797
47.340893,53.675636,52.023327,-1.464365,0.814
47.391328,53.729716,51.715533,-1.551074,0.8
47.441752,53.723486,51.319702,-1.645001,0.802
47.492179,53.751913,50.991081,-1.729487,0.84
47.542649,53.752737,50.661233,-1.813276,0.854
47.593031,53.704303,50.382091,-1.895674,0.838
47.643457,53.613085,50.095684,-1.975093,0.857
47.693885,53.597352,49.737422,-2.052387,0.858
47.743023,53.42566,49.457948,-2.121693,0.863
47.793417,53.294917,49.148635,-2.186792,0.863
47.843852,53.119205,48.813824,-2.24568,0.828
47.892945,52.926637,48.595386,-2.293337,0.834
47.94591,52.699687,48.318566,-2.338064,0.847
47.993838,52.529996,48.095655,-2.376279,0.855
48.042917,52.218661,47.872171,-2.406041,0.832
48.093344,52.055492,47.614312,-2.438485,0.811
48.142483,51.70108,47.385854,-2.456518,0.795
48.192868,51.387005,47.13815,-2.473795,0.811
48.242391,51.139168,47.001487,-2.495629,0.835
48.29241,50.912412,46.837225,-2.514677,0.823
48.34151,50.459449,46.513419,-2.520964,0.858
48.391935,50.255759,46.371946,-2.53453,0.826
48.441037,49.937852,46.153711,-2.551414,0.818
48.491468,49.490833,45.808407,-2.560428,0.821
48.540715,49.208963,45.67509,-2.560804,0.853
48.590997,48.914233,45.482638,-2.563128,0.801
48.640146,48.478278,45.199182,-2.55513,0.847
48.689223,48.167215,45.022052,-2.543407,0.797
48.739668,47.815528,44.827185,-2.538353,0.825
48.788735,47.45533,44.568953,-2.519604,0.794
48.839237,47.100275,44.303689,-2.490154,0.811
48.888295,46.836312,44.201297,-2.474798,0.824
48.937372,46.503161,43.851845,-2.441827,0.83
48.987809,46.09479,43.588158,-2.409589,0.835
49.036905,45.784427,43.347945,-2.384474,0.76
49.10138,45.402956,42.990214,-2.345761,0.81
49.136483,44.96706,42.61519,-2.301697,0.845
49.185569,44.762223,42.369341,-2.265448,0.769
49.234668,44.359032,41.956157,-2.218911,0.764
49.285093,44.094237,41.571242,-2.173377,0.782
49.334252,43.819662,41.274667,-2.126509,0.789
49.383325,43.484898,40.833064,-2.080401,0.792
49.433711,43.307315,40.571004,-2.029467,0.726
49.482878,42.978351,40.03112,-1.973282,0.741
49.531915,42.804379,39.758597,-1.914383,0.789
49.582346,42.559652,39.23355,-1.857253,0.735
49.631445,42.484605,38.955385,-1.806548,0.783
49.681875,42.179174,38.448691,-1.768422,0.799
49.730978,41.966774,37.959114,-1.753335,0.793
49.781405,42.013157,37.582486,-1.770011,0.772
49.831838,41.80909,36.9257,-1.80919,0.783
49.883618,41.728934,36.426144,-1.864145,0.743
49.934022,41.588143,35.959676,-1.923067,0.744
49.984526,41.438561,35.494935,-1.985609,0.766
50.034882,41.239358,34.99845,-2.042207,0.713
50.085318,41.187147,34.747323,-2.107599,0.775
50.135739,40.933084,34.242397,-2.173267,0.775
50.186192,40.738885,33.824273,-2.24385,0.8
50.236635,40.53124,33.421684,-2.315093,0.789
50.287071,40.208834,32.951302,-2.389421,0.8
50.337459,39.85143,32.50693,-2.465904,0.764
50.387904,39.634631,32.299762,-2.539671,0.804
50.438326,39.213538,31.901879,-2.617466,0.777
50.488842,38.909061,31.562726,-2.687439,0.829
50.539208,38.491084,31.225582,-2.759144,0.787
50.589623,38.120346,31.072668,-2.822269,0.802
50.640042,37.741842,30.767445,-2.88687,0.79
50.690482,37.265001,30.450536,-2.929819,0.74
50.740899,36.862292,30.285376,-2.963485,0.783
50.790036,36.453933,30.150457,-2.990695,0.775
50.840435,36.08741,30.053809,-3.010747,0.756
50.88954,35.689835,30.009834,-3.031431,0.776
50.939969,35.222878,29.843913,-3.051426,0.759
50.990405,34.751677,29.816454,-3.083385,0.757
51.039495,34.280416,29.693588,-3.135515,0.756
51.089968,33.878449,29.666621,3.089151,0.74
51.140357,33.459699,29.650217,3.031289,0.699
51.190921,33.005206,29.656419,2.95817,0.73
51.241234,32.590675,29.655268,2.878793,0.727
51.291651,32.201849,29.628676,2.795822,0.681
51.342068,31.840176,29.698075,2.701767,0.731
51.392553,31.441803,29.812688,2.595881,0.73
51.442934,31.033536,29.819669,2.486479,0.664
51.493365,30.745424,29.922478,2.384334,0.713
51.543858,30.371335,30.09668,2.288502,0.688
51.594234,30.027756,30.209455,2.189785,0.68
51.644714,29.800097,30.447089,2.099215,0.698
51.693775,29.576446,30.614026,2.023919,0.68
51.744204,29.217477,30.818861,1.95013,0.676
51.794665,29.117142,31.122724,1.889722,0.695
51.843731,28.949927,31.313055,1.847757,0.723
51.894141,28.752425,31.593361,1.817089,0.731
51.943274,28.645131,31.852996,1.790969,0.741
51.992368,28.517688,32.1125,1.77561,0.728
52.042784,28.407924,32.449727,1.763357,0.753
52.091911,28.396847,32.743905,1.755707,0.743
52.140982,28.368841,33.063976,1.747833,0.736
52.191441,28.28732,33.302145,1.728115,0.722
52.240531,28.287225,33.676435,1.699648,0.744
52.290963,28.190056,33.948726,1.661876,0.751
52.341386,28.174471,34.276356,1.61833,0.747
52.390562,28.17423,34.633156,1.571471,0.729
52.440913,28.192781,35.032725,1.524401,0.721
52.491392,28.227692,35.387813,1.472795,0.731
52.540474,28.157888,35.725431,1.419167,0.733
52.590917,28.208125,36.035316,1.364195,0.715
52.641327,28.344561,36.547041,1.301353,0.721
52.690444,28.453504,36.881979,1.253345,0.727
52.740927,28.544118,37.19355,1.1989,0.728
52.791291,28.633266,37.4973,1.148426,0.73
52.840367,28.719678,37.918935,1.08825,0.727
52.890964,28.858154,38.151196,1.04651,0.732
52.941366,29.037454,38.51136,1.001303,0.734
52.990357,29.343239,38.8735,0.960844,0.731
53.04094,29.586685,39.275139,0.923498,0.741
53.089876,29.766981,39.497666,0.889855,0.746
53.140291,29.92379,39.814836,0.852641,0.73
53.189395,30.194297,40.109497,0.828111,0.729
53.23988,30.599868,40.531919,0.805746,0.732
53.288983,30.91829,40.853843,0.790868,0.734
53.33939,31.139167,41.069646,0.77378,0.705
53.388529,31.439211,41.35548,0.761148,0.724
53.438928,31.824953,41.654903,0.748659,0.734
53.488005,32.132858,41.974982,0.739892,0.749
53.538429,32.405515,42.162354,0.733043,0.793
53.587547,32.746093,42.465574,0.727435,0.757
53.63796,33.137941,42.812263,0.724329,0.772
53.687059,33.474129,43.108374,0.7221,0.76
53.737487,33.843241,43.432463,0.72054,0.781
53.786592,34.171826,43.720259,0.719318,0.759
53.837034,34.533919,43.979452,0.71843,0.744
53.886164,34.932951,44.269539,0.725945,0.712
53.936548,35.221839,44.587662,0.72084,0.721
53.985683,35.760879,45.064984,0.724748,0.739
54.036113,35.998667,45.219007,0.727857,0.746
54.085191,36.456328,45.535919,0.73535,0.749
54.135677,36.857527,45.943521,0.742937,0.725
54.184814,37.147182,46.156293,0.754043,0.734
54.235148,37.645983,46.579628,0.769823,0.786
54.284257,37.983901,46.920525,0.789785,0.775
54.334693,38.363653,47.321141,0.812129,0.745
54.383784,38.718668,47.64302,0.836817,0.788
54.434211,39.007885,47.978848,0.859832,0.756
54.483316,39.341291,48.309635,0.883836,0.785
54.533738,39.727699,48.726004,0.898827,0.784
54.582866,39.988312,49.064503,0.914675,0.779
54.633286,40.35038,49.542944,0.922979,0.772
54.682417,40.618647,49.901744,0.928782,0.782
54.732887,40.958439,50.277059,0.929984,0.791
54.783267,41.358175,50.733314,0.932653,0.76
54.8337,41.616727,51.147923,0.913495,0.698
54.882882,41.890028,51.488658,0.894781,0.762
54.9332,42.322237,52.041058,0.865794,0.766
54.98364,42.547575,52.285963,0.826984,0.788
55.034094,42.925668,52.757376,0.775384,0.76
55.084497,43.258575,53.101436,0.711513,0.757
55.134951,43.586554,53.379157,0.63555,0.796
55.186712,44.058296,53.799488,0.554772,0.796
55.237111,44.374105,54.079784,0.465291,0.79
55.287579,44.708131,54.346757,0.370287,0.805
55.337965,45.27923,54.786059,0.268585,0.764
55.388402,45.582557,54.964835,0.160511,0.757
55.438942,45.976259,55.094677,0.042615,0.813
55.490621,46.393006,55.345556,-0.063451,0.782
55.541085,46.841821,55.60275,-0.166449,0.74
55.591438,47.177531,55.731984,-0.260017,0.765
55.641894,47.477844,55.739046,-0.347105,0.708
55.692345,47.915523,55.959961,-0.421995,0.722
55.741463,48.268563,55.965365,-0.490912,0.747
55.79186,48.636388,55.973276,-0.55323,0.759
55.842264,49.067716,55.950713,-0.600983,0.753
55.892705,49.345245,55.93936,-0.653345,0.729
55.941835,49.694383,55.85518,-0.67813,0.756
55.992237,50.049281,55.779306,-0.701874,0.793
56.041325,50.348084,55.679738,-0.712534,0.787
56.090445,50.56922,55.490274,-0.708415,0.797
56.14092,50.805469,55.385993,-0.698238,0.787
56.189989,51.030064,55.241322,-0.680257,0.775
56.239098,51.330996,54.976039,-0.661057,0.761
56.289504,51.501496,54.751597,-0.657182,0.801
56.338626,51.769317,54.591924,-0.676611,0.788
56.389116,52.045952,54.410475,-0.711476,0.772
56.439482,52.30376,54.163815,-0.763302,0.805
56.489886,52.510868,53.934765,-0.835665,0.816
56.540341,52.782372,53.699449,-0.91588,0.81
56.58943,52.97912,53.441254,-0.998212,0.799
56.63987,53.247369,53.183676,-1.093661,0.815
56.690277,53.421906,52.874249,-1.192748,0.823
56.740706,53.608826,52.669938,-1.290882,0.799
56.791138,53.753309,52.382189,-1.392632,0.789
56.841639,53.858336,51.988657,-1.499684,0.857
56.892009,53.92918,51.666506,-1.599311,0.822
56.94245,54.028466,51.423863,-1.69246,0.826
56.992978,54.081537,51.060677,-1.781916,0.81
57.043406,54.071471,50.758856,-1.872246,0.825
57.09372,54.081673,50.456049,-1.955876,0.825
57.14287,54.09459,50.140525,-2.032059,0.813
57.193252,53.975551,49.752474,-2.105014,0.819
57.242352,53.827253,49.445415,-2.161956,0.826
57.29279,53.783195,49.204697,-2.212544,0.815
57.343216,53.581376,48.909054,-2.250321,0.833
57.392311,53.38477,48.637027,-2.282537,0.84
57.441457,53.268747,48.374653,-2.310662,0.836
57.491845,53.047003,48.183717,-2.332133,0.846
57.541063,52.798127,47.934789,-2.356088,0.838
57.591392,52.595572,47.741473,-2.37953,0.83
57.640518,52.297794,47.474399,-2.410497,0.809
57.692541,52.024505,47.24501,-2.443308,0.811
57.740028,51.746085,47.029636,-2.483183,0.798
57.790458,51.583404,46.913296,-2.520775,0.804
57.839543,51.201937,46.608445,-2.555953,0.826
57.89,50.964135,46.460627,-2.58544,0.791
57.939077,50.652609,46.277022,-2.597415,0.81
57.989505,50.323187,46.134038,-2.622639,0.808
58.038637,49.932959,45.834979,-2.625374,0.828
58.087714,49.58312,45.64104,-2.635402,0.838
58.138142,49.271183,45.467829,-2.634708,0.831
58.187248,48.949826,45.370375,-2.631066,0.842
58.237675,48.523504,45.126393,-2.621793,0.833
58.286797,48.141153,44.902265,-2.611395,0.812
58.335896,47.911942,44.795524,-2.591618,0.85
58.38509,47.484669,44.551507,-2.564126,0.834
58.436741,47.154733,44.32536,-2.540715,0.779
58.484524,46.901605,44.229826,-2.511343,0.83
58.53363,46.394964,43.833566,-2.477843,0.832
58.584055,46.112371,43.660277,-2.446206,0.847
58.633227,45.691859,43.378939,-2.417702,0.755
58.682255,45.352057,43.092949,-2.377083,0.797
58.731359,45.072481,42.780777,-2.325666,0.792
58.781793,44.759225,42.554303,-2.287952,0.78
58.830891,44.407383,42.175483,-2.235635,0.747
58.880006,44.009847,41.818999,-2.16733,0.766
58.929237,43.721556,41.396843,-2.116568,0.802
58.979519,43.478828,41.119952,-2.063288,0.748
59.028652,43.216826,40.720799,-2.000278,0.749
59.07777,43.065782,40.401551,-1.931076,0.755
59.126865,42.816189,39.970849,-1.855334,0.76
59.17727,42.588656,39.538214,-1.792292,0.758
59.226365,42.314801,39.099646,-1.731814,0.753
59.276808,42.19969,38.724862,-1.69551,0.764
59.325912,42.02757,38.219714,-1.672392,0.771
59.37639,41.895929,37.710824,-1.677299,0.812
59.426756,41.86624,37.310889,-1.71677,0.799
59.477332,41.83973,36.78544,-1.773855,0.789
59.527652,41.708934,36.311971,-1.849988,0.772
59.578066,41.703491,35.809911,-1.929592,0.737
59.628466,41.508591,35.265766,-1.997877,0.769
59.678901,41.421222,34.848047,-2.053012,0.747
59.730677,41.147318,34.394776,-2.123245,0.748
59.781114,41.159717,34.121649,-2.187431,0.757
59.831516,40.932403,33.652628,-2.254416,0.746
59.881958,40.55641,33.18275,-2.327254,0.788
59.932438,40.280758,32.756513,-2.399773,0.805
59.982825,40.122949,32.379151,-2.477782,0.805
60.03333,39.676047,31.984275,-2.538948,0.771
60.083687,39.42286,31.657998,-2.607633,0.759
60.134094,38.975157,31.243513,-2.679126,0.78
60.184543,38.705493,31.097023,-2.75013,0.782
60.234958,38.315584,30.828153,-2.811558,0.811
60.285383,37.963664,30.598945,-2.874004,0.749
60.335813,37.511245,30.327233,-2.931128,0.793
60.386246,37.115333,30.112446,-2.988736,0.789
60.435371,36.764658,30.030978,-3.04705,0.78
60.485812,36.291267,29.842271,-3.104872,0.76
60.536203,35.977151,29.779188,3.133574,0.739
60.586764,35.537522,29.716571,3.101932,0.746
60.637124,35.096515,29.66454,3.077889,0.739
60.686189,34.610769,29.588454,3.050409,0.766
60.736599,34.160862,29.550048,3.03422,0.76
60.787045,33.806573,29.592306,3.02288,0.721
60.836132,33.318419,29.520017,2.992494,0.738
60.886578,32.888943,29.634496,2.956763,0.719
60.937025,32.526946,29.716639,2.918455,0.719
60.987427,32.063829,29.713072,2.85486,0.717
61.037852,31.680152,29.829783,2.77442,0.713
61.088307,31.319634,29.90495,2.685792,0.666
61.138741,30.96318,30.088716,2.593715,0.662
61.190368,30.590078,30.211061,2.49267,0.73
61.239591,30.22351,30.343427,2.381011,0.653
61.290016,29.879921,30.513587,2.274128,0.717
61.341782,29.638447,30.649132,2.169033,0.672
61.392185,29.273929,30.90822,2.060029,0.686
61.442632,28.989984,31.187881,1.959431,0.651
61.493047,28.804189,31.369562,1.873448,0.73
61.542165,28.593938,31.605182,1.797178,0.721
61.592583,28.472293,31.866373,1.725305,0.743
61.643041,28.294755,32.127529,1.665671,0.709
61.693512,28.159501,32.444648,1.618433,0.742
61.74256,28.07754,32.795482,1.585481,0.729
61.792976,28.032609,33.068006,1.559524,0.737
61.84207,27.925205,33.424052,1.53522,0.743
61.892535,27.936874,33.700606,1.528629,0.72
61.941606,27.895753,33.910074,1.537843,0.713
61.990714,27.880201,34.353624,1.563605,0.714
62.039891,27.988129,34.64951,1.611916,0.754
62.08891,27.96588,34.89651,1.660632,0.691
62.138048,27.998732,35.305458,1.714803,0.743
62.188479,27.953179,35.544354,1.759215,0.724
62.23759,27.931029,35.988012,1.774095,0.692
62.287994,27.811367,36.216855,1.770044,0.74
62.337131,27.740442,36.610517,1.749051,0.723
62.387572,27.701401,36.887781,1.710684,0.679
62.437952,27.676698,37.16669,1.659138,0.722
62.488382,27.636094,37.575307,1.578916,0.718
62.538799,27.610962,37.850364,1.487242,0.745
62.589242,27.605042,38.054891,1.386998,0.779
62.639666,27.545133,38.308983,1.290777,0.689
62.690128,27.479098,38.65401,1.212599,0.707
62.740528,27.661666,38.77533,1.154418,0.713
62.790946,27.745372,39.103112,1.082621,0.715
62.84143,27.785799,39.223001,1.015924,0.69
62.891811,27.928073,39.420243,0.945908,0.775
62.940914,27.955909,39.564442,0.867716,0.733
62.99294,28.147231,39.697149,0.793054,0.773
63.041774,28.307479,39.956833,0.714397,0.668
63.092214,28.469035,40.07473,0.63042,0.705
63.14263,28.578925,40.19522,0.548766,0.729
63.194395,28.718485,40.2667,0.473342,0.704
63.243483,29.06942,40.452404,0.403839,0.747
63.292594,29.203713,40.590124,0.320313,0.722
63.343037,29.487821,40.693043,0.252095,0.768
63.39347,29.771198,40.685948,0.191478,0.7
63.442561,29.878056,40.745057,0.125287,0.689
63.492987,30.228721,40.775686,0.087125,0.76
63.54208,30.471399,40.791622,0.065573,0.734
63.593383,30.699854,40.804181,0.05492,0.722
63.641613,31.017565,40.852024,0.059704,0.696
63.690743,31.303457,40.869734,0.078625,0.731
63.739816,31.510958,40.816426,0.11517,0.738
63.790255,31.83099,40.781008,0.176953,0.782
63.839353,32.045433,40.891874,0.222927,0.742
63.888488,32.279126,40.836633,0.291158,0.803
63.93757,32.491481,40.962799,0.360289,0.776
63.986749,32.729029,40.936486,0.431252,0.809
64.035763,32.971403,40.986617,0.499127,0.836
64.084901,33.201229,41.132095,0.564326,0.83
64.13397,33.370434,41.165862,0.627438,0.808
64.183101,33.547955,41.310207,0.682685,0.785
64.233564,33.649791,41.453681,0.721649,0.774
64.282649,33.827362,41.557473,0.764501,0.817
64.333039,33.913234,41.645814,0.799568,0.813
64.38213,34.101279,41.744925,0.830614,0.824
64.432601,34.203275,41.864018,0.862581,0.791
64.481669,34.328556,42.019918,0.893862,0.784
64.532138,34.401086,42.115517,0.921758,0.826
64.581206,34.472904,42.21562,0.94846,0.793
64.631675,34.501053,42.333852,0.973671,0.8
64.680749,34.688863,42.536374,0.997745,0.774
64.731188,34.714062,42.577228,1.018097,0.8
64.781614,34.815927,42.749343,1.036397,0.826
64.830712,34.869712,42.843919,1.053718,0.786
64.88113,34.95219,42.993941,1.068124,0.794
64.931569,35.126495,43.127864,1.082961,0.796
64.980668,35.082346,43.240861,1.092545,0.769
65.031163,35.172595,43.419341,1.102635,0.804
65.081563,35.240162,43.555498,1.110159,0.781
65.131944,35.345663,43.67314,1.116659,0.822
65.181064,35.380332,43.745238,1.122589,0.794
65.231625,35.455061,43.835515,1.127632,0.763
65.281912,35.509612,43.951309,1.130533,0.784
65.332349,35.543221,44.124647,1.132104,0.82
65.381579,35.581829,44.207271,1.133673,0.782
65.431887,35.640419,44.264673,1.133919,0.759
65.482295,35.690899,44.373538,1.136612,0.807
65.53273,35.80478,44.447607,1.135258,0.768
65.58318,35.760393,44.420673,1.133389,0.749
65.632289,35.751887,44.504207,1.131845,0.835
65.682715,35.809364,44.524918,1.131253,0.78
65.73313,35.790954,44.485837,1.130553,0.823
65.78355,35.809378,44.524911,1.13018,0.833
65.834018,35.809378,44.524911,1.131577,0.815
65.88313,35.713627,44.490274,1.132498,0.79
65.933602,35.739701,44.478043,1.132184,0.795
65.983973,35.739701,44.478043,1.131535,0.81
