7.95E-4,38.242665333179254,33.742425048846044,2.6958355524888966,0.8055150508880615
0.020873,38.24264807546766,33.742435319910896,2.6952485910669646,0.8138659596443176
0.040989,38.23949115637945,33.743946565018774,2.694957991348345,0.8138659596443176
0.06112,38.23843829874787,33.74445224908068,2.6948271508091164,0.8088544011116028
0.081238,38.234314770906195,33.74642701540516,2.6950753510177234,0.8088544011116028
0.101377,38.33103566465016,33.701067231263366,2.7010912115710934,0.8135577440261841
0.121471,38.32589813922238,33.703489674749,2.7009649914912894,0.8135577440261841
0.14161,38.32023974434275,33.70615802693143,2.7008936733411164,0.8135577440261841
0.161805,38.31864442009625,33.706910779621104,2.7007554400668083,0.8247689604759216
0.18192,38.311880103341935,33.71010364951157,2.700375910093857,0.8247689604759216
0.202128,38.21258610563924,33.757113456726145,2.6996741982031613,0.8143028616905212
0.222321,38.20463821963986,33.760872495421694,2.6998612996306743,0.8143028616905212
0.242453,38.196155085053235,33.76488446294186,2.6997287739827134,0.8143028616905212
0.262616,38.20109435105816,33.762548023814745,2.7000171450091406,0.8329612016677856
0.282721,38.191225048636745,33.767212348542934,2.7002316430431232,0.8329612016677856
0.301794,38.19099576206836,33.767316954829916,2.7008784530041883,0.7862535119056702
0.321875,38.17981327179397,33.77259146023187,2.70083529247733,0.7862535119056702
0.341986,38.16790705981435,33.77820688642176,2.7010519648451594,0.7862535119056702
0.362145,38.21096211898968,33.87731020340764,2.7010372337333473,0.7990842461585999
0.382297,38.20041841115623,33.88227936432691,2.7012818462911072,0.7990842461585999
0.40243,38.18378009430119,33.890117225968254,2.7014736225363913,0.7990842461585999
0.422574,38.14847707818922,33.787362838736506,2.701638110891899,0.8043513298034668
0.442684,38.04770558475842,33.83466239560784,2.702777026960832,0.7973971962928772
0.462854,38.03154826375175,33.84224474886674,2.702935535898261,0.7973971962928772
0.482987,38.01469695014297,33.85014663271694,2.703348441895761,0.7973971962928772
0.503128,38.01440678711059,33.85027212602891,2.7045150807212397,0.7861364483833313
0.523246,37.996035365512235,33.85885158050467,2.7049009162623467,0.7861364483833313
0.543463,37.99226930363665,33.86060916803813,2.706102942371181,0.793254017829895
0.563583,37.97232030952391,33.8698848151188,2.70645627162128,0.793254017829895
0.58368,37.95171217744448,33.879460046319714,2.706994419248353,0.793254017829895
0.603807,37.95140698243749,33.87958155689919,2.7087561732476892,0.7948031425476074
0.623868,37.92934704779652,33.8897722033834,2.709124722834715,0.7948031425476074
0.645249,37.924865317288564,33.8918405813955,2.7113100914257466,0.8013480305671692
0.664416,37.89664842245225,33.90478418089941,2.711722671273169,0.8013480305671692
0.684662,37.87230250171565,33.91593965176327,2.712184282348836,0.8013480305671692
0.704774,37.85223636075839,33.925123692674774,2.7124758605176864,0.8013480305671692
0.724875,37.876620581695015,33.913946162819045,2.713316457982843,0.8031718730926514
0.744987,37.850533391488035,34.04450976191431,2.714166405083541,0.809697151184082
0.765036,37.823353664781344,34.05689361689378,2.7137927458119746,0.809697151184082
0.785125,37.79543791011869,34.06963011907121,2.7134322412601817,0.809697151184082
0.805285,37.78941435548147,34.07239550095477,2.7125558760032455,0.8220124840736389
0.825337,37.75991250304096,34.08590525155628,2.711829213631659,0.8220124840736389
0.845467,37.61665006945403,34.03295362152705,2.710233796171599,0.82321697473526
0.865725,37.58586662306367,34.047142282328785,2.709022257352184,0.82321697473526
0.885817,37.55446651023318,34.06166522965968,2.7078588800274757,0.82321697473526
0.905937,37.57360003852819,34.05337115131086,2.7116598554078437,0.8065032958984375
0.926107,37.5408167540689,34.06843840895361,2.7097593789090837,0.8065032958984375
0.946246,37.53431359213052,34.07199491237131,2.7096874308416043,0.8093724250793457
0.966277,37.500338752252915,34.08769729440488,2.707407424369893,0.8093724250793457
0.986394,37.46557695203822,34.103870485184295,2.7049230305165866,0.8093724250793457
1.006556,37.360482598784365,34.1536703601518,2.6979401573677184,0.8134721517562866
1.026612,37.32436075079092,34.17090786138667,2.694888153663715,0.8134721517562866
1.046726,37.3172543055858,34.17523385632648,2.696609321163762,0.8501512408256531
1.066806,37.279480517186755,34.19331903850577,2.693433162997108,0.8501512408256531
1.086909,37.2409666704412,34.21191430213112,2.6901805769957408,0.8501512408256531
1.107036,37.23302121986583,34.216427299222026,2.6870274347923644,0.8063614368438721
1.127138,37.1933777137784,34.235891342873394,2.6832652936540082,0.8063614368438721
1.147239,37.13684947527,34.385040049848726,2.6763351449033745,0.7772365808486938
1.16732,37.09609861974565,34.4056006946094,2.672573112481712,0.7772365808486938
1.187471,37.05483510092173,34.426600925171854,2.6689845919010207,0.7772365808486938
1.207552,36.99762013532865,34.33551665055487,2.667966696695959,0.7986704707145691
1.227634,36.95538378185733,34.35727618533049,2.663810566264571,0.7986704707145691
1.247935,36.98828624652188,34.46285236811764,2.6611452326621654,0.8199999928474426
1.268169,36.97101624674775,34.471873080944086,2.659332925400891,0.8199999928474426
1.28821,36.90077291644707,34.50906050124524,2.650570686148529,0.8199999928474426
1.308282,36.864932267665615,34.528337645736045,2.645352284916307,0.8199999928474426
1.328374,36.79595849035729,34.56660968040027,2.6416278269020457,0.7487669587135315
1.348491,36.786947161843074,34.57214850041549,2.6311793885539703,0.7687774300575256
1.368576,36.740721398591596,34.598205337438365,2.625342389342344,0.7687774300575256
1.388642,36.69407008226152,34.62488980346491,2.6185332454678325,0.7687774300575256
1.408723,36.59079374443632,34.685499553699,2.613753407372501,0.7661267518997192
1.428803,36.54264050734827,34.713804064522186,2.6066378998589816,0.7661267518997192
1.449016,36.53343864495898,34.7209590546822,2.6035600535576995,0.775844931602478
1.469151,36.513667975599006,34.73278960748435,2.6011664381424944,0.775844931602478
1.489284,36.44380158111817,34.775162820619855,2.591941065780772,0.775844931602478
1.509422,36.38209604219877,34.81416893305125,2.5881626810895613,0.754831075668335
1.529523,36.32155502383004,34.851906867940045,2.580004906646598,0.754831075668335
1.549632,36.31196628454487,34.85938916767774,2.5723048102930783,0.7752559185028076
1.56973,36.26098638951736,34.89232162960276,2.5638042521191733,0.7752559185028076
1.58883,36.20967131128288,34.92605855338448,2.5564326080785054,0.7752559185028076
1.608967,36.14976570882624,34.967262762495125,2.549593330494918,0.7885249257087708
1.629041,36.097174809395014,35.002949440096494,2.541234756321206,0.7885249257087708
1.649136,35.99852652622016,35.07317230844263,2.535559118261408,0.7559491991996765
1.669205,35.94495117182515,35.11063096671271,2.526850911205137,0.7559491991996765
1.689348,35.890884778194895,35.149114564790644,2.519567218968571,0.7559491991996765
1.709495,35.81744856381446,35.0707089602049,2.5105578474892245,0.8231750726699829
1.729579,35.763110984229556,35.110821848359365,2.5008822793045304,0.8231750726699829
1.749713,35.82902692119633,35.198930772382624,2.4994231765889134,0.7427665591239929
1.769839,35.774283911848315,35.24023927795011,2.4910744956342046,0.7427665591239929
1.78996,35.71937303377154,35.28242329445673,2.4817579099676097,0.7427665591239929
1.810087,35.585692833443005,35.25215000320557,2.465883188083814,0.7958374619483948
1.830161,35.53141954512461,35.29609819425104,2.4564962627172764,0.7958374619483948
1.850346,35.50652605286526,35.458298189257626,2.446324185398675,0.8047418594360352
1.870406,35.45257970839547,35.50377854104866,2.436057633274431,0.8047418594360352
1.890531,35.39881457410597,35.55002698974531,2.42649567403323,0.8047418594360352
1.910642,35.24769543740983,35.54043368050566,2.4180831763801187,0.7518947124481201
1.930769,35.19469029169294,35.58762358228186,2.4103488534538116,0.7518947124481201
1.950944,35.257749498770146,35.67824242816957,2.404492908759771,0.7907865643501282
1.970994,35.20568539181771,35.725984448898394,2.394765591429523,0.7907865643501282
1.991116,35.1540726889198,35.774214124802725,2.385360619092058,0.7907865643501282
2.011397,35.0024189971362,35.77194215401688,2.3731441819299364,0.7801814675331116
2.0315,34.95187363097168,35.82117484825606,2.366061615574195,0.7801814675331116
2.05162,34.90187999185449,35.870524588177354,2.3591066826152582,0.7801814675331116
2.071734,34.99849112896027,35.92848424441848,2.356995359684358,0.7954046130180359
2.090828,34.94917283265286,35.978154255331624,2.3478943592186696,0.7954046130180359
2.110949,34.73812662258918,36.04333722020577,2.340364829762779,0.7671403288841248
2.131051,34.68960030266473,36.093820175755546,2.3322433666950557,0.7671403288841248
2.151239,34.68110521004576,36.10501307232699,2.325404412063995,0.7666666507720947
2.171271,34.633333212230816,36.15619954401215,2.3180847346022646,0.7666666507720947
2.191358,34.586077346705494,36.20756436533117,2.3110550045589986,0.7666666507720947
2.211545,34.58476778518545,36.371198526373746,2.3010636783340574,0.8039761781692505
2.231629,34.53881226593684,36.422919393794885,2.2936091921738275,0.8039761781692505
2.251757,34.44977908602194,36.362846606507794,2.2895234334178802,0.7845767140388489
2.270799,34.40456453870197,36.414936052547986,2.2818718438944425,0.7845767140388489
2.290924,34.35968686185367,36.46746336334752,2.2736409031175353,0.7845767140388489
2.311348,34.30606884096261,36.53369712240834,2.2626691633659908,0.7784661650657654
2.331465,34.262361922602466,36.58682501801633,2.2553468767036438,0.7784661650657654
2.351549,34.28765978517056,36.72890876306757,2.2511401930103183,0.8173003196716309
2.37166,34.24468231413099,36.78246434942164,2.2424032847472692,0.8173003196716309
2.391782,34.20238443897904,36.836192197845385,2.2332309661314067,0.8173003196716309
2.411901,34.11872088140454,36.77050227768203,2.224056853690121,0.7896912693977356
2.431991,34.07788274098763,36.82446246476996,2.2132858561134294,0.7896912693977356
2.452105,34.03528934969833,37.066605844549485,2.196693313083173,0.7764374613761902
2.472171,33.996024309360116,37.12152474800289,2.1863201098837455,0.7764374613761902
2.492249,33.95722464093879,37.177041951199634,2.175029337800986,0.7764374613761902
2.51237,33.86294682230118,37.127704254294756,2.1659158477058784,0.7598384618759155
2.532452,33.825479128955074,37.18373473968387,2.154039636234878,0.7598384618759155
2.552649,33.91046598710135,37.25568296428263,2.147086151765989,0.7621050477027893
2.572749,33.87445577449247,37.31191665279181,2.1334129620873346,0.7621050477027893
2.592834,33.839251921607975,37.36856451596631,2.1202192130218918,0.7621050477027893
2.612991,33.79693539521394,37.44271148635818,2.1065639456097243,0.7990714907646179
2.633143,33.76999540260898,37.48862289877912,2.0963115266554846,0.7990714907646179
2.653277,33.730488916535315,37.55797033365214,2.0808590795900277,0.7990714907646179
2.673384,33.7118546900955,37.5950268126612,2.0879220577558497,0.7810594439506531
2.693484,33.67957888715845,37.6527105291555,2.073926957951183,0.7810594439506531
2.713604,33.55162379033141,37.66635714962882,2.046153443499879,0.7932301163673401
2.73375,33.52195030783055,37.724973780648384,2.0326964913222847,0.7932301163673401
2.752834,33.49160437295597,37.790243912120076,2.0160495899458595,0.7956960797309875
2.77288,33.46375597553186,37.84964768476916,2.002275619893409,0.7956960797309875
2.792966,33.43666244103312,37.90962777619761,1.9878728324924757,0.7956960797309875
2.813083,33.360801264242944,38.087414517451165,1.97686720510842,0.7971516251564026
2.833135,33.33515785716692,38.148167808547306,1.9635298412923983,0.7971516251564026
2.853328,33.43250686252031,38.20204279966384,1.9539874318705195,0.8286802768707275
2.873372,33.40842610851489,38.2629765166289,1.9401294238148912,0.8286802768707275
2.893508,33.38528947071661,38.3240952595415,1.9252156679599683,0.8286802768707275
2.91361,33.32048072341712,38.300143014446064,1.915269267309362,0.779573917388916
2.933737,33.29884107629229,38.361854345690446,1.9008561518226565,0.779573917388916
2.953941,33.26690715710767,38.46505258771928,1.891223779337868,0.8083433508872986
2.974065,33.246567902990186,38.52792387370672,1.8761512971121326,0.8083433508872986
2.994112,33.226987118505676,38.59149201121172,1.8630737661907988,0.8083433508872986
3.014235,33.19505385733461,38.708831750325025,1.8430562668434736,0.8052520751953125
3.034315,33.17738562348536,38.77395289107961,1.828420282137475,0.8052520751953125
3.054373,33.17681639955956,38.78795476690806,1.8205035357989738,0.799850344657898
3.074528,33.16043424680332,38.85423154457649,1.8060077956260907,0.799850344657898
3.094622,33.144914230543684,38.921085131644254,1.791849946932994,0.799850344657898
3.1148,33.13176615440867,38.99204634958358,1.778014535961623,0.8077751994132996
3.134865,33.11802051975983,39.059932070081274,1.7631540512859458,0.8077751994132996
3.155039,33.117962915995925,39.074241638922665,1.7495013898768454,0.801520824432373
3.175167,33.10596683200684,39.14355050664359,1.7347588628123554,0.801520824432373
3.195252,33.09494483683765,39.21334898904969,1.7201637555826752,0.801520824432373
3.215399,33.086953439266914,39.28562013967446,1.7056518549932314,0.8185463547706604
3.235489,33.077842109585674,39.3570284313035,1.689643865629927,0.8185463547706604
3.255708,33.05952133076529,39.5507640038283,1.6723288650060373,0.8222121596336365
3.275724,33.05268404300884,39.6239243174992,1.6554397268513343,0.8222121596336365
3.295855,33.04702985123096,39.69770319123005,1.639376726841707,0.8222121596336365
3.315936,33.05010727789621,39.698671797482376,1.6264522498378868,0.8405599594116211
3.33606,33.04653877111749,39.77429066387137,1.609063014898429,0.8405599594116211
3.356143,33.049876291508305,39.774483238490006,1.600005772901407,0.830222487449646
3.376229,33.048139975936856,39.866461231560834,1.5794080909376707,0.830222487449646
3.396308,33.04820453140162,39.94368405752381,1.5605267193958738,0.830222487449646
3.41636,33.05435722142866,40.07941356795295,1.542341246599283,0.830715537071228
3.436492,33.057297407269495,40.15764125367313,1.5241480517199861,0.830715537071228
3.456604,33.06450281997862,40.22972356433499,1.5047415050105524,0.8359879851341248
3.476689,33.0705846235518,40.30968731844842,1.4850376916912196,0.8359879851341248
3.496878,33.07828429517142,40.3902952078382,1.4661117463055646,0.8359879851341248
3.517008,32.99088894458341,40.537069984730614,1.444063543849807,0.8262521624565125
3.53711,33.00206024479286,40.61846971152697,1.4247733975448194,0.8262521624565125
3.557181,33.00546715761638,40.61803241169458,1.409459286075263,0.8236092329025269
3.577253,33.019616962576315,40.699763191939425,1.3892907088961848,0.8236092329025269
3.597348,33.03548021636514,40.781692264972186,1.369801611044219,0.8236092329025269
3.617447,33.18421866235086,40.952729771972216,1.3494903368113478,0.8155305981636047
3.637527,33.203694186815596,41.035393099834735,1.3293755743949767,0.8155305981636047
3.657615,33.137579186292406,41.051936559502956,1.3171607807734396,0.757744550704956
3.677709,33.16016262771074,41.135501200199656,1.2965605983257797,0.757744550704956
3.696825,33.18459883048354,41.21910991595025,1.2763523395539986,0.757744550704956
3.716948,33.21591342286071,41.303658214024054,1.2536166926746397,0.8324612975120544
3.737039,33.24424000424665,41.38702353741145,1.2328735477765553,0.8324612975120544
3.75713,33.271492756048026,41.453854801240354,1.2135609994378471,0.7828431129455566
3.777221,33.3033782848052,41.53666677233238,1.1929803859948085,0.7828431129455566
3.797303,33.337322270739044,41.619685903057594,1.1723807471306102,0.7828431129455566
3.817406,33.376574507451394,41.701870451948025,1.1554048146848241,0.7628120183944702
3.837483,33.41443135476929,41.78535447673914,1.1347464688067634,0.7628120183944702
3.857587,33.470968139790806,41.891504509355016,1.1127667035088329,0.7810102105140686
3.8777,33.51276940912852,41.97423858365686,1.0931629095464501,0.7810102105140686
3.896825,33.55642074814541,42.05646911007755,1.0724105237295167,0.7810102105140686
3.916916,33.655492645591956,42.229227955126916,1.0487046794950858,0.78760826587677
3.937043,33.70329167132362,42.310439951891375,1.0289682511680507,0.78760826587677
3.957222,33.71660325782508,42.324616339803804,1.0173070941046949,0.7676600813865662
3.977295,33.767797812712914,42.40564030902868,0.9973113764664344,0.7676600813865662
3.99742,33.82109141917193,42.48627903280858,0.9763170960090496,0.7676600813865662
4.017491,33.897054876159125,42.589388789370346,0.9507924055240546,0.7980860471725464
4.037627,33.95473242297184,42.66860159778456,0.9320969395261558,0.7980860471725464
4.057691,33.96936126649152,42.68209282488607,0.9181983705516362,0.773643434047699
4.077882,34.02951322647521,42.75927100182307,0.8993142810925315,0.773643434047699
4.098008,34.09124388503282,42.83562535105157,0.882616158166266,0.773643434047699
4.118143,34.154809012403376,42.91165209448905,0.8662651676386356,0.773643434047699
4.138235,34.2220383748823,42.988174768429246,0.8665168819544458,0.8045183420181274
4.158315,34.14260694177577,43.05897428082218,0.835086719926951,0.7800875902175903
4.178404,34.21023243746863,43.13283024806737,0.8237182154091697,0.7800875902175903
4.198566,34.278484698125965,43.205812140593736,0.8140321017053185,0.7800875902175903
4.218663,34.36153710585417,43.29172582970705,0.8084220166134508,0.7849498987197876
4.238778,34.430533612843604,43.3631057025615,0.7963354383427772,0.7849498987197876
4.258909,34.49658262506248,43.426937651984126,0.7876709194090769,0.7751476764678955
4.278954,34.56706075665333,43.4970766994227,0.7784141279232685,0.7751476764678955
4.29909,34.63847272038454,43.566947211612224,0.7705539110672336,0.7751476764678955
4.319181,34.875883476372366,43.63751884827291,0.7644792379808586,0.7941226363182068
4.339299,34.948119864505856,43.70650799620822,0.760340393503552,0.7941226363182068
4.35938,34.967189646252336,43.87242041202502,0.7531293751782634,0.808548629283905
4.379516,35.03960955600476,43.94004424706112,0.7491970924163991,0.808548629283905
4.399546,35.12785525167007,43.87392721632459,0.7499564465368821,0.7805027365684509
4.419765,35.199853952166734,43.94087660374894,0.7481930617871604,0.7805027365684509
4.438849,35.27224993358471,44.007879931720424,0.7444732114421243,0.7805027365684509
4.458962,35.25255410600385,44.136398089457316,0.7421098320575884,0.7797314524650574
4.47904,35.325691813308126,44.203493806417896,0.7423839068389725,0.7797314524650574
4.499153,35.46661161431871,44.18685400927246,0.7488492885323115,0.8069541454315186
4.519227,35.53898084360443,44.254315255363686,0.7517811602912816,0.8069541454315186
4.53927,35.61073444991425,44.321696695903725,0.756544364732685,0.8069541454315186
4.559421,35.69660781495987,44.40514375212205,0.7619724133158821,0.8295473456382751
4.579464,35.766961939938895,44.47249556365754,0.7655614774800352,0.8295473456382751
4.599571,35.78838488425183,44.49562061313343,0.765123422753558,0.7840896248817444
4.619694,35.858323039982565,44.563168251857846,0.7713100548477423,0.7840896248817444
4.639793,35.92808214435013,44.63142801516769,0.7777037922408305,0.7840896248817444
4.659979,36.012080240756084,44.71720284851604,0.788685089468651,0.8031314611434937
4.679933,36.080444582356,44.786634924786384,0.7973449175968317,0.8031314611434937
4.700072,36.14808070745516,44.856504020933386,0.8059974617066258,0.8031314611434937
4.720173,36.22814719352957,44.94556337813986,0.8170356209620889,0.8002760410308838
4.740263,36.30686790969919,45.030462594685524,0.829549238400266,0.8002760410308838
4.760378,36.47048608453293,45.05323885668856,0.8417226653203689,0.7898944020271301
4.780497,36.533816287980116,45.12498078565165,0.8534667860101778,0.7898944020271301
4.80057,36.611088420736586,45.216773606422215,0.8619485777644559,0.7457716464996338
4.820675,36.673133365002805,45.29002870974986,0.874172139067475,0.7457716464996338
4.840799,36.73447231432541,45.364099693398465,0.8841229779171694,0.7457716464996338
4.860864,36.70652384976677,45.50511444037709,0.892204139067533,0.7817474007606506
4.880938,36.76637446687618,45.58029572624797,0.904668833994158,0.7817474007606506
4.901056,36.86599216396195,45.593399626059025,0.9185189984601891,0.7972199320793152
4.921131,36.92321220486857,45.669248370394634,0.9307262522593579,0.7972199320793152
4.941202,36.97936698590472,45.7453632257054,0.9396306929452991,0.7972199320793152
4.961358,37.00865076288035,45.78962781358102,0.9447006159537359,0.7978003621101379
4.981539,37.07472749634583,45.881924918956194,0.9538583665328246,0.7978003621101379
5.001668,37.129333680126955,45.959647532208855,0.9636535230790908,0.7978003621101379
5.021843,37.18723845427734,46.04642372014279,0.9653787290845031,0.7888969779014587
5.041927,37.241124602680024,46.12526312640648,0.9775281456033479,0.7888969779014587
5.062067,37.42745269774367,46.21812866465486,1.003321945074927,0.8050352334976196
5.082137,37.47781426557825,46.29801481038633,1.0133211628527115,0.8050352334976196
5.102292,37.47635984344689,46.29880551340169,1.020532977367894,0.7815086245536804
5.122415,37.515339752398866,46.36266464436855,1.0255503614359833,0.7815086245536804
5.142557,37.573191424142024,46.458659931142,1.0295991884920341,0.7815086245536804
5.162608,37.66981562240409,46.62301070473655,1.0339261000568856,0.7551076412200928
5.182702,37.717603187349475,46.70370158847985,1.038681042029671,0.7551076412200928
5.201809,37.78116246939504,46.81345435618543,1.0361041526540327,0.7929508686065674
5.221895,37.82886731232558,46.894296430950035,1.0393975074150263,0.7929508686065674
5.24203,37.87623830195463,46.97491736187278,1.038944267524669,0.7929508686065674
5.262116,37.93825646399313,47.07716677202565,1.04359399092457,0.7988498210906982
5.28221,37.98493584536992,47.15698289028013,1.0393375149861535,0.7988498210906982
5.302331,37.98571567118428,47.15650104745725,1.0376825943223376,0.8052584528923035
5.322446,38.03285387741096,47.235805016457405,1.0306447105271472,0.8052584528923035
5.342578,38.08051173271858,47.31466702163555,1.02401853684584,0.8052584528923035
5.36272,38.119582305232726,47.375364985885,1.0135096584119254,0.8003252148628235
5.382795,38.168786003413146,47.453370805989785,1.0022941182802636,0.8003252148628235
5.402974,38.267380517973876,47.60381052128658,0.9932014474317383,0.8403334021568298
5.423071,38.31777329555149,47.67987066116284,0.9780336206668222,0.8403334021568298
5.443147,38.36905944159683,47.75484248238717,0.9638316329966363,0.8403334021568298
5.463244,38.371348668544215,47.75287317205287,0.9461916014381541,0.7939989566802979
5.483313,38.424477395727926,47.8251995846747,0.9283257525194867,0.7939989566802979
5.503498,38.41483827858978,47.98324363510874,0.9131667094238014,0.8148029446601868
5.523575,38.47055224712232,48.05377044364904,0.8909468656936904,0.8148029446601868
5.543673,38.52782079364136,48.12298887313546,0.8682138791757446,0.8148029446601868
5.563797,38.53144923381732,48.1198855679159,0.8496110014291204,0.7837334275245667
5.583921,38.59138689833393,48.18654281634391,0.8272461296314308,0.7837334275245667
5.604057,38.66505069243422,48.243099528178526,0.8097150353962207,0.8189152479171753
5.624142,38.72690779284536,48.30663545556319,0.787754154827259,0.8189152479171753
5.644233,38.790212566946266,48.36881454784579,0.7649457189248304,0.8189152479171753
5.664315,38.89392328484,48.459060876024466,0.7348900140753176,0.7689549922943115
5.684373,38.94675765909962,48.50599030871029,0.7176636367409819,0.7689549922943115
5.704534,39.099459423315196,48.63140362007213,0.6916278850730551,0.8142262101173401
5.724633,39.16788040489861,48.68685593285284,0.6705466312617997,0.8142262101173401
5.744732,39.23769658744972,48.74099240156347,0.6486201051676166,0.8142262101173401
5.764868,39.25470281097972,48.74770116362137,0.6259852802302027,0.79667067527771
5.785124,39.32657221506871,48.798500788758936,0.6045060146082981,0.79667067527771
5.805308,39.38461441526609,48.83787143582711,0.5877407047661678,0.79667067527771
5.825418,39.4724991933976,48.8948983502849,0.5635951622646747,0.79667067527771
5.845535,39.43183699597822,48.86466076493135,0.5789229816301148,0.8007619976997375
5.865624,39.640688769976016,49.11469010698412,0.5314805391275187,0.7786775827407837
5.885746,39.717189187794716,49.158656294822464,0.5117723771404922,0.7786775827407837
5.904831,39.78197919780175,49.19016384666532,0.48910655835311234,0.8038572669029236
5.924887,39.860232833405696,49.230858771977275,0.4699767691693235,0.8038572669029236
5.945007,39.93894907544223,49.26990110736046,0.4508779642428512,0.8038572669029236
5.965191,40.101954691876884,49.3453059814936,0.4351209409687099,0.8120273351669312
5.985293,40.181279782466326,49.38125472211072,0.4158644968383474,0.8120273351669312
6.005443,40.182528484887,49.37839272021196,0.393806132569406,0.7774784564971924
6.025565,40.26343500162904,49.41111901061932,0.3749503094503088,0.7774784564971924
6.045656,40.328806500677956,49.43625998816683,0.3593193495760329,0.7774784564971924
6.065783,40.41389509147975,49.46440302811819,0.33987699350667294,0.7991762161254883
6.08654,40.46363412197884,49.48167238291957,0.3282935560881395,0.7991762161254883
6.106638,40.580294546722165,49.51964315760208,0.3013043110651621,0.7991762161254883
6.126746,40.66365341030314,49.54465562635482,0.281632677886761,0.7991762161254883
6.146884,40.63225213045039,49.5321476626964,0.29347150680334505,0.79305499792099
6.167032,40.853162167187776,49.58745964172493,0.24432650654039006,0.7873427867889404
6.18712,40.936923347983864,49.60745421554103,0.22432752740135928,0.7873427867889404
6.207208,41.008209730430664,49.619212713402426,0.2041442510859672,0.8049157857894897
6.227292,41.093463640371404,49.63597712069958,0.1842126762961859,0.8049157857894897
6.247384,41.17958837713812,49.65112379272305,0.16397995626862844,0.8049157857894897
6.26751,41.251543941521675,49.65904620600285,0.15066467792890006,0.7640665173530579
6.287633,41.33862908322244,49.67135311829171,0.13011015649202223,0.7640665173530579
6.307771,41.42786739508031,49.67813342960078,0.10509616266928487,0.7977093458175659
6.327885,41.51498151172997,49.68641026657647,0.08434812552004547,0.7977093458175659
6.34803,41.60228720283347,49.692899455786986,0.06415323890142163,0.7977093458175659
6.36815,41.710298487454246,49.69565346045002,0.05117389514101762,0.7830278277397156
6.388197,41.81567731647178,49.699832776375715,0.02811997694728994,0.7830278277397156
6.408322,41.87039617284748,49.69746553979406,0.009391659323006674,0.7930896878242493
6.428368,41.976241375457924,49.697189510467666,-0.01431836410898064,0.7930896878242493
6.448495,42.06481289119309,49.6950059841233,-0.03495877173280544,0.7930896878242493
6.468588,42.24836356294017,49.792115872095025,-0.05449322682832454,0.7761029601097107
6.488656,42.33731665689164,49.786369479253004,-0.07451938514043983,0.7761029601097107
6.508785,42.444536524120174,49.773766897354264,-0.09219471445088459,0.7903093099594116
6.528842,42.53305670639306,49.764631594738184,-0.11349448881373916,0.7903093099594116
6.549006,42.62179307584922,49.75367134012769,-0.1322986715039757,0.7903093099594116
6.569141,42.72808646935123,49.735337989691736,-0.14782167250521025,0.7857175469398499
6.589216,42.816180950143035,49.72137182144508,-0.16665031645122277,0.7857175469398499
6.609417,42.81569854275659,49.71830693234328,-0.18760656525158803,0.745240330696106
6.629449,42.90321108170366,49.70094083361449,-0.20419292741813003,0.745240330696106
6.649536,42.99066257077797,49.682020431879984,-0.22193168652345452,0.745240330696106
6.669659,43.06049659874847,49.66216391605378,-0.23967138890596246,0.7492663860321045
6.689762,43.14817216704521,49.639929843484936,-0.25701659358502343,0.7492663860321045
6.708858,43.280490497338604,49.59944771828951,-0.27321844719361443,0.7667621970176697
6.729002,43.3679138683173,49.57411826957817,-0.2908028285958189,0.7667621970176697
6.749122,43.45473809155034,49.54732977983801,-0.3077577403493867,0.7667621970176697
6.769287,43.5219273672716,49.52167378606582,-0.3141864301590615,0.734574019908905
6.789349,43.60801795408425,49.49285268629067,-0.3319230149305393,0.734574019908905
6.809454,43.691777362431196,49.45962178872037,-0.35185727246458137,0.7542669177055359
6.829692,43.77677828802787,49.4276496581967,-0.3676489156101329,0.7542669177055359
6.849754,43.861526640117916,49.39433999622836,-0.3805445635051857,0.7542669177055359
6.869894,43.94603565403339,49.35972622738868,-0.3969189281216686,0.7542669177055359
6.889997,43.95909516403918,49.364581982652304,-0.3921050265285883,0.7659414410591125
6.910057,44.11703602195197,49.29137625046114,-0.42025825001563194,0.7879377007484436
6.930299,44.19976952007666,49.253625971792594,-0.43588681812267643,0.7879377007484436
6.950421,44.281551653930336,49.214798443433054,-0.4506380425225535,0.7879377007484436
6.970555,44.362322103159585,49.17488309948554,-0.4673516032191309,0.7879377007484436
6.990595,44.42565103157008,49.14183613574366,-0.458832419317788,0.7644360065460205
7.010808,44.626812763157616,49.034457771612914,-0.491600173971913,0.8080928325653076
7.030844,44.70598472075425,48.99139108396183,-0.5047983804217423,0.8080928325653076
7.050953,44.78460980714747,48.947154647143385,-0.5201638541333289,0.8080928325653076
7.071153,44.78312972348872,48.94465486144729,-0.5349006575837225,0.839507520198822
7.09137,44.860369140863064,48.89818036956427,-0.5487904109135135,0.839507520198822
7.111526,44.936846854414426,48.850742639401815,-0.5612476043883672,0.839507520198822
7.133916,44.904868410138626,48.86764207953754,-0.5559851920810466,0.7896358370780945
7.154031,44.995046531043606,48.81059597915674,-0.5721022242867653,0.7896358370780945
7.174142,45.257529483844856,48.7606878073391,-0.5938714820928321,0.750481128692627
7.194243,45.330731053332364,48.710434528273645,-0.6093402366621399,0.750481128692627
7.214327,45.38820449347475,48.665737484559116,-0.6251726773452659,0.7622300386428833
7.234413,45.4604407136983,48.612701848074416,-0.6414557199401849,0.7622300386428833
7.254507,45.554442231848085,48.53806676819768,-0.660789611923639,0.7980573773384094
7.274595,45.62473129492137,48.48268234051595,-0.6739519418649965,0.7980573773384094
7.294682,45.69384987027484,48.42683120960014,-0.6852813083735361,0.7980573773384094
7.314819,45.73373579422217,48.39147297433513,-0.6943018201162969,0.8121287226676941
7.334931,45.800749696040086,48.3351122798877,-0.7042466795479123,0.8121287226676941
7.354995,45.93573735375049,48.21590630562746,-0.7182894708074679,0.7882972359657288
7.375073,46.00099694753838,48.15798096808646,-0.733571776249416,0.7882972359657288
7.395156,46.06575123887823,48.098617921385,-0.7503837255525593,0.7882972359657288
7.415243,46.06397411952421,48.09634904161816,-0.7675340971287518,0.752726674079895
7.435327,46.127391684092835,48.034271875306274,-0.7818944850196738,0.752726674079895
7.455412,46.25222674746476,47.90501194638067,-0.7915285426131937,0.8111396431922913
7.475514,46.31322431675082,47.842201401662614,-0.8085606432183214,0.8111396431922913
7.495612,46.372745769513955,47.77904639752697,-0.8214734683507637,0.8111396431922913
7.515715,46.358886929413934,47.790051798967454,-0.8325586731560609,0.8211042284965515
7.534807,46.416259185402666,47.72571970997487,-0.8524978581143057,0.8211042284965515
7.554902,46.49141224139206,47.631961342291326,-0.8749816308003654,0.7429935336112976
7.575001,46.54688464244498,47.56423223663381,-0.894101091898382,0.7429935336112976
7.595101,46.60112214154979,47.49563198376241,-0.9095127702042121,0.7429935336112976
7.615258,46.72808315240377,47.32748379227191,-0.9199130630453304,0.8222429156303406
7.63691,46.78022526352636,47.25791645792701,-0.9353241977676988,0.8222429156303406
7.65551,46.83081946202508,47.187920536575554,-0.954540416721896,0.8222429156303406
7.675636,46.78792892515929,47.243082989311404,-0.9554331054704324,0.8295861482620239
7.695724,46.83640699184573,47.173278479519276,-0.972129271496236,0.8295861482620239
7.715817,46.92338761719583,47.035381198327144,-0.9991981706816493,0.7957407832145691
7.735907,46.96890380252143,46.963278953033516,-1.0161818923586867,0.7957407832145691
7.756003,47.00308490929098,46.899729456744545,-1.0390012319058468,0.7955194711685181
7.776092,47.04623038447907,46.82492543223261,-1.05624098139334,0.7955194711685181
7.796174,47.08804129530511,46.7493857625583,-1.0742832775036721,0.7955194711685181
7.816262,47.11860970277953,46.684664875195615,-1.0926698985639371,0.781387984752655
7.836351,47.15698822843639,46.60875675059117,-1.112884136753797,0.781387984752655
7.856441,47.23157937562199,46.44519494304219,-1.1255947872090877,0.7744436860084534
7.876523,47.27393554143972,46.35359644159973,-1.1500077727737323,0.7744436860084534
7.896612,47.307757000698345,46.276017698887145,-1.1693572783927357,0.7744436860084534
7.916707,47.35203016672057,46.15866466867385,-1.1981850505851392,0.7890463471412659
7.935826,47.37638077324483,46.09483661572646,-1.2144895103684492,0.7890463471412659
7.956006,47.409442505706295,45.991959240187086,-1.227296103304728,0.8011600375175476
7.976036,47.437486898346826,45.91090323065998,-1.2482538549534876,0.8011600375175476
7.996135,47.46376057527489,45.82955849380803,-1.2683240435259997,0.8011600375175476
8.016218,47.46006678075445,45.82879748109349,-1.2902382526584508,0.7781245708465576
8.036313,47.482606621861265,45.74724040255618,-1.3116248916584836,0.7781245708465576
8.056607,47.57522450808293,45.65831114648189,-1.3324540282626574,0.7901397943496704
8.076708,47.59777677818264,45.55950336852155,-1.360043498144033,0.7901397943496704
8.095835,47.611445724675114,45.4926636532908,-1.3781100380767566,0.7901397943496704
8.115954,47.624052387632936,45.402324407704526,-1.3985912364997517,0.7777223587036133
8.136024,47.63777286971996,45.317411758001086,-1.4223199592028208,0.7777223587036133
8.156273,47.6483243221091,45.210005380037266,-1.45095666500599,0.7692447900772095
8.176415,47.65921557218934,45.10759411586549,-1.478526457166052,0.7692447900772095
8.196501,47.666174429960336,45.0218939940618,-1.501017766476931,0.7692447900772095
8.21659,47.669143437946474,44.91348102177517,-1.522318474524319,0.784947395324707
8.236679,47.67229712430348,44.8262642311319,-1.5469710716788765,0.784947395324707
8.25683,47.6693348168323,44.7357048182067,-1.567313768233383,0.8138994574546814
8.276862,47.66861516585271,44.64778973568902,-1.5905723999587835,0.8138994574546814
8.296977,47.66586480063263,44.55961052915692,-1.6133713775089782,0.8138994574546814
8.317128,47.655936566372276,44.45187287161664,-1.6378656895545916,0.7892687320709229
8.337199,47.64894492464434,44.3634831060975,-1.6618302187633422,0.7892687320709229
8.357355,47.75200167371647,44.35313194402357,-1.6800858585921883,0.7888827323913574
8.377372,47.74127755812622,44.26481063359415,-1.7032600174476413,0.7888827323913574
8.397524,47.728396564461306,44.1763497623695,-1.7276477807396633,0.7888827323913574
8.417637,47.70252878985483,44.052538930429996,-1.7545552548222545,0.8173628449440002
8.437727,47.68506003727024,43.96406075429936,-1.7767185658723492,0.8173628449440002
8.457905,47.657865086487696,43.85935093026996,-1.7934603225628396,0.8142064213752747
8.477994,47.636655656149635,43.770497397842334,-1.8171462108891276,0.8142064213752747
8.498067,47.613314914373625,43.68187739730057,-1.8390677360154626,0.8142064213752747
8.518209,47.60889434471402,43.68303087439332,-1.8584793732241383,0.8190739154815674
8.538314,47.58179396866515,43.59504363907134,-1.8803580639736925,0.8190739154815674
8.558431,47.504944525240646,43.38007549217163,-1.9081915676563193,0.814853847026825
8.578549,47.473082059466215,43.29233986148262,-1.930016117493089,0.814853847026825
8.598628,47.439080718141575,43.20481425678773,-1.9528420567829843,0.814853847026825
8.61873,47.43445408817779,43.206443574416106,-1.9670699605940933,0.817557692527771
8.638803,47.39702618993796,43.11961244857818,-1.9885406375973034,0.817557692527771
8.65893,47.317503986846155,42.95804764773861,-2.010260435703456,0.8036249279975891
8.67902,47.27610954319153,42.872333452912926,-2.0311953568468244,0.8036249279975891
8.699143,47.232809274657555,42.78720671982018,-2.051303270111577,0.8036249279975891
8.719223,47.16929833256621,42.67634729147258,-2.0759235464330135,0.8200424909591675
8.739309,47.12150437180765,42.59182592948121,-2.0949849528173226,0.8200424909591675
8.759409,47.063801350286504,42.500345856510116,-2.106631119767335,0.8090512752532959
8.779479,47.01291742589326,42.41614333255047,-2.1215702066115716,0.8090512752532959
8.799628,46.960645434180336,42.33239432263804,-2.1360293092591367,0.8090512752532959
8.819729,46.94719352465665,42.31735685761485,-2.1508876899470617,0.8058967590332031
8.839851,46.892156741742426,42.234460017184894,-2.1626831249156546,0.8058967590332031
8.85997,46.829703267334295,42.14623598877959,-2.1712847672305857,0.8245935440063477
8.880048,46.772370682031976,42.0634167657671,-2.1811661361138763,0.8245935440063477
8.900138,46.7137687647182,41.98035717373542,-2.1888995893066463,0.8245935440063477
8.920274,46.63674884979942,41.87639490651665,-2.1973116201174907,0.8040704727172852
8.940367,46.575911203750486,41.79266305559597,-2.2005343090284644,0.8040704727172852
8.960468,46.51152000733568,41.7057273046352,-2.2007517200302926,0.8113930821418762
8.980555,46.43790604093401,41.60477688343721,-2.2008729391422497,0.8113930821418762
9.000686,46.42567132626794,41.58799529887514,-2.200691925849507,0.8417239189147949
9.020829,46.36460675063008,41.50376595406676,-2.195494180788828,0.8417239189147949
9.040954,46.303977370161064,41.419316295293754,-2.1914194791600012,0.8417239189147949
9.061033,46.304749414122774,41.41867350302012,-2.191989135442553,0.8036462068557739
9.081219,46.256528813848774,41.35085765926947,-2.185815331918065,0.8036462068557739
9.101372,46.18514851453086,41.24868705111492,-2.175130981545167,0.8036462068557739
9.121455,46.126618125454925,41.16316674256749,-2.1668233955001606,0.8036462068557739
9.141541,46.14278881422865,41.18295986766497,-2.163299628499955,0.8173280954360962
9.16213,45.8890346845398,40.9190161060695,-2.1478672588495336,0.8058115839958191
9.181723,45.83340685251425,40.83235423799528,-2.135047930072502,0.8058115839958191
9.201812,45.83521389883523,40.83140480436295,-2.1234096131071865,0.8103517889976501
9.221912,45.781689021123746,40.74354070753794,-2.112477606109143,0.8103517889976501
9.242007,45.72887175442662,40.65495564653315,-2.1044032173692027,0.8103517889976501
9.262098,45.681515168139434,40.5674788161613,-2.0943136112543885,0.8205415606498718
9.282182,45.63047706938379,40.47796762938252,-2.0834697734938303,0.8205415606498718
9.302269,45.5446172639645,40.319843368434604,-2.067107214231116,0.7864383459091187
9.322349,45.496465778913425,40.22958037792899,-2.054719382005975,0.7864383459091187
9.342442,45.44947806072136,40.139165367929365,-2.0453715946486786,0.7864383459091187
9.36253,45.46049169127835,40.156405082785184,-2.0361926986729304,0.7808535099029541
9.382724,45.4151506773782,40.06493446369136,-2.0256877308423906,0.7808535099029541
9.401857,45.370582806105176,39.97261801966988,-2.015803970191869,0.7808535099029541
9.421967,45.32678073215559,39.879687991787094,-2.0065360896034417,0.7808535099029541
9.442062,45.25290297985954,39.88450583337816,-2.004653995818335,0.8044417500495911
9.462153,45.14605323013511,39.63466281186434,-1.981741105557419,0.7895040512084961
9.482257,45.10572797115711,39.54140393126153,-1.9760797925206117,0.7895040512084961
9.502387,45.04506154589851,39.393826529441775,-1.9624526987195092,0.7671459913253784
9.522519,45.00681259467369,39.300868031345686,-1.9598375186853192,0.7671459913253784
9.542625,44.96861185330337,39.20761297617099,-1.9593287245651771,0.7671459913253784
9.562773,44.999178963072865,39.282243744722194,-1.9584637745609366,0.7725387811660767
9.581796,44.96081680834079,39.1885274696965,-1.9601999801375736,0.7725387811660767
9.601883,44.75321330124857,38.9709137262703,-1.9603905093384462,0.8524336218833923
9.621971,44.714461489712534,38.87741437644974,-1.9670292941560636,0.8524336218833923
9.642065,44.67524774578746,38.78460702082486,-1.9741241454980392,0.8524336218833923
9.662154,44.74627624050925,38.6772860259823,-1.9790216534250773,0.7862843871116638
9.682245,44.70628314375508,38.58643583920535,-1.9919627448975277,0.7862843871116638
9.702322,44.65963227483378,38.488994593740735,-2.0042722339556414,0.7845019102096558
9.722411,44.61736226365819,38.39941134564812,-2.0190593348639903,0.7845019102096558
9.742497,44.57354138970301,38.3100460426488,-2.0343378352217063,0.7845019102096558
9.762584,44.53839533264161,38.24713627159925,-2.046627678534005,0.8217014074325562
9.782669,44.49210836004744,38.15884217238206,-2.060661916347914,0.8217014074325562
9.802758,44.391719897904984,37.97676463642921,-2.070791120919137,0.7952677011489868
9.822937,44.34367195004873,37.89037183087759,-2.085935356161816,0.7952677011489868
9.843399,44.2946048980448,37.805310357195715,-2.1021042462297808,0.7952677011489868
9.883524,44.26458872070231,37.754763011544384,-2.1112154660645492,0.7952677011489868
9.903569,44.22380645993008,37.6877495064807,-2.1241568836870766,0.7952677011489868
9.923674,44.23640568264704,37.71396869389153,-2.1229415813515757,0.8093514442443848
9.943752,44.15717417083021,37.59772437202836,-2.155155101505712,0.0
9.963836,44.102313144550926,37.516086243226574,-2.1698171782178717,0.0
9.983924,44.046309384982486,37.435417740509536,-2.1854848843341586,0.0
10.004005,43.81584556638647,37.133317783736906,-2.2299877585754766,0.8074288368225098
10.02409,43.75535990515942,37.056267578960835,-2.242677170905164,0.8074288368225098
10.044187,43.69393856505538,36.97999190491835,-2.2547833181804586,0.8074288368225098
10.064305,43.69207360045451,36.981588989398865,-2.265446452810602,0.8002836108207703
10.084391,43.62871853088625,36.906660451172414,-2.279938387899254,0.8002836108207703
10.104468,43.66124246043958,36.78329511863104,-2.2862042936474514,0.8274916410446167
10.124612,43.59640536298933,36.70947428000079,-2.296790581563861,0.8274916410446167
10.144685,43.51808478580793,36.62202360791151,-2.305508790555828,0.8274916410446167
10.164768,43.34297768924729,36.538215496881094,-2.307612324255476,0.7917892336845398
10.184861,43.2770671985283,36.46614055616355,-2.3153006600209243,0.7917892336845398
10.204978,43.20245160718345,36.3880880345696,-2.324005548020529,0.8145058751106262
10.225076,43.13552923983151,36.31706682178192,-2.3294226833663445,0.8145058751106262
10.245124,43.06808923485378,36.24645413151437,-2.3367128986044516,0.8145058751106262
10.265215,43.0669990283155,36.24778936686354,-2.3448606071607254,0.8393980860710144
10.285343,42.99877266349435,36.178575063115865,-2.352387281204667,0.8393980860710144
10.305428,42.913648481479434,36.09435533374023,-2.3533023815795735,0.823871374130249
10.325519,42.84501581585101,36.026081944341655,-2.3635993743776713,0.823871374130249
10.345621,42.77601271753871,35.958548073273995,-2.370852625940384,0.823871374130249
10.365774,42.61485029055444,35.95142275127749,-2.379544467936909,0.7979031205177307
10.385837,42.54453719422793,35.88498597113952,-2.3893369065658665,0.7979031205177307
10.406354,42.59186551707274,35.78496601782354,-2.394240384318334,0.8383253216743469
10.426443,42.50686342539307,35.707219125985475,-2.4068438017443823,0.8383253216743469
10.446548,42.43574013441926,35.64350587594568,-2.415785532255795,0.8383253216743469
10.466657,42.27401387695066,35.64536202679967,-2.4247982004089588,0.7881758809089661
10.486762,42.203119090497154,35.58429809501625,-2.436174423811897,0.7881758809089661
10.50686,42.15632280895622,35.452904214771074,-2.4450848758914145,0.8258299231529236
10.527049,42.08543427637806,35.394269784579066,-2.4559519790241335,0.8258299231529236
10.547083,42.01417989673512,35.33661951841586,-2.466917905630187,0.8258299231529236
10.567183,41.934026725134494,35.27434899250538,-2.4791965862962217,0.7993989586830139
10.587279,41.861913602342135,35.218813116072916,-2.491470265994408,0.7993989586830139
10.607365,41.803861329898794,35.177050825869095,-2.505615541921791,0.869525671005249
10.627459,41.73162175756477,35.124480225430794,-2.5194020143938602,0.869525671005249
10.647579,41.659728064027156,35.073560549555566,-2.5315457776447032,0.869525671005249
10.667677,41.57081590698805,35.013935738048744,-2.542045296850429,0.8179540634155273
10.687772,41.49935242254549,34.96587145080649,-2.5569479636027324,0.8179540634155273
10.707861,41.43794341292417,34.928979097156194,-2.568385413688755,0.7993618249893188
10.727954,41.36628502774412,34.88343434729112,-2.5826213209669495,0.7993618249893188
10.748065,41.29412344663892,34.838964876899574,-2.5961497000114098,0.7993618249893188
10.768155,41.15387841377869,34.75659979840233,-2.6095291211996168,0.8362438678741455
10.788369,41.081306882098296,34.71456294011364,-2.6236443529493174,0.8362438678741455
10.808495,41.008984911027326,34.67406815205692,-2.638535169582156,0.8362438678741455
10.828605,40.9370972020277,34.63515631277232,-2.6524253577787174,0.8362438678741455
10.848681,41.067684945979146,34.70994723118163,-2.645083812274078,0.8298162221908569
10.868842,40.824732493734125,34.58894627093845,-2.6763068977806155,0.8431689739227295
10.88888,40.75374573023023,34.5539892026839,-2.691585398138331,0.8431689739227295
10.909006,40.65862373647849,34.511567346835434,-2.7069459572159142,0.842305064201355
10.929091,40.58715266617941,34.47899520848191,-2.72093779551981,0.842305064201355
10.94918,40.51578686032517,34.44764691017468,-2.735129563820916,0.842305064201355
10.96927,40.42017765119398,34.407965446647474,-2.752050802177806,0.8514693379402161
10.992306,40.363684061098205,34.385104689301585,-2.762066110026056,0.8514693379402161
11.009949,40.33857740190714,34.377317847541796,-2.777742001869766,0.8237523436546326
11.030062,40.268966338691996,34.351388817205475,-2.792385922894306,0.8237523436546326
11.050149,40.19941908222185,34.32665259581577,-2.8070688732113953,0.8237523436546326
11.070325,39.99711470671489,34.25940519591695,-2.826159361310903,0.8233383893966675
11.090408,39.92728330318252,34.237165277261234,-2.8406522748497847,0.8233383893966675
11.110512,39.927379984919234,34.23982307238657,-2.8561328123900123,0.8092578053474426
11.130633,39.85863263182311,34.220221100926274,-2.870974815227992,0.8092578053474426
11.150686,39.78867244041664,34.20437498224691,-2.8862322980910395,0.8133271932601929
11.170792,39.7212439988438,34.187338760404316,-2.9013828389018745,0.8133271932601929
11.190914,39.65400918287644,34.17130777955163,-2.913977776425921,0.8133271932601929
11.211047,39.583784941757806,34.15742928310169,-2.919378514736493,0.7882859706878662
11.231103,39.51733788607565,34.142945149397484,-2.9340887529433597,0.7882859706878662
11.251235,39.518594884034634,34.14477455044853,-2.9425124803912803,0.8187786340713501
11.271299,39.45255792569536,34.131967545385926,-2.9573937299551942,0.8187786340713501
11.291346,39.386962590035765,34.12021717632816,-2.971056591548076,0.8187786340713501
11.311439,39.268703692184914,34.10270743016165,-2.985909334955748,0.8072438836097717
11.331522,39.20357865020832,34.09298075956949,-3.000715461285255,0.8072438836097717
11.351643,39.13212058231396,34.08581536053073,-3.0156828304572487,0.7945038676261902
11.371692,39.06810663750664,34.0781478440807,-3.0292549136120286,0.7945038676261902
11.390816,39.00461224493589,34.07140381056233,-3.0423361409009018,0.7945038676261902
11.410988,38.945702466759116,34.06788448529112,-3.050531982173933,0.7779866456985474
11.431967,38.89593299600592,34.06362104324066,-3.0616057557387863,0.7779866456985474
11.452071,38.83418904137811,34.05906827511792,-3.0743826850058062,0.7779866456985474
11.472154,38.739393224639265,34.05349748438719,-3.0945715890088015,0.835195004940033
11.49224,38.67825696308757,34.05099090190486,-3.1066962181217943,0.835195004940033
11.512351,38.55836777844565,34.04868346465476,-3.1232877443312215,0.7868157625198364
11.532404,38.49823634053245,34.04797906272498,-3.13648921228182,0.7868157625198364
11.552489,38.42636418025637,34.04944463050488,3.130400837662708,0.7868735194206238
11.572577,38.36742971126098,34.050481867239526,3.1175717243833656,0.7868735194206238
11.592672,38.309161784579885,34.0522763861028,3.104015296432283,0.7868735194206238
11.612803,38.29824568398883,34.05540237909778,3.0942037588385207,0.7759343981742859
11.632866,38.2413444050452,34.05846451203835,3.08148401455167,0.7759343981742859
11.653021,38.169955422041035,34.06518219409405,3.072078319567956,0.7623613476753235
11.673166,38.1367051604266,34.067625596675214,3.064386722301737,0.7623613476753235
11.693265,38.060241889916725,34.074218933142106,3.04675896293929,0.7623613476753235
11.713345,38.021472631380455,34.079932851353725,3.0453827023432343,0.7590746283531189
11.733427,37.95767160365362,34.08655186087403,3.0309989403634594,0.7590746283531189
11.753511,37.776504624858426,34.00179107337783,3.014271684561197,0.7886527180671692
11.773594,37.72447477018634,34.008768979087414,3.002264469475929,0.7886527180671692
11.793684,37.67301806103106,34.016291762782906,2.9905719892149816,0.7886527180671692
11.813772,37.67382544060618,34.0183684608886,2.9813253851227546,0.7765430212020874
11.833864,37.62369287197564,34.02677017858555,2.9697405343872214,0.7765430212020874
11.853955,37.563683800857135,34.052317745797616,2.959263967193779,0.7503198385238647
11.874066,37.51524852210978,34.06153090557932,2.947957974774091,0.7503198385238647
11.894147,37.467420992154345,34.07118298227783,2.9369493225079486,0.7503198385238647
11.914308,37.36426791674587,34.10684791878166,2.92439798037753,0.7634260058403015
11.934409,37.31774579675123,34.117381652992606,2.913431184037937,0.7634260058403015
11.954525,37.21327303573545,34.143869706415344,2.9005174348136107,0.7622290849685669
11.974662,37.16835054544021,34.15516098620292,2.8901453187811064,0.7622290849685669
11.994783,37.124107250755614,34.1667653187649,2.879998789885204,0.7622290849685669
12.014838,37.22975419152721,34.14094082532601,2.8771012022549165,0.7930200099945068
12.034954,37.187131514081756,34.15273278703462,2.8662480148588183,0.7930200099945068
12.055075,37.10225291823294,34.290468663381475,2.8538178918403565,0.7806826233863831
12.075263,37.06107597029085,34.30286983263718,2.8443019197600137,0.7806826233863831
12.095324,37.020384106247256,34.31553017150417,2.835595343454128,0.7806826233863831
12.115468,36.99918589844689,34.248671930471495,2.8332820920574093,0.8129305839538574
12.135568,36.959687349153896,34.2614559070873,2.823848201079781,0.8129305839538574
12.15563,36.80045626360988,34.337370308242534,2.806741479255563,0.8136837482452393
12.175806,36.76253276665893,34.35076600971237,2.7973217214479402,0.8136837482452393
12.195908,36.725499192686435,34.364226312813265,2.7885988376382027,0.8136837482452393
12.215959,36.69756431556958,34.26140690882223,2.788437741883006,0.8228940963745117
12.23605,36.66193102941539,34.27472234586212,2.7794969898218236,0.8228940963745117
12.256137,36.688602294512265,34.34280423457343,2.7680278712028334,0.8238431215286255
12.276297,36.654285098250504,34.35642069963176,2.759550252251011,0.8238431215286255
12.29637,36.62060145057511,34.37011210784434,2.751604475358106,0.8238431215286255
12.316449,36.52841098667747,34.40922773078959,2.7455941273805484,0.7837895154953003
12.336539,36.49609898753076,34.42288551493845,2.7378568691035485,0.7837895154953003
12.356714,36.49689398984441,34.42416745174119,2.7349881329648777,0.8311248421669006
12.377062,36.459627683175455,34.44039930657314,2.7267402323839645,0.8311248421669006
12.396859,36.46614435953655,34.43846102880566,2.7206782631628443,0.8303219676017761
12.416933,36.430547272236616,34.45456882075795,2.7129092596116813,0.8303219676017761
12.437028,36.40166699838511,34.46786966797949,2.7070825884858287,0.8303219676017761
12.45714,36.304571771427746,34.51429882247397,2.698456312247432,0.8295575976371765
12.47725,36.27718838799656,34.527390489577996,2.6927867367420073,0.8295575976371765
12.49729,36.27773937263624,34.528332694961485,2.690487142080376,0.8399803638458252
12.517408,36.251510481148536,34.54112002639392,2.6854443183062786,0.8399803638458252
12.537498,36.225955301356436,34.55374574444824,2.6799492330920565,0.8399803638458252
12.557629,36.22654890967308,34.55421966762199,2.6726698479550364,0.8228740096092224
12.57773,36.20217331056796,34.56663657843446,2.6682287710730295,0.8228740096092224
12.596851,36.20276860076865,34.567534324876924,2.6689116014323058,0.8276744484901428
12.616932,36.179453149817576,34.57952045508216,2.6645596722380174,0.8276744484901428
12.637053,36.15668687949593,34.591340830514994,2.6608268846065943,0.8276744484901428
12.657221,36.152750027225025,34.593908445593556,2.6541960329099665,0.831171989440918
12.677326,36.131246233670986,34.60536228969144,2.6501387259519147,0.831171989440918
12.697428,36.03655781316462,34.657080279279334,2.6463847513556833,0.8296078443527222
12.71752,36.01624225997843,34.66810036332108,2.642743285745823,0.8296078443527222
12.737581,35.996501028748426,34.67890375192756,2.638971903688618,0.8296078443527222
12.757782,35.99328947231726,34.681634686423955,2.638679257538143,0.805780291557312
12.777852,35.974562194100045,34.69197423898163,2.6355748523884333,0.805780291557312
12.797905,35.97129353723499,34.69438966249301,2.6326823584549373,0.8086385130882263
12.81799,35.95365451070868,34.70426645643217,2.6295477300647567,0.8086385130882263
12.838082,35.936617413827335,34.71387534109145,2.626626295108251,0.8086385130882263
12.858226,35.937270884687024,34.71411838786361,2.6249537655378266,0.7993249893188477
12.878253,35.92129557891677,34.72322376775364,2.622202146054752,0.7993249893188477
12.89838,35.92164520767652,34.72361429646512,2.6211647394009656,0.7995424866676331
12.918499,35.906643520481104,34.732238543204566,2.6185629315199335,0.7995424866676331
12.93856,35.892168301722684,34.74060671698793,2.616353917048318,0.7995424866676331
12.958646,35.89254987330326,34.74046712679261,2.6108239337758543,0.7739624977111816
12.978734,35.879105876444214,34.74838033232765,2.608333886654545,0.7739624977111816
12.998858,35.78632336775602,34.80345023423351,2.6058665581243847,0.7430170178413391
13.018954,35.77381814386981,34.81089200825086,2.603730166403251,0.7430170178413391
13.039052,35.76186040541714,34.81804134753268,2.6017422816838516,0.7430170178413391
13.059206,35.762455105656464,34.818270644805004,2.6022636549648057,0.7790706157684326
13.079294,35.751313907898115,34.82495388701908,2.600338717210269,0.7790706157684326
13.099371,35.749544850097315,34.82660580041932,2.600965817474523,0.7976560592651367
13.119511,35.73922108503333,34.83281660826872,2.5990379443692935,0.7976560592651367
13.139534,35.72928557161013,34.83881920776246,2.597225963258097,0.7976560592651367
13.159709,35.72954399754382,34.83870532963836,2.5932975399388107,0.8155540823936462
13.179848,35.72034159154489,34.84433530712555,2.5918075776703193,0.8155540823936462
13.199932,35.720556742534335,34.84460120812635,2.59187921877302,0.8146207332611084
13.220038,35.711747502790814,34.85000770165713,2.5904169792610743,0.8146207332611084
13.240159,35.7030143369218,34.85538518526499,2.588916036606656,0.8146207332611084
13.26035,35.703347719133895,34.85575842820002,2.5908787757946286,0.8060485124588013
13.280396,35.6949089234395,34.860950264875015,2.589203342849008,0.8060485124588013
13.300515,35.69333760019012,34.86193810271118,2.5847188880067598,0.8152782320976257
13.320619,35.68541238960277,34.86688043228415,2.583253169560659,0.8152782320976257
13.340699,35.67771176354762,34.8716990830752,2.5816166571908954,0.8152782320976257
13.359951,35.678019768365054,34.87190395092483,2.582122186612717,0.789814829826355
13.380092,35.670574211254895,34.876572207110165,2.5810286054044886,0.789814829826355
13.401338,35.66314766268354,34.881240648891,2.579709110909582,0.789814829826355
13.420316,35.65569324310958,34.88593990044087,2.578586719777884,0.789814829826355
13.440374,35.576400506199384,34.935998415588976,2.577740903911496,0.8143829107284546
13.460517,35.63435316131743,35.027153888270824,2.5751999230198273,0.7902063727378845
13.480556,35.6273384720811,35.03162042856685,2.573975446914024,0.7902063727378845
13.500673,35.58876808147394,34.97122277050601,2.5745697978734863,0.8092632293701172
13.520825,35.58192807584288,34.97558383243927,2.5734985035871882,0.8092632293701172
13.540894,35.573900376220514,34.98071596696709,2.5719957127490005,0.8092632293701172
13.560984,35.574128549066955,34.981140494504025,2.5758825743163163,0.7851231098175049
13.581066,35.56881467989845,34.98451723977025,2.575131124538877,0.7851231098175049
13.601171,35.56880506253599,34.98453191954841,2.572892647843638,0.7865875959396362
13.621254,35.56094469105165,34.98956190696668,2.5717208993336196,0.7865875959396362
13.641397,35.56097713347104,34.98954580176092,2.5691341487144763,0.7582542896270752
13.661505,35.55470247148435,34.993595447720615,2.567779538727946,0.7582542896270752
13.681582,35.548533557241186,34.997587639539674,2.5666689977157136,0.7582542896270752
13.701665,35.54878633057837,34.997823135994025,2.5676410304643578,0.7604082822799683
13.721754,35.54275611631754,35.001727795276544,2.566288051228211,0.7604082822799683
13.741841,35.54188255489529,35.002895481683495,2.569517883465382,0.7921122908592224
13.761928,35.53612933623412,35.00660234150312,2.56893516199445,0.7921122908592224
13.782028,35.530557069183395,35.01019862578889,2.5679904139380327,0.7921122908592224
13.802117,35.52967654843817,35.0107816666965,2.5654891689974133,0.7835314869880676
13.822213,35.52468953621093,35.01402333479286,2.564908078276867,0.7835314869880676
13.842295,35.52403664854046,35.01505161616637,2.567444298016922,0.8017776608467102
13.862392,35.51944410192404,35.018026728739805,2.5660609868236137,0.8017776608467102
13.882485,35.51504946325557,35.02088062947794,2.5652896418914763,0.8017776608467102
13.902577,35.51439642577119,35.021314507709825,2.5632599012455266,0.783627450466156
13.922702,35.51050536030579,35.02385685156909,2.562448439853916,0.783627450466156
13.941778,35.420279125368026,35.083118961326285,2.5602861735600064,0.758031964302063
13.961873,35.41700360782061,35.085272420022584,2.5597083443402298,0.758031964302063
13.98199,35.41398650428534,35.087258277520675,2.5592261858097105,0.758031964302063
14.002079,35.50467877524615,35.0283787714783,2.563545848529224,0.770816445350647
14.022169,35.50209957494623,35.03006225763192,2.5630669514994744,0.770816445350647
14.042273,35.50212339666913,35.030047525891746,2.5618859077122615,0.7818073630332947
14.062372,35.49981491052952,35.03156030192647,2.5610857528566546,0.7818073630332947
14.082473,35.49759083668083,35.033019443960995,2.560819288243735,0.7818073630332947
14.102574,35.49770180414315,35.03294794889079,2.559954664389571,0.7831825017929077
14.1227,35.495756916144686,35.03422739977777,2.559500446048983,0.7831825017929077
14.14277,35.49392944364159,35.035430598929366,2.5591017819381796,0.7831825017929077
14.162834,35.494791973766716,35.035462097819995,2.5633699673038706,0.7763416767120361
14.182934,35.49320433685875,35.03649854609404,2.5630713225500172,0.7763416767120361
14.203019,35.493295165070656,35.03644010966217,2.562364718408167,0.7874655723571777
14.223177,35.49192281176674,35.03733802190033,2.562047809250002,0.7874655723571777
14.243288,35.49194638845746,35.03732291496673,2.5611614420573705,0.7877116799354553
14.263484,35.49072232675682,35.03812601453652,2.5607299455054813,0.7877116799354553
14.283524,35.4896390159767,35.0388373890742,2.5603280198939076,0.7877116799354553
14.303645,35.48947238355927,35.0389479982628,2.5592551492155704,0.776459813117981
14.323837,35.4887441886243,35.03942770247289,2.5589107347342446,0.776459813117981
14.342983,35.487882586074974,35.03999573859409,2.5585388149297557,0.776459813117981
14.363093,35.48725488511189,35.04040985874232,2.558257890996754,0.776459813117981
14.383201,35.39822707559202,35.09924437459678,2.557502473060044,0.7791871428489685
14.403337,35.398167205596685,35.099284370771606,2.5568211455491623,0.7856244444847107
14.423386,35.39765361188277,35.09962448471404,2.5564897770709156,0.7856244444847107
14.443514,35.39766698846659,35.09961570561865,2.5557138116793534,0.7880579829216003
14.46365,35.3973104194871,35.09985243871704,2.555264811739998,0.7880579829216003
14.483717,35.39702057820863,35.100045042018905,2.554888108401047,0.7880579829216003
