0.002648,25.917882,32.402696,2.292577,0.806,0.559524,-0.025008,-0.101625
0.022803,25.91136,32.411256,2.291103,0.806,0.573534,-0.052879,-0.071758
0.042878,25.905341,32.419708,2.290408,0.786,0.585219,-0.057708,-0.048593
0.063084,25.898734,32.428315,2.288605,0.786,0.612983,-0.026339,-0.096334
0.083349,25.889902,32.438992,2.284743,0.786,0.632862,1.68E-4,-0.179224
0.103156,25.884059,32.445247,2.281655,0.746,0.654487,0.033021,-0.219396
0.123263,25.873884,32.455185,2.275828,0.746,0.68709,0.077598,-0.278269
0.143348,25.866265,32.4622,2.271246,0.812,0.71557,0.087795,-0.309985
0.163483,25.85568,32.472283,2.265214,0.812,0.732226,0.082832,-0.299324
0.18359,25.845009,32.48288,2.259511,0.812,0.758285,0.050853,-0.291222
0.203701,25.83641,32.492575,2.25493,0.792,0.767054,0.024356,-0.266667
0.223813,25.827365,32.503296,2.250824,0.792,0.788967,0.008747,-0.230603
0.243911,25.818946,32.513545,2.24432,0.78,0.810419,-0.008033,-0.244516
0.264041,25.809448,32.5259,2.239946,0.78,0.831904,-0.010248,-0.233135
0.284143,25.798277,32.539841,2.234567,0.78,0.867901,0.017965,-0.268521
0.30424,25.791051,32.548437,2.230302,0.762,0.877053,0.035177,-0.309594
0.324334,25.778654,32.563353,2.223591,0.762,0.893414,0.034999,-0.309893
0.344438,25.771557,32.57164,2.216936,0.793,0.906984,0.031614,-0.349121
0.364583,25.758897,32.587259,2.209433,0.793,0.917696,0.045435,-0.338803
0.384703,25.748257,32.600306,2.202794,0.793,0.951,0.052321,-0.370852
0.404815,25.73835,32.611984,2.194271,0.755,0.974428,0.051268,-0.386896
0.424928,25.726634,32.626658,2.186993,0.755,0.99123,0.049375,-0.380783
0.445058,25.716498,32.639598,2.178654,0.781,1.017638,0.042464,-0.365678
0.465144,25.704872,32.655351,2.171617,0.781,1.042592,0.027123,-0.373228
0.485243,25.692134,32.673263,2.163945,0.781,1.054043,0.012643,-0.365301
0.505362,25.683261,32.686213,2.158587,0.759,1.066581,0.010799,-0.368716
0.525444,25.669898,32.705919,2.15003,0.759,1.091182,0.015734,-0.381697
0.54554,25.661394,32.718084,2.142267,0.78,1.105662,0.030976,-0.397396
0.565627,25.647659,32.738323,2.133065,0.78,1.120014,0.038902,-0.41463
0.585721,25.636252,32.755258,2.125362,0.78,1.14089,0.037651,-0.431816
0.605825,25.614238,32.790053,2.117805,0.766,1.233284,0.016826,-0.402186
0.625952,25.599895,32.813336,2.10953,0.766,1.258208,-0.006919,-0.383209
0.64607,25.589723,32.829632,2.100352,0.794,1.196945,0.016603,-0.424875
0.66613,25.580368,32.84509,2.093612,0.794,1.213213,0.042513,-0.453141
0.686255,25.564635,32.870242,2.081568,0.794,1.253313,0.049361,-0.509944
0.706353,25.577897,32.8986,2.07206,0.773,1.258063,-0.024567,-0.498816
0.726455,25.564431,32.924755,2.060202,0.773,1.295339,-0.023198,-0.510828
0.746598,25.545453,32.960928,2.052374,0.736,1.417445,0.014104,-0.475224
0.766684,25.530768,32.989144,2.042333,0.736,1.470558,-0.012191,-0.462999
0.78679,25.518375,33.014479,2.033858,0.736,1.5009,-0.029093,-0.446692
0.806919,25.51099,33.030067,2.025759,0.758,1.44628,-0.026841,-0.463689
0.827023,25.496799,33.060923,2.015236,0.758,1.495313,-0.023663,-0.465582
0.847139,25.488501,33.078685,2.00647,0.781,1.509856,-0.019665,-0.486577
0.867262,25.474635,33.109267,1.994965,0.781,1.547744,8.83E-4,-0.528107
0.887368,25.462243,33.136361,1.984249,0.781,1.586378,0.026574,-0.562757
0.907463,25.454163,33.153566,1.974565,0.754,1.620269,0.036498,-0.602166
0.927561,25.439942,33.185136,1.96181,0.754,1.67943,0.047029,-0.610892
0.947711,25.420126,33.231693,1.949911,0.762,1.80303,0.040661,-0.630991
0.967781,25.40529,33.267121,1.936688,0.762,1.850432,0.044351,-0.632368
0.987873,25.391931,33.300115,1.924459,0.762,1.894552,0.049066,-0.640106
1.007971,25.383559,33.321135,1.914421,0.77,1.84437,0.036149,-0.632953
1.028071,25.368962,33.36149,1.899756,0.77,1.881243,0.015617,-0.632348
1.048174,25.352413,33.409565,1.887344,0.746,1.979314,0.015332,-0.663096
1.067274,25.340467,33.445461,1.874732,0.746,1.998337,0.024976,-0.662779
1.087378,25.328529,33.481976,1.861643,0.746,2.039093,0.043827,-0.690418
1.107485,25.319678,33.509208,1.849346,0.758,2.021712,0.056152,-0.711867
1.127587,25.30643,33.55225,1.833408,0.758,2.080077,0.055831,-0.727104
1.147683,25.298216,33.580058,1.820919,0.792,2.115888,0.05301,-0.757781
1.167796,25.286495,33.623478,1.80528,0.792,2.16424,0.043494,-0.751046
1.187884,25.275478,33.668229,1.788644,0.792,2.21608,0.026924,-0.790459
1.208,25.269071,33.695755,1.774799,0.789,2.219801,0.023833,-0.760919
1.228094,25.258972,33.74403,1.757921,0.789,2.257865,0.025819,-0.771133
1.248189,25.248019,33.801501,1.742066,0.742,2.364819,0.020364,-0.789877
1.267283,25.24042,33.846016,1.72682,0.742,2.387038,0.005022,-0.803322
1.28738,25.232708,33.89611,1.709756,0.742,2.440401,0.020011,-0.813096
1.307504,25.224228,33.953462,1.69425,0.766,2.504029,0.051883,-0.832951
1.327601,25.216229,34.008709,1.67557,0.766,2.567729,0.086041,-0.848932
1.34771,25.210406,34.055152,1.659266,0.766,2.618571,0.046324,-0.903599
1.367821,25.20434,34.127324,1.638127,0.725,2.625566,0.005606,-0.909088
1.387925,25.201459,34.177051,1.621756,0.725,2.628562,0.003518,-0.869262
1.40803,25.197917,34.239535,1.604306,0.772,2.643096,0.051547,-0.913255
1.428129,25.194679,34.29547,1.584032,0.772,2.687077,0.111145,-0.963364
1.448234,25.217753,34.327279,1.56851,0.769,2.643089,0.024623,-0.945698
1.468338,25.218976,34.385154,1.547657,0.769,2.630367,-0.031856,-0.946029
1.488432,25.221213,34.433009,1.530832,0.769,2.686304,-0.051777,-0.939258
1.50854,25.222857,34.470059,1.514323,0.791,2.693561,0.01175,-0.932338
1.528628,25.226327,34.528983,1.493908,0.791,2.679151,0.018633,-0.936576
1.548765,25.229763,34.572918,1.473514,0.821,2.653201,0.009311,-0.960647
1.568857,25.234275,34.620275,1.457615,0.821,2.631551,0.041212,-0.893484
1.588992,25.240064,34.677516,1.435913,0.821,2.601318,0.06552,-0.992697
1.609121,25.243828,34.710141,1.420129,0.747,2.583923,0.061491,-0.961657
1.629228,25.251736,34.766651,1.399134,0.747,2.595878,0.048501,-0.959857
1.649321,25.257104,34.801412,1.380142,0.762,2.596775,0.030236,-0.961641
1.669418,25.267471,34.854737,1.3612,0.762,2.580243,0.028107,-0.904222
1.689548,25.277415,34.903031,1.343061,0.762,2.602281,0.031639,-0.961135
1.709633,25.292768,34.969527,1.321021,0.768,2.626212,0.018777,-0.959926
1.729725,25.304937,35.017414,1.30495,0.768,2.58186,0.038491,-0.850563
1.749819,25.321305,35.078126,1.284978,0.752,2.570375,-0.007215,-0.937282
1.769936,25.335877,35.124143,1.269441,0.752,2.506074,-0.050903,-0.81659
1.790027,25.353418,35.176298,1.25107,0.752,2.504023,-0.017095,-0.844683
1.81013,25.370664,35.228777,1.234403,0.761,2.520811,0.018796,-0.87583
1.830241,25.388641,35.280913,1.215041,0.761,2.486479,0.040631,-0.884251
1.850324,25.399125,35.311357,1.199852,0.731,2.406129,0.056498,-0.898553
1.870418,25.416789,35.358281,1.181138,0.731,2.361185,0.049786,-0.887221
1.89053,25.433312,35.399306,1.165006,0.731,2.301639,0.028647,-0.846916
1.91063,25.455801,35.452203,1.146498,0.754,2.30198,0.052883,-0.827941
1.930737,25.473038,35.491762,1.130824,0.754,2.242232,0.042077,-0.821801
1.95084,25.496503,35.54174,1.113499,0.713,2.207226,0.028246,-0.750525
1.970939,25.514694,35.579284,1.099037,0.713,2.186053,0.031485,-0.768848
1.991066,25.535133,35.61995,1.082661,0.713,2.145848,0.02984,-0.772019
2.011168,25.547671,35.644664,1.066534,0.735,2.066138,0.028198,-0.759647
2.031262,25.57032,35.68569,1.049346,0.735,2.005015,0.007038,-0.743576
2.051416,25.593414,35.725898,1.035988,0.736,2.040279,-0.007893,-0.695994
2.07154,25.616313,35.763778,1.021427,0.736,1.983728,0.001034,-0.660935
2.091667,25.636792,35.7971,1.008362,0.736,1.930466,0.011887,-0.654411
2.113361,25.65078,35.819843,0.995256,0.725,1.808341,0.023311,-0.642473
2.133472,25.673896,35.855993,0.980307,0.725,1.768833,0.027846,-0.632383
2.153593,25.700714,35.896933,0.965787,0.751,1.805598,0.031848,-0.630998
2.173686,25.722606,35.929517,0.952093,0.751,1.75959,0.033708,-0.624445
2.193777,25.736607,35.949977,0.939863,0.727,1.654457,0.014942,-0.603488
2.213885,25.756011,35.976182,0.92849,0.727,1.612189,-0.017282,-0.566873
2.233993,25.776497,36.002531,0.917438,0.727,1.571008,-0.025026,-0.527023
2.254127,25.790241,36.020098,0.906913,0.731,1.524763,-0.015835,-0.487866
2.274241,25.808032,36.042545,0.897409,0.731,1.502483,0.011518,-0.501707
2.294358,25.828072,36.068696,0.886179,0.731,1.488504,0.047991,-0.512338
2.314508,25.837159,36.08093,0.877446,0.741,1.450114,0.042589,-0.490123
2.334613,25.857723,36.106441,0.865795,0.741,1.407044,0.026798,-0.51172
2.354732,25.870299,36.121959,0.854235,0.739,1.444848,0.025372,-0.510598
2.374829,25.891529,36.147586,0.841836,0.739,1.4342,0.056772,-0.545861
2.394946,25.909759,36.170099,0.830733,0.739,1.461817,0.083675,-0.555232
2.415051,25.922886,36.186227,0.818587,0.722,1.475455,0.067415,-0.551179
2.435156,25.944257,36.20908,0.807883,0.722,1.503029,-0.011465,-0.510068
2.45528,25.95869,36.223783,0.796975,0.736,1.501012,-0.036805,-0.493442
2.475377,25.979526,36.244077,0.788933,0.736,1.553707,-0.036547,-0.424544
2.495501,25.996867,36.261314,0.779635,0.742,1.548975,0.007839,-0.464503
2.515596,26.020146,36.28446,0.768474,0.742,1.575966,0.029231,-0.530937
2.535719,26.039379,36.303423,0.759514,0.742,1.599326,0.026891,-0.527488
2.555829,26.055825,36.320302,0.746982,0.738,1.631073,0.045686,-0.570271
2.575921,26.0808,36.344539,0.734844,0.738,1.677896,0.050642,-0.571036
2.596017,26.099353,36.362157,0.724344,0.755,1.71447,0.032345,-0.57251
2.616117,26.126644,36.386662,0.71195,0.755,1.76996,0.013479,-0.596159
2.636251,26.152302,36.408858,0.700755,0.755,1.799189,0.016843,-0.58261
2.656347,26.173598,36.427482,0.689358,0.752,1.833591,0.04518,-0.60892
2.676445,26.198835,36.449375,0.677909,0.752,1.872953,0.068037,-0.635471
2.696569,26.243209,36.486455,0.662195,0.733,1.974515,0.075689,-0.656421
2.71669,26.272364,36.510614,0.649872,0.733,2.00612,0.072474,-0.651874
2.736756,26.30558,36.537409,0.635417,0.733,2.048147,0.079544,-0.689138
2.756851,26.324143,36.552429,0.625357,0.722,2.02069,0.093487,-0.693303
2.776956,26.35636,36.577944,0.610628,0.722,2.072485,0.114028,-0.739861
2.797051,26.383742,36.599211,0.596381,0.741,2.100365,0.097047,-0.737326
2.817165,26.421835,36.626322,0.580111,0.741,2.140628,0.05063,-0.734862
2.83729,26.452278,36.646806,0.567726,0.741,2.174777,0.035672,-0.727828
2.857357,26.507482,36.682278,0.550376,0.754,2.289694,0.033423,-0.729645
2.877457,26.542556,36.704621,0.536908,0.754,2.325574,0.07074,-0.753925
2.897555,26.574641,36.725326,0.519502,0.74,2.31173,0.083042,-0.79994
2.917647,26.614299,36.74976,0.503383,0.74,2.340431,0.11466,-0.808693
2.937751,26.656791,36.775758,0.485636,0.74,2.393859,0.140479,-0.847931
2.957852,26.697147,36.769929,0.472268,0.76,2.408244,0.032422,-0.835762
2.977919,26.742515,36.79306,0.454534,0.76,2.441472,0.010113,-0.846036
2.998026,26.768963,36.80618,0.440608,0.743,2.456776,0.062801,-0.8598
3.018124,26.820361,36.831247,0.42083,0.743,2.506222,0.052479,-0.862857
3.03826,26.863961,36.851666,0.404753,0.743,2.555665,0.071482,-0.845608
3.05837,26.903327,36.869764,0.385993,0.721,2.598262,0.075435,-0.899808
3.078455,26.944218,36.887265,0.37072,0.721,2.62776,0.061476,-0.893033
3.09856,27.012723,36.914732,0.350418,0.739,2.736325,0.084158,-0.92029
3.118666,27.061417,36.933991,0.332852,0.739,2.767834,0.110438,-0.921418
3.141904,27.113513,36.954173,0.313933,0.739,2.81603,0.144345,-0.951116
3.158872,27.156612,36.970578,0.294035,0.753,2.78025,0.142607,-0.981796
3.178998,27.207014,36.987918,0.275156,0.753,2.821638,0.129317,-0.989967
3.19911,27.27567,37.009033,0.252711,0.733,2.937894,0.126231,-1.014137
3.219209,27.318261,37.021556,0.237478,0.733,2.970916,0.118681,-1.01116
3.24155,27.384732,37.03947,0.214124,0.733,3.003573,0.107451,-1.018069
3.258396,27.426605,37.049977,0.196034,0.77,2.971782,0.110182,-1.002301
3.278465,27.490824,37.064583,0.173098,0.77,3.014278,0.124865,-1.048184
3.298566,27.554883,37.077228,0.153553,0.723,3.104796,0.13008,-1.032692
3.318732,27.622597,37.089998,0.130161,0.723,3.149225,0.138912,-1.070066
3.33882,27.682069,37.099908,0.109424,0.723,3.190365,0.149696,-1.087195
3.358922,27.754736,37.109884,0.086851,0.761,3.236657,0.161868,-1.105905
3.379028,27.819495,37.118071,0.064419,0.761,3.277467,0.149387,-1.124436
3.3992,27.874079,37.123837,0.042357,0.767,3.250203,0.151236,-1.102957
3.418327,27.932786,37.128547,0.022364,0.767,3.285534,0.160218,-1.10956
3.438399,27.985548,37.131669,0.004409,0.767,3.309829,0.140342,-1.118741
3.458505,28.044744,37.133832,-0.021351,0.787,3.344658,0.132156,-1.119539
3.47863,28.112206,37.134379,-0.043354,0.787,3.391048,0.141526,-1.092311
3.498732,28.165208,37.134106,-0.06614,0.784,3.422602,0.135707,-1.092378
3.518848,28.230694,37.131556,-0.087213,0.784,3.469736,0.128458,-1.101534
3.541937,28.296853,37.127478,-0.107763,0.784,3.503835,0.123314,-1.083708
3.559073,28.359262,37.096267,-0.127075,0.773,3.588291,0.056294,-1.078354
3.579162,28.441684,37.085922,-0.151284,0.773,3.630364,0.043359,-1.0519
3.599265,28.511532,37.075429,-0.16965,0.764,3.681367,0.101988,-1.031103
3.619372,28.596127,37.062199,-0.193141,0.764,3.752842,0.088628,-1.012046
3.639484,28.662821,37.050002,-0.210473,0.764,3.773865,0.06817,-0.971121
3.659568,28.742345,37.033422,-0.230498,0.789,3.830187,0.057453,-0.955996
3.679666,28.813829,37.017129,-0.247058,0.789,3.883038,0.057733,-0.867111
3.699759,28.900638,36.995413,-0.266875,0.77,3.925424,0.0557,-0.867669
3.719876,28.976894,36.974903,-0.283671,0.77,3.9731,0.043577,-0.8302
3.739954,29.057552,36.951643,-0.299999,0.77,4.018013,0.054279,-0.766405
3.76008,29.121016,36.905238,-0.314473,0.767,4.062405,-0.008549,-0.746794
3.780162,29.206148,36.876392,-0.330448,0.767,4.104937,-0.028354,-0.717623
3.800253,29.279495,36.850719,-0.344816,0.767,4.152552,0.033394,-0.671675
3.82034,29.36985,36.81851,-0.35949,0.767,4.191085,0.042585,-0.623409
3.840454,29.440774,36.79194,-0.369484,0.767,4.225994,0.012236,-0.561382
3.860541,29.500903,36.768267,-0.383079,0.759,4.169463,-0.009158,-0.501111
3.880636,29.566642,36.741073,-0.390239,0.759,4.206485,-0.036704,-0.427803
3.900726,29.653263,36.704348,-0.402403,0.753,4.308897,-0.040384,-0.372969
3.920822,29.732693,36.669496,-0.408199,0.753,4.361768,-0.028547,-0.293625
3.940918,29.817031,36.632054,-0.413827,0.753,4.423907,-0.035088,-0.253284
3.961027,29.8862,36.600696,-0.418882,0.765,4.441195,-0.023146,-0.162356
3.981126,29.975734,36.560252,-0.421378,0.765,4.482276,-0.020032,-0.105949
4.001234,30.034955,36.533203,-0.425724,0.776,4.480539,-0.047649,-0.05891
4.021366,30.120552,36.493031,-0.425453,0.776,4.516018,-0.06097,0.019202
4.041599,30.19436,36.458416,-0.423643,0.776,4.541949,-0.062509,0.098588
4.061563,30.277317,36.391074,-0.425323,0.772,4.650014,-0.150723,0.155237
4.081657,30.352844,36.354026,-0.420813,0.772,4.687788,-0.159572,0.252694
4.101744,30.453095,36.306367,-0.417502,0.753,4.726161,-0.119384,0.285333
4.121833,30.517375,36.275996,-0.412205,0.753,4.754259,-0.127818,0.348539
4.141921,30.608385,36.233755,-0.403267,0.753,4.794957,-0.129026,0.420398
4.162076,30.703647,36.190828,-0.397135,0.767,4.821294,-0.131527,0.483832
4.182154,30.787575,36.15323,-0.38677,0.767,4.84886,-0.155811,0.54865
4.202228,30.85928,36.09451,-0.377506,0.775,4.863286,-0.254989,0.645269
4.222324,30.939316,36.058443,-0.36532,0.775,4.878341,-0.241501,0.679546
4.242425,31.043083,36.013698,-0.348235,0.775,4.919597,-0.263801,0.741471
4.262546,31.118009,35.983881,-0.33738,0.761,4.920777,-0.241152,0.842528
4.282651,31.219307,35.943524,-0.318302,0.761,4.973554,-0.260174,0.856651
4.302717,31.295873,35.887546,-0.305377,0.773,4.997564,-0.341866,0.911244
4.322822,31.361443,35.862421,-0.291989,0.773,5.008608,-0.332011,0.95128
4.342937,31.480163,35.820117,-0.267826,0.773,5.057909,-0.316476,0.970511
4.363035,31.570774,35.791576,-0.249338,0.773,5.056288,-0.278027,1.058357
4.383135,31.663151,35.763249,-0.230233,0.773,5.092356,-0.292451,1.012939
4.403324,31.753353,35.71076,-0.209578,0.751,5.127362,-0.404901,1.153742
4.423419,31.857539,35.681316,-0.185832,0.751,5.158497,-0.407667,1.114736
4.44351,31.962999,35.65367,-0.160341,0.751,5.189497,-0.468779,1.227984
4.463611,32.047817,35.634837,-0.142398,0.757,5.188687,-0.425514,1.238447
4.483713,32.154953,35.612402,-0.115681,0.757,5.2059,-0.3884,1.273398
4.50381,32.249903,35.596176,-0.094483,0.765,5.233473,-0.405411,1.326443
4.523933,32.363639,35.577346,-0.063753,0.765,5.221563,-0.475148,1.406105
4.54404,32.463208,35.565318,-0.042023,0.787,5.283803,-0.525882,1.486301
4.564126,32.579321,35.549319,-0.007863,0.787,5.309331,-0.644034,1.557886
4.584218,32.675273,35.537653,0.021767,0.787,5.335449,-0.720666,1.626026
4.604338,32.789657,35.503105,0.056771,0.765,5.340422,-0.758286,1.654611
4.624444,32.886992,35.496928,0.085558,0.765,5.384227,-0.696597,1.595538
4.644552,32.99585,35.471777,0.115382,0.764,5.441177,-0.700334,1.516191
4.664659,33.09477,35.471487,0.142017,0.764,5.449155,-0.737054,1.488582
4.684728,33.234176,35.481173,0.17392,0.772,5.512343,-0.687909,1.543049
4.704832,33.32866,35.487133,0.200338,0.772,5.549067,-0.706211,1.549504
4.724944,33.462242,35.499053,0.23864,0.772,5.531124,-0.724667,1.611033
4.745101,33.575309,35.493299,0.26499,0.779,5.583003,-0.768406,1.572042
4.765176,33.692546,35.511049,0.297052,0.779,5.607152,-0.71435,1.536281
4.785281,33.799026,35.508721,0.324853,0.766,5.576595,-0.654501,1.483037
4.805675,33.914347,35.535729,0.353082,0.766,5.601308,-0.574857,1.367606
4.825489,34.017637,35.564059,0.380222,0.766,5.615444,-0.55666,1.415032
4.845615,34.152202,35.58408,0.409705,0.771,5.672502,-0.595217,1.387548
4.86989,34.249732,35.615821,0.436696,0.771,5.646019,-0.654123,1.50074
4.885803,34.34677,35.649087,0.464214,0.771,5.672232,-0.703346,1.528591
4.905956,34.502636,35.684839,0.505577,0.793,5.743963,-0.820208,1.59113
4.926059,34.599815,35.72317,0.534504,0.793,5.76144,-0.855237,1.610379
4.946171,34.724189,35.752984,0.570804,0.773,5.795873,-0.810356,1.576818
4.96629,34.814482,35.796597,0.594511,0.773,5.873456,-0.77484,1.405837
4.986374,34.921895,35.855244,0.626805,0.798,5.842955,-0.677918,1.365494
5.006481,35.012874,35.909433,0.65082,0.798,5.879785,-0.523094,1.330443
5.026574,35.122117,35.980949,0.677986,0.798,5.917872,-0.521253,1.251175
5.046698,35.225662,36.055601,0.707787,0.773,5.964158,-0.605811,1.439652
5.066783,35.323268,36.12585,0.735383,0.773,6.001519,-0.569557,1.3741
5.086897,35.414398,36.195594,0.762108,0.773,6.010719,-0.560702,1.421317
5.107012,35.5211,36.260352,0.789794,0.804,6.032147,-0.559327,1.426391
5.127121,35.617979,36.344277,0.816972,0.804,6.098588,-0.574867,1.293022
5.147259,35.734228,36.419455,0.84517,0.821,6.106619,-0.722357,1.364074
5.167376,35.824368,36.503889,0.872878,0.821,6.173552,-0.575666,1.364364
5.187516,35.915328,36.569986,0.898391,0.789,6.171418,-0.533467,1.194487
5.207627,36.000344,36.660746,0.922787,0.789,6.192546,-0.625521,1.219136
5.227715,36.091483,36.762657,0.95252,0.789,6.208602,-0.518589,1.364496
5.24782,36.172315,36.824506,0.972446,0.799,6.255089,-0.500594,1.173809
5.267915,36.257776,36.932622,0.998956,0.799,6.238297,-0.538191,1.2491
5.288038,36.343589,37.01932,1.021613,0.783,6.341179,-0.448797,1.160588
5.308176,36.423317,37.134672,1.045738,0.783,6.359046,-0.432676,1.164113
5.328421,36.493416,37.241494,1.070783,0.783,6.400659,-0.438189,1.225459
5.347408,36.585558,37.348448,1.094854,0.817,6.486808,-0.475273,1.145483
5.367523,36.650104,37.454002,1.118461,0.817,6.466287,-0.575027,1.253571
5.387621,36.742475,37.572353,1.144856,0.787,6.513594,-0.501433,1.134871
5.407726,36.797962,37.676279,1.164252,0.787,6.548965,-0.481392,1.114308
5.427877,36.863248,37.806012,1.190336,0.787,6.594877,-0.466996,1.154093
5.44797,36.925925,37.884188,1.210835,0.782,6.513632,-0.453838,1.105662
5.468095,36.979426,38.003771,1.233555,0.782,6.563123,-0.466142,1.136868
5.488224,37.055074,38.131188,1.257894,0.767,6.665969,-0.393076,1.058275
5.508357,37.097434,38.243837,1.276343,0.767,6.685351,-0.382068,1.043529
5.528448,37.147313,38.38323,1.29967,0.767,6.750956,-0.414754,1.041815
5.548595,37.186856,38.51299,1.321493,0.801,6.797568,-0.311652,1.00649
5.568689,37.228363,38.657213,1.343398,0.801,6.842212,-0.271237,0.968878
5.588781,37.259257,38.781338,1.36273,0.774,6.879573,-0.249108,0.893101
5.608894,37.294224,38.929287,1.382771,0.774,6.923563,-0.220848,0.905263
5.62899,37.318774,39.044763,1.396904,0.774,6.9529,-0.178198,0.846729
5.649108,37.344719,39.187264,1.418205,0.791,6.990331,-0.174398,0.862531
5.669182,37.368434,39.325494,1.434587,0.791,7.024326,-0.193025,0.812988
5.688305,37.408214,39.45498,1.45171,0.789,7.041737,-0.235804,0.840739
5.708407,37.43068,39.616154,1.469662,0.789,7.106935,-0.169898,0.772546
5.728531,37.443434,39.722413,1.479954,0.789,7.151176,-0.175055,0.691931
5.748622,37.483273,39.859957,1.497307,0.784,7.149874,-0.242199,0.706931
5.768742,37.497562,40.002889,1.51027,0.784,7.206688,-0.22146,0.629663
5.788862,37.535537,40.175774,1.527247,0.788,7.306795,-0.242766,0.606777
5.808965,37.544961,40.30742,1.536646,0.788,7.357043,-0.22571,0.498084
5.829075,37.554054,40.469717,1.546664,0.788,7.38379,-0.16079,0.49066
5.849185,37.55734,40.59163,1.557221,0.795,7.386521,-0.026782,0.422801
5.868432,37.55974,40.747742,1.562262,0.795,7.45824,-0.055151,0.25417
5.888532,37.561654,40.898525,1.574117,0.777,7.429187,-0.075375,0.353954
5.908631,37.562638,41.032854,1.579209,0.777,7.491078,-0.121294,0.273716
5.928754,37.563819,41.198402,1.583506,0.777,7.565824,-0.131941,0.205441
5.948875,37.588478,41.308738,1.587806,0.785,7.639903,-0.140322,0.107263
5.968987,37.587237,41.477323,1.588935,0.785,7.702431,-0.026885,0.073556
5.989085,37.609299,41.635133,1.591675,0.76,7.738366,1.39E-4,-0.066615
6.009192,37.605437,41.798101,1.587398,0.76,7.764918,0.052775,-0.198847
6.0283,37.602519,41.953728,1.584451,0.76,7.79278,0.014386,-0.140977
6.048389,37.599353,42.104026,1.584369,0.779,7.825213,0.069194,-0.241835
6.068489,37.596333,42.253185,1.577773,0.779,7.880022,0.094542,-0.319487
6.088647,37.593695,42.417333,1.576599,0.767,7.953687,0.132282,-0.385826
6.108737,37.590484,42.568996,1.565645,0.767,8.010817,0.176512,-0.573194
6.128855,37.588324,42.753924,1.551761,0.767,8.054305,0.180383,-0.600761
6.148992,37.588778,42.866428,1.545657,0.755,8.009324,0.177444,-0.667342
6.169092,37.589927,43.010576,1.53374,0.755,8.011885,0.208216,-0.667404
6.189178,37.592229,43.18766,1.51648,0.755,8.075485,0.301419,-0.843022
6.208295,37.595841,43.341835,1.505377,0.752,8.154254,0.375441,-0.920967
6.22838,37.601159,43.521583,1.483654,0.752,8.177101,0.384475,-1.00884
6.248498,37.610923,43.681998,1.471449,0.747,8.226371,0.389942,-1.009673
6.26859,37.62132,43.854692,1.44956,0.747,8.248598,0.425661,-1.051605
6.288713,37.633607,43.998939,1.432944,0.765,8.223043,0.46312,-1.088611
6.308816,37.651168,44.188214,1.407012,0.765,8.259269,0.502341,-1.12729
6.328916,37.668753,44.344592,1.387056,0.765,8.272985,0.538137,-1.045738
6.349057,37.690178,44.50091,1.370149,0.777,8.324574,0.533549,-1.047322
6.369164,37.713143,44.657912,1.349231,0.777,8.337773,0.543183,-1.086098
6.389362,37.746044,44.838131,1.329358,0.714,8.369688,0.574419,-1.082496
6.409372,37.773094,44.986888,1.308667,0.714,8.383049,0.633757,-1.15138
6.429463,37.807475,45.160072,1.282966,0.714,8.372538,0.693883,-1.224244
6.44954,37.845338,45.320763,1.260683,0.78,8.382856,0.743758,-1.26836
6.469634,37.881653,45.476725,1.233907,0.78,8.385602,0.830735,-1.398213
6.489739,37.931426,45.654176,1.205496,0.737,8.385498,0.87651,-1.343259
6.509846,37.976564,45.816481,1.177995,0.737,8.375758,0.934153,-1.383239
6.529926,38.023027,45.969649,1.151012,0.737,8.370729,0.950707,-1.415547
6.550024,38.084563,46.139214,1.125972,0.756,8.42485,1.020538,-1.397721
6.570148,38.149024,46.3236,1.092246,0.756,8.443356,1.098065,-1.483711
6.590227,38.217819,46.488789,1.062736,0.74,8.393992,1.118269,-1.488916
6.610358,38.274998,46.630058,1.036369,0.74,8.372082,1.169935,-1.466435
6.630457,38.348798,46.800919,1.005102,0.74,8.389919,1.226001,-1.428881
6.650548,38.417953,46.935234,0.981477,0.762,8.384536,1.266938,-1.43585
6.670643,38.49952,47.103468,0.950095,0.762,8.396245,1.311002,-1.431471
6.690735,38.573963,47.246367,0.924512,0.762,8.372187,1.288868,-1.334685
6.71087,38.63426,47.401734,0.896859,0.731,8.330549,1.370008,-1.337193
6.730967,38.714003,47.540527,0.872559,0.731,8.293414,1.380423,-1.267239
6.751075,38.811815,47.68613,0.84551,0.75,8.317312,1.355513,-1.244537
6.771169,38.89865,47.820683,0.821234,0.75,8.31936,1.401745,-1.283075
6.791292,38.992674,47.960629,0.795849,0.75,8.297297,1.464977,-1.255435
6.811355,39.01587,48.032552,0.781258,0.717,8.216532,1.562548,-1.221723
6.831458,39.151687,48.223606,0.7458,0.717,8.222178,1.581769,-1.270423
6.851571,39.236314,48.329156,0.721162,0.719,8.224788,1.50312,-1.216843
6.871659,39.341469,48.458945,0.697078,0.719,8.214008,1.485208,-1.199682
6.891778,39.455301,48.59146,0.673734,0.719,8.182164,1.402607,-1.092864
6.911884,39.569255,48.703555,0.652047,0.723,8.245886,1.343854,-1.022608
6.931987,39.691134,48.829142,0.631281,0.723,8.216916,1.29343,-0.986159
6.952111,39.81571,48.941439,0.608913,0.721,8.219079,1.281095,-0.973608
6.972222,39.930918,49.049687,0.591142,0.721,8.221962,1.26534,-0.939709
6.992339,40.061013,49.166375,0.572188,0.721,8.23103,1.215475,-0.901846
7.01246,40.175896,49.259294,0.552046,0.728,8.149538,1.130709,-0.810466
7.032572,40.310658,49.367306,0.537518,0.728,8.155432,1.027252,-0.686658
7.052717,40.429131,49.452716,0.522585,0.749,8.184496,0.939082,-0.561469
7.072814,40.569765,49.553625,0.513997,0.749,8.207327,0.782323,-0.400627
7.095611,40.678829,49.628061,0.510743,0.749,8.238296,0.648623,-0.213426
7.115725,40.856027,49.738653,0.505581,0.762,8.265719,0.403841,0.012607
7.13583,40.983603,49.815675,0.509218,0.762,8.281957,0.202836,0.202431
7.15594,41.144366,49.883092,0.510753,0.729,8.277253,-0.085239,0.419171
7.176049,41.283107,49.957655,0.52129,0.729,8.304776,-0.275006,0.546628
7.196192,41.43639,50.040196,0.526455,0.767,8.282216,-0.363978,0.685111
7.215284,41.568811,50.109495,0.54063,0.767,8.310596,-0.48397,0.780231
7.235447,41.730812,50.195379,0.555396,0.767,8.32889,-0.501733,0.652695
7.255581,41.87206,50.24665,0.558889,0.735,8.326837,-0.501212,0.652552
7.275654,42.010477,50.324353,0.569795,0.735,8.358027,-0.387005,0.557543
7.295705,42.167393,50.419254,0.573461,0.705,8.359103,-0.249705,0.37873
7.315821,42.324321,50.514741,0.57979,0.705,8.349163,-0.260503,0.27943
7.335921,42.444958,50.589298,0.582307,0.705,8.328914,-0.192433,0.15568
7.356029,42.577059,50.674198,0.581392,0.757,8.273691,-0.048789,-0.032993
7.376122,42.715805,50.764684,0.577211,0.757,8.283243,0.009243,-0.211299
7.39622,42.861423,50.860106,0.570877,0.757,8.299962,0.084362,-0.324715
7.416322,42.987592,50.94278,0.563139,0.692,8.410439,0.134701,-0.518028
7.436415,43.135742,51.039239,0.550993,0.692,8.410938,0.199627,-0.573023
7.456549,43.254022,51.085104,0.542735,0.717,8.30936,0.184946,-0.648437
7.476654,43.416214,51.187175,0.522487,0.717,8.34883,0.290869,-0.90694
7.496747,43.551236,51.269146,0.509289,0.735,8.373729,0.408484,-0.96493
7.516841,43.708185,51.365888,0.486455,0.735,8.375057,0.475422,-1.067876
7.536942,43.837626,51.442682,0.465033,0.735,8.327595,0.522903,-1.171704
7.557047,43.966994,51.516477,0.445859,0.754,8.236709,0.627958,-1.228886
7.57714,44.09635,51.590116,0.421955,0.754,8.243614,0.752722,-1.337382
7.597231,44.255868,51.678226,0.388509,0.754,8.228502,0.868012,-1.541084
7.617332,44.404252,51.753064,0.365125,0.734,8.26592,0.949862,-1.450821
7.637425,44.559255,51.832446,0.333056,0.734,8.200914,1.081154,-1.554429
7.657524,44.698275,51.895365,0.307097,0.736,8.170293,1.199194,-1.63257
7.677616,44.847008,51.966577,0.273227,0.736,8.114344,1.361184,-1.699045
7.697702,44.982217,52.025898,0.239918,0.732,8.010062,1.494697,-1.877819
7.717799,45.145229,52.097815,0.197768,0.732,7.902077,1.650652,-1.920547
7.737899,45.293805,52.159704,0.156359,0.732,7.827248,1.814044,-2.0698
7.757989,45.441485,52.21209,0.118182,0.77,7.757922,1.943879,-2.05129
7.778077,45.583726,52.264538,0.07985,0.77,7.685671,2.065791,-2.026503
7.798171,45.744546,52.309855,0.041103,0.793,7.624331,2.114861,-1.983751
7.818261,45.879844,52.351761,0.005775,0.793,7.511203,2.191007,-1.969833
7.838351,46.044045,52.39911,-0.039201,0.793,7.363647,2.345834,-2.050867
7.858442,46.162317,52.424613,-0.073047,0.798,7.208799,2.447118,-2.125885
7.878558,46.331147,52.466716,-0.124588,0.798,7.049322,2.632697,-2.259761
7.898662,46.462561,52.496887,-0.166824,0.798,6.915138,2.78512,-2.332318
7.918777,46.608951,52.520099,-0.215725,0.773,6.733622,2.910264,-2.355269
7.938879,46.745236,52.545029,-0.26152,0.773,6.59231,3.022304,-2.409533
7.959003,46.897558,52.553182,-0.309513,0.8,6.488739,3.150402,-2.392612
7.979107,47.025657,52.570327,-0.35266,0.8,6.37004,3.263739,-2.401727
8.001241,47.160039,52.58501,-0.39853,0.8,6.238483,3.354855,-2.403654
8.019976,47.315614,52.585792,-0.450345,0.799,6.061078,3.394052,-2.329764
8.040075,47.426007,52.591217,-0.487441,0.799,5.942931,3.443177,-2.310809
8.060167,47.552482,52.616711,-0.53386,0.781,5.705606,3.563606,-2.304579
8.080282,47.68564,52.618306,-0.579949,0.781,5.533356,3.604065,-2.309971
8.100369,47.835878,52.615136,-0.632905,0.781,5.363901,3.620847,-2.297936
8.120465,47.932043,52.636396,-0.672305,0.792,5.215919,3.681058,-2.300273
8.140592,48.064518,52.626852,-0.719786,0.792,5.054731,3.692663,-2.244421
8.1607,48.185696,52.588252,-0.761316,0.774,5.099469,3.590342,-2.174378
8.180789,48.307296,52.567564,-0.80352,0.774,4.982473,3.519044,-2.108316
8.20088,48.425227,52.542654,-0.844031,0.774,4.874691,3.461228,-2.016603
8.220972,48.542147,52.541614,-0.886834,0.781,4.628267,3.510013,-1.943418
8.241083,48.642252,52.515682,-0.920831,0.781,4.545855,3.446743,-1.908902
8.261193,48.787716,52.450384,-0.966914,0.716,4.582384,3.384172,-1.932732
8.280301,48.878443,52.418029,-0.998269,0.716,4.509862,3.380522,-1.861484
8.302013,48.987548,52.375601,-1.03785,0.716,4.397056,3.344304,-1.880764
8.320488,49.104818,52.321928,-1.078686,0.8,4.292673,3.287344,-1.841975
8.340584,49.187477,52.283339,-1.109822,0.8,4.212864,3.256864,-1.821589
8.360706,49.291157,52.26225,-1.152668,0.816,4.027236,3.192534,-1.745197
8.380797,49.371488,52.218309,-1.18344,0.816,3.968378,3.11007,-1.709146
8.40089,49.456995,52.166946,-1.216531,0.816,3.914606,3.00365,-1.651175
8.420981,49.560057,52.106889,-1.255228,0.802,3.972142,2.931594,-1.609532
8.44107,49.642675,52.045959,-1.288975,0.802,3.900442,2.866829,-1.596024
8.461187,49.663241,52.023334,-1.319436,0.779,3.709134,2.659814,-1.600758
8.481293,49.735074,51.960822,-1.353557,0.779,3.681578,2.615598,-1.616104
8.501358,49.790562,51.908568,-1.380913,0.779,3.661121,2.541347,-1.610478
8.52145,49.821771,51.828186,-1.416153,0.757,3.750406,2.39526,-1.58006
8.541543,49.880855,51.756832,-1.448418,0.757,3.756443,2.251439,-1.525327
8.561634,49.95222,51.680982,-1.482598,0.757,3.761754,2.26229,-1.413054
8.581729,49.996964,51.616387,-1.506802,0.757,3.767372,2.14952,-1.342721
8.601828,50.0444,51.539518,-1.533485,0.757,3.775022,2.013159,-1.262323
8.621947,50.074056,51.463582,-1.559278,0.786,3.790335,1.845095,-1.202814
8.642024,50.109971,51.387816,-1.58294,0.786,3.790661,1.754475,-1.178091
8.662122,50.133601,51.304081,-1.610399,0.786,3.801929,1.639309,-1.103832
8.682232,50.161242,51.226229,-1.630345,0.786,3.837873,1.512362,-0.996509
8.702328,50.182467,51.155205,-1.646817,0.786,3.876312,1.377924,-0.925636
8.722417,50.178161,51.109545,-1.66811,0.776,3.787693,1.10524,-0.742142
8.742563,50.188736,51.043475,-1.678582,0.776,3.810958,0.931976,-0.609618
8.762669,50.177675,51.004718,-1.69246,0.791,3.813632,0.691061,-0.446025
8.782785,50.179374,50.931045,-1.699176,0.791,3.850447,0.4753,-0.344856
8.802879,50.176062,50.841632,-1.703839,0.791,3.890637,0.27376,-0.194999
8.822985,50.168645,50.768053,-1.713677,0.845,4.022952,0.225934,-0.175073
8.843091,50.159737,50.679579,-1.716715,0.845,4.041162,0.149377,-0.128648
8.863236,50.124723,50.611448,-1.724181,0.763,4.049645,0.036893,-0.15583
8.882343,50.113025,50.530619,-1.728999,0.763,4.110834,0.070719,-0.234903
8.902488,50.079587,50.437569,-1.740628,0.793,4.186444,0.184084,-0.328256
8.922559,50.071433,50.366322,-1.748144,0.793,4.229616,0.306855,-0.432587
8.942666,50.061955,50.268265,-1.761602,0.793,4.299375,0.426619,-0.589599
8.962794,50.057762,50.213324,-1.773975,0.826,4.260744,0.528348,-0.629797
8.982876,50.049936,50.123161,-1.790769,0.826,4.296093,0.542554,-0.808938
9.002989,50.018625,50.064528,-1.805692,0.848,4.271559,0.403707,-0.854648
9.023092,50.003989,49.970694,-1.82462,0.848,4.318492,0.373449,-0.871603
9.043184,49.989659,49.889551,-1.842025,0.848,4.335673,0.380101,-0.913708
9.062287,49.955467,49.844081,-1.855991,0.828,4.33041,0.358859,-0.966279
9.082379,49.93499,49.750059,-1.877337,0.828,4.386948,0.356409,-0.957339
9.102493,49.914295,49.664039,-1.897193,0.828,4.435103,0.363062,-1.011145
9.122624,49.890986,49.578427,-1.916852,0.85,4.52477,0.421416,-1.063675
9.142716,49.866099,49.485828,-1.938075,0.85,4.573274,0.431339,-1.019566
9.162831,49.832689,49.443301,-1.95454,0.848,4.502224,0.386391,-1.097667
9.182922,49.802255,49.348542,-1.979798,0.848,4.518712,0.401299,-1.123827
9.203035,49.76214,49.29245,-2.000412,0.829,4.537685,0.415112,-1.152469
9.223132,49.727388,49.197906,-2.027156,0.829,4.56649,0.420978,-1.210713
9.243233,49.697164,49.121026,-2.049342,0.829,4.585156,0.424148,-1.240661
9.263346,49.647494,49.055332,-2.075287,0.836,4.609688,0.42398,-1.25631
9.2835,49.613019,48.979165,-2.098663,0.836,4.644725,0.423184,-1.305188
9.303575,49.546013,48.892276,-2.127555,0.842,4.735386,0.398153,-1.265022
9.323714,49.503682,48.811924,-2.151388,0.842,4.7987,0.397766,-1.268904
9.343785,49.453784,48.723577,-2.178815,0.842,4.820108,0.391954,-1.286076
9.363897,49.387481,48.655491,-2.202261,0.815,4.851602,0.388589,-1.24404
9.383995,49.34311,48.585153,-2.224483,0.815,4.883612,0.382059,-1.304199
9.404086,49.294784,48.478334,-2.257893,0.801,4.89099,0.501262,-1.340567
9.424172,49.239596,48.39683,-2.285397,0.801,4.900573,0.540979,-1.371911
9.444274,49.182215,48.316085,-2.313496,0.801,4.939402,0.558213,-1.412931
9.464401,49.101977,48.249893,-2.342263,0.824,4.978282,0.427891,-1.444906
9.484488,49.044119,48.181032,-2.368684,0.824,4.98864,0.435261,-1.462542
9.504594,48.951551,48.116948,-2.398518,0.851,5.041649,0.42743,-1.41115
9.524733,48.888703,48.050405,-2.424053,0.851,5.090695,0.424094,-1.427936
9.544807,48.81663,47.977974,-2.452104,0.851,5.100348,0.44557,-1.39343
9.564911,48.742098,47.940957,-2.479473,0.835,5.082583,0.443666,-1.379207
9.585006,48.669919,47.875641,-2.50616,0.835,5.113305,0.437126,-1.400257
9.605097,48.573916,47.829026,-2.53377,0.832,5.199513,0.415532,-1.403787
9.625222,48.487781,47.760469,-2.563531,0.832,5.244279,0.423751,-1.406583
9.645349,48.420369,47.709595,-2.584987,0.832,5.273059,0.411353,-1.35148
9.665476,48.329401,47.646622,-2.615622,0.837,5.24931,0.435906,-1.389281
9.68556,48.232435,47.581604,-2.644101,0.837,5.318949,0.411034,-1.288119
9.705654,48.137431,47.521796,-2.670982,0.837,5.344048,0.414063,-1.274445
9.725745,48.05903,47.477067,-2.694176,0.863,5.37793,0.399258,-1.194041
9.745846,47.973879,47.429688,-2.715212,0.863,5.415228,0.382516,-1.168201
9.765907,47.883461,47.3543,-2.742927,0.839,5.457261,0.446536,-1.108987
9.786005,47.790376,47.307242,-2.762105,0.839,5.496453,0.417781,-1.016327
9.807351,47.689683,47.285478,-2.778403,0.817,5.6014,0.270965,-0.964416
9.82621,47.549163,47.226741,-2.801226,0.817,5.65471,0.238792,-0.827423
9.845335,47.448733,47.187238,-2.814801,0.817,5.696748,0.223504,-0.721009
9.865447,47.360269,47.154846,-2.831881,0.864,5.666661,0.2144,-0.652214
9.885524,47.252877,47.117207,-2.84155,0.864,5.700945,0.159714,-0.459043
9.905626,47.143328,47.107861,-2.852234,0.825,5.753992,0.049441,-0.356586
9.925719,47.032649,47.074888,-2.857117,0.825,5.792264,-0.002264,-0.233835
9.94589,46.920798,47.042869,-2.859917,0.825,5.830863,-0.042027,-0.144814
9.965987,46.819721,46.987268,-2.86711,0.845,5.827141,0.076684,0.015852
9.986077,46.718896,46.957246,-2.864752,0.845,5.864116,0.085541,0.125491
10.006165,46.59504,46.942533,-2.866297,0.829,5.910106,-0.0167,0.25005
10.026261,46.486612,46.912419,-2.859932,0.829,5.939353,-0.062913,0.338693
10.047732,46.36017,46.877502,-2.850643,0.829,5.969701,-0.149025,0.409431
10.06779,46.22519,46.867372,-2.844467,0.845,6.021783,-0.224237,0.62974
10.087903,46.114372,46.836745,-2.830451,0.845,6.055833,-0.169958,0.714846
10.107997,45.981253,46.795488,-2.823521,0.841,6.081899,-0.090169,0.751888
10.128092,45.86529,46.758877,-2.804097,0.841,6.076603,-0.172197,0.949944
10.148179,45.738111,46.717437,-2.782076,0.841,6.086286,-0.244726,1.009575
10.16732,45.634742,46.705571,-2.768749,0.815,5.996364,-0.361635,1.124459
10.187421,45.531886,46.671745,-2.74652,0.815,6.005307,-0.374107,1.22946
10.207518,45.379824,46.641904,-2.722264,0.835,6.066769,-0.389613,1.269145
10.227609,45.283101,46.605654,-2.698682,0.835,6.053443,-0.481647,1.38089
10.247733,45.171425,46.560221,-2.675764,0.845,5.999342,-0.43718,1.370624
10.267824,45.071913,46.517497,-2.650161,0.845,6.01212,-0.454211,1.439963
10.28796,44.951163,46.462692,-2.618692,0.845,6.003042,-0.500444,1.429679
10.308057,44.840324,46.431684,-2.592284,0.846,5.964515,-0.606721,1.572576
10.328161,44.743549,46.384038,-2.562605,0.846,5.954324,-0.67174,1.634816
10.348264,44.621387,46.320573,-2.524169,0.846,5.918968,-0.764352,1.681379
10.368389,44.497021,46.271724,-2.492019,0.816,5.933475,-0.835699,1.895185
10.388493,44.398401,46.214822,-2.455755,0.816,5.924812,-0.879793,1.877208
10.408586,44.273121,46.155741,-2.421416,0.833,5.897587,-1.04774,1.954767
10.428675,44.176162,46.096213,-2.380806,0.833,5.8557,-1.186519,2.107756
10.448758,44.073846,46.039415,-2.341454,0.815,5.776118,-1.225897,2.117045
10.468859,43.985976,45.979418,-2.301846,0.815,5.754564,-1.359682,2.207089
10.488948,43.854874,45.902986,-2.254465,0.821,5.777631,-1.549426,2.26177
10.50913,43.768205,45.838918,-2.212719,0.821,5.762213,-1.66048,2.319545
10.529219,43.697105,45.783841,-2.176547,0.821,5.742568,-1.735795,2.404017
10.548314,43.580253,45.711684,-2.124129,0.815,5.604863,-1.818398,2.38174
10.568408,43.49168,45.63401,-2.075258,0.815,5.564629,-1.900338,2.445265
10.588534,43.388039,45.559861,-2.02608,0.772,5.520926,-1.926533,2.408073
10.608638,43.311035,45.480841,-1.980436,0.772,5.442165,-1.949454,2.392983
10.632188,43.233223,45.395625,-1.933419,0.772,5.393655,-2.044733,2.353925
10.651271,43.13398,45.298223,-1.878961,0.788,5.312962,-2.100085,2.353978
10.671378,43.073635,45.22213,-1.840469,0.788,5.277002,-2.151359,2.270614
10.691502,42.964999,45.134058,-1.786619,0.814,5.206729,-2.270446,2.287334
10.711581,42.907086,45.05051,-1.746737,0.814,5.159922,-2.23469,2.209898
10.73173,42.844138,44.951345,-1.702339,0.814,5.098353,-2.244473,2.127216
10.751839,42.758415,44.871363,-1.659966,0.779,5.047166,-2.271883,2.071531
10.771957,42.701715,44.764197,-1.615791,0.779,5.018979,-2.244658,2.010456
10.792043,42.648402,44.65164,-1.576866,0.749,5.057642,-2.21906,2.001781
10.812138,42.611224,44.565413,-1.543672,0.749,5.042945,-2.251642,1.945389
10.832184,42.566611,44.45234,-1.500717,0.749,5.029067,-2.291933,1.969959
10.851323,42.524475,44.357945,-1.463915,0.749,4.959109,-2.289148,1.901393
10.871394,42.494804,44.264426,-1.431056,0.749,4.954822,-2.259194,1.851372
10.89148,42.437728,44.141192,-1.388168,0.769,4.942852,-2.177951,1.75527
10.911588,42.417109,44.041405,-1.356864,0.769,4.928045,-2.037365,1.654538
10.931713,42.399879,43.931421,-1.322393,0.769,4.905716,-1.973569,1.634676
10.951841,42.353919,43.82485,-1.289741,0.73,4.926786,-2.031364,1.580737
10.971952,42.343397,43.702936,-1.254662,0.73,4.940489,-1.969679,1.523491
10.99208,42.306185,43.593075,-1.224243,0.772,4.974281,-1.869204,1.416389
11.012145,42.30797,43.48167,-1.198607,0.772,5.005037,-1.720104,1.201452
11.032256,42.313827,43.386785,-1.179104,0.772,5.030265,-1.610491,1.093731
11.052375,42.304599,43.303504,-1.153355,0.765,4.998755,-1.386668,0.938245
11.072444,42.323085,43.196438,-1.136501,0.765,5.012883,-1.24847,0.806868
11.092534,42.321833,43.103921,-1.113267,0.755,5.03548,-1.217597,0.747945
11.112634,42.341982,43.017952,-1.101883,0.755,5.068841,-1.18246,0.676132
11.132733,42.3727,42.902146,-1.08685,0.755,5.104424,-1.065596,0.638012
11.152828,42.383932,42.817533,-1.073927,0.755,5.197503,-0.925623,0.517589
11.172975,42.425717,42.703818,-1.065795,0.755,5.222543,-0.636072,0.337486
11.193116,42.447146,42.609813,-1.05488,0.757,5.242147,-0.432004,0.182346
11.213198,42.486779,42.529167,-1.054593,0.757,5.305146,-0.218663,0.025436
11.232295,42.545503,42.421242,-1.058132,0.757,5.362292,0.028832,-0.163215
11.25241,42.568615,42.343307,-1.055789,0.724,5.390179,0.138698,-0.30684
11.272514,42.628122,42.246046,-1.063898,0.724,5.453187,0.253401,-0.388087
11.292612,42.661563,42.143012,-1.065983,0.752,5.504866,0.240976,-0.506252
11.312708,42.71832,42.048051,-1.077193,0.752,5.530834,0.195452,-0.546594
11.332811,42.773247,41.951721,-1.08632,0.752,5.557504,0.147619,-0.448439
11.3529,42.82201,41.865766,-1.087517,0.771,5.602456,0.179726,-0.506188
11.373019,42.878595,41.76248,-1.098662,0.771,5.6043,0.102855,-0.505553
11.393169,42.910372,41.701755,-1.099167,0.736,5.566802,0.065739,-0.425377
11.413254,42.9667,41.592332,-1.110026,0.736,5.61544,0.034719,-0.500303
11.43335,43.01179,41.501751,-1.118729,0.736,5.626774,0.03824,-0.481544
11.453454,43.063139,41.39787,-1.125011,0.739,5.719849,0.100141,-0.520506
11.473552,43.101672,41.320781,-1.134141,0.739,5.763386,0.13935,-0.608998
11.493674,43.152468,41.216471,-1.145204,0.754,5.792605,0.157026,-0.655044
11.513835,43.204911,41.106015,-1.159707,0.754,5.849161,0.13103,-0.724019
11.533853,43.256006,40.99341,-1.17752,0.754,5.903171,0.140986,-0.841188
11.553907,43.306438,40.87714,-1.187557,0.751,6.00844,0.148268,-0.771539
11.574638,43.351123,40.771672,-1.20344,0.751,6.045382,0.166824,-0.847047
11.594673,43.393709,40.667392,-1.221808,0.742,5.93648,0.175764,-0.962355
11.614801,43.430732,40.573309,-1.237708,0.742,5.953651,0.220234,-0.94171
11.634898,43.47747,40.450277,-1.260276,0.742,5.99511,0.272698,-1.031016
11.655048,43.514274,40.346118,-1.279154,0.744,6.084999,0.293053,-1.137019
11.675138,43.553682,40.230665,-1.300725,0.744,6.106785,0.311703,-1.081759
11.69523,43.583794,40.134903,-1.318133,0.779,6.139092,0.315009,-1.1776
11.715325,43.622926,40.005142,-1.344904,0.779,6.15813,0.341691,-1.201517
11.735439,43.654382,39.891651,-1.367219,0.779,6.220378,0.35555,-1.188164
11.755566,43.685175,39.765155,-1.388811,0.793,6.297783,0.364727,-1.211159
11.775617,43.712954,39.648155,-1.410872,0.793,6.335544,0.399783,-1.150604
11.795714,43.739543,39.516494,-1.432004,0.771,6.37419,0.402365,-1.164797
11.815816,43.76258,39.397071,-1.455989,0.771,6.376661,0.402553,-1.247875
11.83592,43.785829,39.258258,-1.482645,0.771,6.396723,0.427597,-1.206701
11.856024,43.803141,39.120524,-1.502996,0.759,6.516133,0.454659,-1.221064
11.876121,43.820805,38.977542,-1.530698,0.759,6.544913,0.445597,-1.260574
11.896245,43.83187,38.850888,-1.552123,0.806,6.505305,0.459646,-1.172889
11.916336,43.843112,38.706992,-1.576877,0.806,6.583714,0.495774,-1.141566
11.936433,43.850458,38.581129,-1.599801,0.806,6.641537,0.502856,-1.208492
11.956543,43.853695,38.438842,-1.624447,0.791,6.660364,0.485304,-1.197762
11.976678,43.854845,38.331826,-1.642251,0.791,6.688045,0.496084,-1.122029
11.996762,43.84947,38.158616,-1.673323,0.8,6.736569,0.516185,-1.212179
12.016875,43.845078,38.036795,-1.69496,0.8,6.76467,0.521686,-1.194997
12.037009,43.837289,37.901082,-1.719309,0.8,6.781968,0.550891,-1.215709
12.057071,43.828539,37.786357,-1.742903,0.791,6.735347,0.560064,-1.192397
12.077212,43.815601,37.658208,-1.765619,0.791,6.770733,0.557287,-1.187185
12.096286,43.800144,37.536284,-1.789749,0.791,6.798357,0.532347,-1.142357
12.116395,43.779307,37.40121,-1.811679,0.791,6.825962,0.520079,-1.099643
12.136501,43.757673,37.279207,-1.831011,0.791,6.897193,0.507164,-1.076057
12.156626,43.751379,37.128199,-1.85481,0.803,7.0103,0.54933,-1.021605
12.176721,43.72736,37.018081,-1.870867,0.803,7.023944,0.541373,-1.000943
12.196891,43.691587,36.875786,-1.893449,0.81,7.062876,0.48167,-0.947111
12.216968,43.652177,36.732108,-1.91412,0.81,7.083323,0.44869,-0.984447
12.23706,43.60717,36.582047,-1.934465,0.81,7.134169,0.424895,-0.934218
12.257161,43.559714,36.444854,-1.953094,0.814,7.220233,0.41406,-0.925226
12.277275,43.506982,36.294278,-1.971678,0.814,7.264123,0.37437,-0.850929
12.297389,43.46885,36.191616,-1.988502,0.825,7.173334,0.336867,-0.832448
12.317457,43.412325,36.051354,-2.005372,0.825,7.211636,0.287465,-0.80495
12.337548,43.355428,35.918323,-2.020258,0.825,7.253475,0.27542,-0.741026
12.357658,43.310826,35.816917,-2.034969,0.82,7.311599,0.278148,-0.703154
12.377756,43.255177,35.697402,-2.048171,0.82,7.321031,0.244645,-0.74182
12.397858,43.173101,35.530458,-2.069621,0.806,7.404204,0.218049,-0.664302
12.417932,43.118705,35.424632,-2.080198,0.806,7.456389,0.208062,-0.663139
12.438026,43.044645,35.286287,-2.093949,0.806,7.477098,0.169243,-0.654821
12.458136,42.970285,35.154451,-2.109284,0.81,7.499319,0.157383,-0.616916
12.478203,42.890917,35.017267,-2.120798,0.81,7.573819,0.137895,-0.545909
12.49731,42.810302,34.882659,-2.136007,0.829,7.625876,0.131009,-0.588895
12.517385,42.737974,34.765735,-2.147567,0.829,7.645998,0.122625,-0.626248
12.537493,42.647524,34.623147,-2.160389,0.829,7.695781,0.154069,-0.579736
12.557648,42.557401,34.531895,-2.170906,0.793,7.737499,0.090803,-0.607311
12.577725,42.461484,34.390839,-2.185569,0.793,7.764364,0.084339,-0.644406
12.59785,42.398379,34.299272,-2.196367,0.801,7.706345,0.167498,-0.588575
12.617916,42.296457,34.153276,-2.211751,0.801,7.76839,0.190856,-0.674448
12.638038,42.223844,34.052153,-2.222826,0.801,7.791203,0.178837,-0.698005
12.65814,42.12903,33.924473,-2.237057,0.797,7.887893,0.19857,-0.681571
12.678407,42.033617,33.798201,-2.250245,0.797,7.935633,0.220903,-0.668097
12.698324,41.937235,33.674672,-2.267248,0.786,7.973864,0.225399,-0.734143
12.718426,41.832308,33.543829,-2.283006,0.786,8.007051,0.237125,-0.730668
12.738552,41.72007,33.407605,-2.298482,0.786,8.038493,0.255221,-0.717431
12.75866,41.629946,33.302836,-2.312058,0.826,8.083782,0.242052,-0.769944
12.778758,41.512498,33.16886,-2.328076,0.826,8.10346,0.258565,-0.716982
12.798856,41.399448,33.044946,-2.344354,0.787,8.184267,0.27604,-0.797841
12.818965,41.281581,32.918553,-2.362166,0.787,8.244643,0.272314,-0.836157
12.839058,41.172887,32.805656,-2.379069,0.787,8.230948,0.280393,-0.88399
12.859178,41.09639,32.728546,-2.389076,0.784,8.190328,0.310553,-0.787125
12.879272,40.967795,32.601175,-2.409784,0.784,8.232651,0.334175,-0.955797
12.899374,40.83575,32.476126,-2.428591,0.79,8.291534,0.34951,-0.888029
12.919472,40.713051,32.363036,-2.448809,0.79,8.366886,0.357107,-1.025232
12.939571,40.600585,32.262809,-2.465573,0.79,8.370379,0.369081,-0.938631
12.95972,40.479747,32.159883,-2.483668,0.784,8.396888,0.402954,-0.993441
12.979785,40.33074,32.035833,-2.506426,0.784,8.426051,0.40917,-0.969789
12.999893,40.223768,31.951199,-2.52381,0.826,8.43658,0.425272,-1.001413
13.020017,40.076649,31.837231,-2.547054,0.826,8.458582,0.464645,-1.055839
13.040231,39.947374,31.740766,-2.56699,0.826,8.496271,0.495149,-1.040675
13.060324,39.809502,31.67463,-2.588554,0.79,8.44224,0.412634,-1.084468
13.08042,39.676279,31.584814,-2.608959,0.79,8.475295,0.440622,-1.066456
13.100506,39.5533,31.506268,-2.628732,0.824,8.542613,0.50841,-1.085246
13.120597,39.39386,31.406309,-2.653652,0.824,8.545366,0.527138,-1.121357
13.140742,39.25432,31.32232,-2.674403,0.824,8.561807,0.559912,-1.105542
13.160818,39.086731,31.229382,-2.698802,0.832,8.64529,0.580979,-1.183982
13.180914,38.957444,31.158697,-2.718011,0.832,8.647989,0.580641,-1.126048
13.200995,38.791247,31.073957,-2.74387,0.806,8.631184,0.603136,-1.168137
13.221094,38.651427,31.004968,-2.763087,0.806,8.647465,0.616754,-1.078932
13.241197,38.478084,30.923884,-2.78731,0.806,8.677718,0.620353,-1.119821
13.260373,38.309307,30.853104,-2.80772,0.788,8.779378,0.626334,-1.08606
13.28045,38.138468,30.781586,-2.830657,0.788,8.810523,0.666432,-1.095457
13.300542,37.973183,30.71935,-2.854011,0.783,8.747292,0.649284,-1.105559
13.320631,37.800076,30.656095,-2.877839,0.783,8.756845,0.664437,-1.134106
13.340726,37.64227,30.602119,-2.898948,0.783,8.746722,0.674821,-1.105412
13.36082,37.476361,30.55116,-2.922419,0.779,8.78335,0.699469,-1.165264
13.380913,37.315834,30.50351,-2.944573,0.779,8.790117,0.726312,-1.162856
13.401035,37.131346,30.45594,-2.969838,0.772,8.79838,0.743822,-1.162331
13.42115,36.968579,30.415443,-2.990935,0.772,8.796937,0.720336,-1.112471
13.441242,36.804688,30.378597,-3.01164,0.772,8.827429,0.71982,-1.098049
13.461352,36.6427,30.347953,-3.032601,0.755,8.757854,0.692157,-1.0582
13.481454,36.452517,30.314364,-3.05458,0.755,8.758411,0.644947,-1.007951
13.501548,36.290775,30.29254,-3.075532,0.769,8.753084,0.629529,-1.037202
13.521744,36.125529,30.271085,-3.09469,0.769,8.739748,0.661556,-1.011108
13.541763,35.942766,30.250321,-3.115638,0.769,8.730326,0.678277,-1.005539
13.561859,35.797731,30.239386,-3.134308,0.761,8.728059,0.664183,-1.009726
13.581911,35.605948,30.225892,3.12835,0.761,8.715981,0.63041,-0.942295
13.602085,35.45664,30.195357,3.108966,0.742,8.706639,0.661506,-0.888874
13.62219,35.273416,30.189782,3.092563,0.742,8.708448,0.59386,-0.789277
13.641354,35.107829,30.188134,3.078253,0.742,8.688606,0.564753,-0.750534
13.661434,34.936386,30.192388,3.059744,0.735,8.652555,0.47065,-0.694246
13.681521,34.771753,30.198401,3.048178,0.735,8.653149,0.42059,-0.607786
13.70165,34.564543,30.212331,3.034367,0.724,8.70544,0.346693,-0.49355
13.721735,34.391026,30.225818,3.02691,0.724,8.686158,0.243668,-0.370988
13.741835,34.209251,30.243745,3.02152,0.724,8.701754,0.111312,-0.26061
13.761912,34.069196,30.260551,3.014551,0.75,8.652123,0.006504,-0.164171
13.782037,33.897801,30.283801,3.013278,0.75,8.653912,-0.11338,-0.052871
13.802114,33.703272,30.311981,3.008592,0.734,8.678392,-0.193122,0.087865
13.822201,33.531756,30.339624,3.013575,0.734,8.691921,-0.297551,0.239508
13.841288,33.385478,30.363096,3.017018,0.734,8.718965,-0.261469,0.201848
13.861381,33.213997,30.38825,3.014259,0.727,8.595218,-0.212177,0.197321
13.881518,33.027267,30.416873,3.01942,0.727,8.569249,-0.236643,0.225194
13.901579,32.864532,30.440686,3.01664,0.771,8.495746,-0.266885,0.128445
13.921681,32.689638,30.468155,3.021948,0.771,8.385085,-0.304354,0.237147
13.941805,32.533148,30.491423,3.023995,0.771,8.270885,-0.139514,0.119079
13.961924,32.344348,30.514259,3.021907,0.743,8.255238,-0.05654,0.017732
13.982041,32.16495,30.537163,3.022561,0.743,8.193437,-0.133942,0.054087
14.002162,32.029868,30.556301,3.023094,0.748,8.059541,-0.245944,0.212487
14.021293,31.863506,30.582531,3.027661,0.748,7.944003,-0.350731,0.154359
14.041386,31.700906,30.608791,3.031436,0.748,7.778586,-0.390017,0.220162
14.061523,31.561065,30.629082,3.032391,0.723,7.678281,-0.381107,0.193289
14.0816,31.402718,30.653076,3.033761,0.723,7.589831,-0.273203,0.088822
14.101691,31.274975,30.671573,3.036235,0.732,7.45126,-0.355518,0.144994
14.121787,31.128884,30.693553,3.040071,0.732,7.304913,-0.32422,0.174665
14.141891,30.999525,30.711646,3.040701,0.732,7.213002,-0.23383,0.042291
14.162035,30.834522,30.731698,3.04113,0.759,7.189335,-0.213108,0.042932
14.182162,30.70693,30.748501,3.042046,0.759,7.087008,-0.264041,0.059498
14.202261,30.572078,30.794669,3.044372,0.753,6.920681,-0.536816,0.12629
14.222385,30.443419,30.818121,3.04643,0.753,6.808473,-0.583812,0.106994
14.242461,30.296275,30.84475,3.047945,0.753,6.702826,-0.511595,0.015293
14.262558,30.180433,30.858937,3.045455,0.763,6.668298,-0.324176,-0.117542
14.282655,30.036568,30.879006,3.042387,0.763,6.568708,-0.217207,-0.135132
14.302745,29.907689,30.89441,3.038178,0.758,6.444726,-0.185151,-0.28197
14.322861,29.786826,30.910552,3.032059,0.758,6.38063,-0.181807,-0.284303
14.342939,29.661973,30.928884,3.027455,0.758,6.256285,-0.247238,-0.253739
14.363028,29.525763,30.975954,3.019974,0.723,6.156409,-0.335824,-0.379886
14.383136,29.411554,30.996824,3.01347,0.723,6.059065,-0.335547,-0.340386
14.403228,29.286143,31.016361,3.00755,0.742,6.028948,-0.206963,-0.424089
14.42335,29.156509,31.03823,2.995428,0.742,5.91415,-0.122909,-0.545826
14.443466,29.058503,31.054214,2.987752,0.731,5.743399,-0.067364,-0.569283
14.463573,28.940577,31.073525,2.974305,0.731,5.641722,0.064616,-0.640826
14.483742,28.83558,31.08988,2.961038,0.731,5.553112,0.136596,-0.69984
