1531497270516385078, 296, 0.8576483846626742, -0.18870623087576532, 1.64559201865, 2, 16
1531497270516385078, 296, 0.8564935339734001, -0.19136719639437771, 1.6522508309, 2, 57
1531497270516385078, 296, 1.1006941724264772, -0.19915193966026967, 1.57071994401, 2, 142
1531497270516385078, 296, 0.7244960055246352, -0.19318646859166475, 1.57127439436, 2, 143
1531497270516385078, 296, 0.8576483846626742, -0.18870623087576532, 1.64559201865, 2, 16
1531497270516385078, 296, 0.8564935339734001, -0.19136719639437771, 1.6522508309, 2, 57
1531497270516385078, 296, 1.1006941724264772, -0.19915193966026967, 1.57071994401, 2, 142
1531497270516385078, 296, 0.7244960055246352, -0.19318646859166475, 1.57127439436, 2, 143
1531497271016505956, 296, 0.6067545732352371, -0.18042074036366496, 1.48955646515, 2, 16
1531497271016505956, 296, 0.6088540709224219, -0.18395505472920834, 1.47861571455, 2, 57
1531497271016505956, 296, 1.1006941724264772, -0.19915193966026967, 1.57071994401, 2, 142
1531497271016505956, 296, 0.5982569442600796, -0.1767678465000414, 1.47251491146, 2, 143
1531497271016505956, 296, 0.6067545732352371, -0.18042074036366496, 1.48955646515, 2, 16
1531497271016505956, 296, 0.6088540709224219, -0.18395505472920834, 1.47861571455, 2, 57
1531497271016505956, 296, 1.1006941724264772, -0.19915193966026967, 1.57071994401, 2, 142
1531497271016505956, 296, 0.5982569442600796, -0.1767678465000414, 1.47251491146, 2, 143
1531497271016505956, 296, 0.6067545732352371, -0.18042074036366496, 1.48955646515, 2, 16
1531497271016505956, 296, 0.6088540709224219, -0.18395505472920834, 1.47861571455, 2, 57
1531497271016505956, 296, 1.1006941724264772, -0.19915193966026967, 1.57071994401, 2, 142
1531497271016505956, 296, 0.5982569442600796, -0.1767678465000414, 1.47251491146, 2, 143
1531497272048199892, 296, 0.3514285062334549, -0.2055707700414291, 1.9334569585, 2, 16
1531497272048199892, 296, 0.34875349318844456, -0.21181708648334407, 1.93045359537, 2, 57
1531497272048199892, 296, 1.1006941724264772, -0.19915193966026967, 1.57071994401, 2, 142
1531497272048199892, 296, 0.3451613688433106, -0.20758793323393032, 1.93256068546, 2, 143
1531497272048199892, 296, 0.3514285062334549, -0.2055707700414291, 1.9334569585, 2, 16
1531497272048199892, 296, 0.34875349318844456, -0.21181708648334407, 1.93045359537, 2, 57
1531497272048199892, 296, 1.1006941724264772, -0.19915193966026967, 1.57071994401, 2, 142
1531497272048199892, 296, 0.3451613688433106, -0.20758793323393032, 1.93256068546, 2, 143
1531497272445741891, 296, 0.3329835689223592, -0.19585013339826096, 1.98832435935, 1, 153
1531497272048199892, 296, 0.3514285062334549, -0.2055707700414291, 1.9334569585, 2, 16
1531497272048199892, 296, 0.34875349318844456, -0.21181708648334407, 1.93045359537, 2, 57
1531497272048199892, 296, 1.1006941724264772, -0.19915193966026967, 1.57071994401, 2, 142
1531497272048199892, 296, 0.3451613688433106, -0.20758793323393032, 1.93256068546, 2, 143
1531497272445741891, 296, 0.3329835689223592, -0.19585013339826096, 1.98832435935, 1, 153
1531497272048199892, 296, 0.3514285062334549, -0.2055707700414291, 1.9334569585, 2, 16
1531497272048199892, 296, 0.34875349318844456, -0.21181708648334407, 1.93045359537, 2, 57
1531497272048199892, 296, 1.1006941724264772, -0.19915193966026967, 1.57071994401, 2, 142
1531497272048199892, 296, 0.3451613688433106, -0.20758793323393032, 1.93256068546, 2, 143
1531497272445741891, 296, 0.3329835689223592, -0.19585013339826096, 1.98832435935, 1, 153
1531497272548592090, 296, 0.3514285062334549, -0.2055707700414291, 1.9334569585, 2, 16
1531497272548592090, 296, 0.2507998771530087, -0.2952052646764176, 2.55384427631, 2, 57
1531497272548592090, 296, 1.1006941724264772, -0.19915193966026967, 1.57071994401, 2, 142
1531497272548592090, 296, 0.2391817647619332, -0.29376324329715353, 2.55094169511, 2, 143
1531497272445741891, 296, 0.3329835689223592, -0.19585013339826096, 1.98832435935, 1, 153
1531497272548592090, 296, 0.3514285062334549, -0.2055707700414291, 1.9334569585, 2, 16
1531497272548592090, 296, 0.2507998771530087, -0.2952052646764176, 2.55384427631, 2, 57
1531497272548592090, 296, 1.1006941724264772, -0.19915193966026967, 1.57071994401, 2, 142
1531497272548592090, 296, 0.2391817647619332, -0.29376324329715353, 2.55094169511, 2, 143
1531497272445741891, 296, 0.3329835689223592, -0.19585013339826096, 1.98832435935, 1, 153
1531497272548592090, 296, 0.3514285062334549, -0.2055707700414291, 1.9334569585, 2, 16
1531497272548592090, 296, 0.2507998771530087, -0.2952052646764176, 2.55384427631, 2, 57
1531497272548592090, 296, 1.1006941724264772, -0.19915193966026967, 1.57071994401, 2, 142
1531497272548592090, 296, 0.2391817647619332, -0.29376324329715353, 2.55094169511, 2, 143
1531497273476443052, 296, 0.3329835689223592, -0.19585013339826096, 1.98832435935, 1, 153
1531497273476443052, 296, 0.2035020824163689, -0.39512800237816914, 3.01880483058, 1, 157
1531497272548592090, 296, 0.3514285062334549, -0.2055707700414291, 1.9334569585, 2, 16
1531497272548592090, 296, 0.2507998771530087, -0.2952052646764176, 2.55384427631, 2, 57
1531497272548592090, 296, 1.1006941724264772, -0.19915193966026967, 1.57071994401, 2, 142
1531497272548592090, 296, 0.2391817647619332, -0.29376324329715353, 2.55094169511, 2, 143
1531497273476443052, 296, 0.3329835689223592, -0.19585013339826096, 1.98832435935, 1, 153
1531497273476443052, 296, 0.2035020824163689, -0.39512800237816914, 3.01880483058, 1, 157
1531497273049240112, 296, 0.25216280700440286, -0.29090694724342714, 2.5581027195, 2, 16
1531497273049240112, 296, 0.2507998771530087, -0.2952052646764176, 2.55384427631, 2, 57
1531497273049240112, 296, 1.1006941724264772, -0.19915193966026967, 1.57071994401, 2, 142
1531497273049240112, 296, 0.2391817647619332, -0.29376324329715353, 2.55094169511, 2, 143
1531497273476443052, 296, 0.3329835689223592, -0.19585013339826096, 1.98832435935, 1, 153
1531497273476443052, 296, 0.2035020824163689, -0.39512800237816914, 3.01880483058, 1, 157
1531497273049240112, 296, 0.25216280700440286, -0.29090694724342714, 2.5581027195, 2, 16
1531497273049240112, 296, 0.2507998771530087, -0.2952052646764176, 2.55384427631, 2, 57
1531497273049240112, 296, 1.1006941724264772, -0.19915193966026967, 1.57071994401, 2, 142
1531497273049240112, 296, 0.2391817647619332, -0.29376324329715353, 2.55094169511, 2, 143
1531497273476443052, 296, 0.3329835689223592, -0.19585013339826096, 1.98832435935, 1, 153
1531497273476443052, 296, 0.2035020824163689, -0.39512800237816914, 3.01880483058, 1, 157
1531497273049240112, 296, 0.25216280700440286, -0.29090694724342714, 2.5581027195, 2, 16
1531497273049240112, 296, 0.2507998771530087, -0.2952052646764176, 2.55384427631, 2, 57
1531497273049240112, 296, 1.1006941724264772, -0.19915193966026967, 1.57071994401, 2, 142
1531497273049240112, 296, 0.2391817647619332, -0.29376324329715353, 2.55094169511, 2, 143
1531497273476443052, 296, 0.3329835689223592, -0.19585013339826096, 1.98832435935, 1, 153
1531497273476443052, 296, 0.2035020824163689, -0.39512800237816914, 3.01880483058, 1, 157
1531497274081053972, 296, 0.20193000446436338, -0.6912254505182039, 3.06357411264, 2, 16
1531497274081053972, 296, 0.19983550874065192, -0.6950519802823125, 3.06216386902, 2, 57
1531497274081053972, 296, 1.1006941724264772, -0.19915193966026967, 1.57071994401, 2, 142
1531497274081053972, 296, 0.2391817647619332, -0.29376324329715353, 2.55094169511, 2, 143
1531497274081053972, 296, 0.20193000446436338, -0.6912254505182039, 3.06357411264, 2, 16
1531497274081053972, 296, 0.19983550874065192, -0.6950519802823125, 3.06216386902, 2, 57
1531497274081053972, 296, 1.1006941724264772, -0.19915193966026967, 1.57071994401, 2, 142
1531497274081053972, 296, 0.2391817647619332, -0.29376324329715353, 2.55094169511, 2, 143
1531497274081053972, 296, 0.20193000446436338, -0.6912254505182039, 3.06357411264, 2, 16
1531497274081053972, 296, 0.19983550874065192, -0.6950519802823125, 3.06216386902, 2, 57
1531497274081053972, 296, 1.1006941724264772, -0.19915193966026967, 1.57071994401, 2, 142
1531497274081053972, 296, 0.2391817647619332, -0.29376324329715353, 2.55094169511, 2, 143
1531497274081053972, 296, 0.20193000446436338, -0.6912254505182039, 3.06357411264, 2, 16
1531497274081053972, 296, 0.19983550874065192, -0.6950519802823125, 3.06216386902, 2, 57
1531497274081053972, 296, 1.1006941724264772, -0.19915193966026967, 1.57071994401, 2, 142
1531497274081053972, 296, 0.2391817647619332, -0.29376324329715353, 2.55094169511, 2, 143
1531497274614362955, 296, 0.13330905298575146, -0.840896139874342, 2.92846690758, 2, 16
1531497274614362955, 296, 0.13171698334470042, -0.8449804434495394, 2.92482546886, 2, 57
1531497274614362955, 296, 1.1006941724264772, -0.19915193966026967, 1.57071994401, 2, 142
1531497274614362955, 296, 0.12707356774265932, -0.8387348224396015, 2.92514143726, 2, 143
1531497274614362955, 296, 0.13330905298575146, -0.840896139874342, 2.92846690758, 2, 16
1531497274614362955, 296, 0.13171698334470042, -0.8449804434495394, 2.92482546886, 2, 57
1531497274614362955, 296, 1.1006941724264772, -0.19915193966026967, 1.57071994401, 2, 142
1531497274614362955, 296, 0.12707356774265932, -0.8387348224396015, 2.92514143726, 2, 143
1531497275475511074, 296, 0.19636275007437032, -0.40280507388005693, 3.03168293293, 1, 153
1531497275475511074, 296, 0.13664039796040817, -0.8962833683525149, 3.01093414508, 1, 157
1531497274614362955, 296, 0.13330905298575146, -0.840896139874342, 2.92846690758, 2, 16
1531497274614362955, 296, 0.13171698334470042, -0.8449804434495394, 2.92482546886, 2, 57
1531497274614362955, 296, 1.1006941724264772, -0.19915193966026967, 1.57071994401, 2, 142
1531497274614362955, 296, 0.12707356774265932, -0.8387348224396015, 2.92514143726, 2, 143
1531497275475511074, 296, 0.19636275007437032, -0.40280507388005693, 3.03168293293, 1, 153
1531497275475511074, 296, 0.13664039796040817, -0.8962833683525149, 3.01093414508, 1, 157
1531497275475511074, 296, 0.19636275007437032, -0.40280507388005693, 3.03168293293, 1, 153
1531497275475511074, 296, 0.13664039796040817, -0.8962833683525149, 3.01093414508, 1, 157
1531497275475511074, 296, 0.19636275007437032, -0.40280507388005693, 3.03168293293, 1, 153
1531497275475511074, 296, 0.13664039796040817, -0.8962833683525149, 3.01093414508, 1, 157
1531497275475511074, 296, 0.19636275007437032, -0.40280507388005693, 3.03168293293, 1, 153
1531497275475511074, 296, 0.13664039796040817, -0.8962833683525149, 3.01093414508, 1, 157
1531497276474947929, 296, 0.13465824965600867, -0.908749558675711, 3.02190695875, 1, 153
1531497276474947929, 296, 0.09986332758223271, -1.1374627451045676, -3.09613766817, 1, 157
1531497276474947929, 296, 0.13465824965600867, -0.908749558675711, 3.02190695875, 1, 153
1531497276474947929, 296, 0.09986332758223271, -1.1374627451045676, -3.09613766817, 1, 157
1531497276474947929, 296, 0.13465824965600867, -0.908749558675711, 3.02190695875, 1, 153
1531497276474947929, 296, 0.09986332758223271, -1.1374627451045676, -3.09613766817, 1, 157
1531497276474947929, 296, 0.13465824965600867, -0.908749558675711, 3.02190695875, 1, 153
1531497276474947929, 296, 0.09986332758223271, -1.1374627451045676, -3.09613766817, 1, 157
1531497276474947929, 296, 0.13465824965600867, -0.908749558675711, 3.02190695875, 1, 153
1531497276474947929, 296, 0.09986332758223271, -1.1374627451045676, -3.09613766817, 1, 157
1531497278911417961, 296, -0.03437229911530526, -1.395493377703459, 2.95839850108, 3, 75
1531497278911417961, 296, -0.02664686863463206, -1.5156927490862986, 3.08611269816, 3, 133
1531497278911417961, 296, -0.03437229911530526, -1.395493377703459, 2.95839850108, 3, 75
1531497278911417961, 296, -0.02664686863463206, -1.5156927490862986, 3.08611269816, 3, 133
1531497278911417961, 296, -0.03437229911530526, -1.395493377703459, 2.95839850108, 3, 75
1531497278911417961, 296, -0.02664686863463206, -1.5156927490862986, 3.08611269816, 3, 133
1531497278911417961, 296, -0.03437229911530526, -1.395493377703459, 2.95839850108, 3, 75
1531497278911417961, 296, -0.02664686863463206, -1.5156927490862986, 3.08611269816, 3, 133
1531497279980295896, 296, -0.1076348364835212, -1.6675398532778216, -3.08298343203, 3, 75
1531497279980295896, 296, 0.08670808350960602, -1.7535079391294122, -2.01334280662, 3, 133
1531497279980295896, 296, -0.1076348364835212, -1.6675398532778216, -3.08298343203, 3, 75
1531497279980295896, 296, 0.08670808350960602, -1.7535079391294122, -2.01334280662, 3, 133
1531497279980295896, 296, -0.1076348364835212, -1.6675398532778216, -3.08298343203, 3, 75
1531497279980295896, 296, 0.08670808350960602, -1.7535079391294122, -2.01334280662, 3, 133
1531497279980295896, 296, -0.1076348364835212, -1.6675398532778216, -3.08298343203, 3, 75
1531497279980295896, 296, 0.08670808350960602, -1.7535079391294122, -2.01334280662, 3, 133
1531497280486284017, 296, 0.040410126620498255, -1.8951918422138445, -1.89858101595, 3, 75
1531497280486284017, 296, 0.2057081217677637, -1.8187289678289753, -1.95414992893, 3, 133
1531497280486284017, 296, 0.040410126620498255, -1.8951918422138445, -1.89858101595, 3, 75
1531497280486284017, 296, 0.2057081217677637, -1.8187289678289753, -1.95414992893, 3, 133
1531497280486284017, 296, 0.040410126620498255, -1.8951918422138445, -1.89858101595, 3, 75
1531497280486284017, 296, 0.2057081217677637, -1.8187289678289753, -1.95414992893, 3, 133
1531497280486284017, 296, 0.040410126620498255, -1.8951918422138445, -1.89858101595, 3, 75
1531497280486284017, 296, 0.2057081217677637, -1.8187289678289753, -1.95414992893, 3, 133
1531497281546137094, 296, 0.16644465230158034, -1.939555658363637, -1.84770546287, 3, 75
1531497281546137094, 296, 0.45857245873812646, -1.9433783402554676, -1.96700597685, 3, 133
1531497281546137094, 296, 0.16644465230158034, -1.939555658363637, -1.84770546287, 3, 75
1531497281546137094, 296, 0.45857245873812646, -1.9433783402554676, -1.96700597685, 3, 133
1531497281546137094, 296, 0.16644465230158034, -1.939555658363637, -1.84770546287, 3, 75
1531497281546137094, 296, 0.45857245873812646, -1.9433783402554676, -1.96700597685, 3, 133
1531497281546137094, 296, 0.16644465230158034, -1.939555658363637, -1.84770546287, 3, 75
1531497281546137094, 296, 0.45857245873812646, -1.9433783402554676, -1.96700597685, 3, 133
1531497282047214031, 296, 0.5590379232142081, -2.0413244571409144, -1.61660213129, 3, 75
1531497282047214031, 296, 0.5817798901380264, -1.9724219828440153, -1.72681329485, 3, 133
1531497282047214031, 296, 0.5590379232142081, -2.0413244571409144, -1.61660213129, 3, 75
1531497282047214031, 296, 0.5817798901380264, -1.9724219828440153, -1.72681329485, 3, 133
1531497282047214031, 296, 0.5590379232142081, -2.0413244571409144, -1.61660213129, 3, 75
1531497282047214031, 296, 0.5817798901380264, -1.9724219828440153, -1.72681329485, 3, 133
1531497282047214031, 296, 0.5590379232142081, -2.0413244571409144, -1.61660213129, 3, 75
1531497282047214031, 296, 0.5817798901380264, -1.9724219828440153, -1.72681329485, 3, 133
1531497283356456995, 296, 0.8064864883535707, -2.0757459749310034, -1.5234364219, 15, 144
1531497283356456995, 296, 0.8109769040053141, -2.0769106049712884, -1.51926011018, 15, 194
1531497283356456995, 296, 0.7969129767533979, -2.070979910442629, -1.53685675418, 15, 195
1531497283356456995, 296, 0.8531762502839122, -2.077447912159225, -1.52092367281, 15, 68
1531497283356456995, 296, 0.8064864883535707, -2.0757459749310034, -1.5234364219, 15, 144
1531497283356456995, 296, 0.8109769040053141, -2.0769106049712884, -1.51926011018, 15, 194
1531497283356456995, 296, 0.7969129767533979, -2.070979910442629, -1.53685675418, 15, 195
1531497283356456995, 296, 0.8531762502839122, -2.077447912159225, -1.52092367281, 15, 68
1531497283356456995, 296, 0.8064864883535707, -2.0757459749310034, -1.5234364219, 15, 144
1531497283356456995, 296, 0.8109769040053141, -2.0769106049712884, -1.51926011018, 15, 194
1531497283356456995, 296, 0.7969129767533979, -2.070979910442629, -1.53685675418, 15, 195
1531497283356456995, 296, 0.8531762502839122, -2.077447912159225, -1.52092367281, 15, 68
1531497284356957912, 296, 0.9487333452454751, -2.086083135152457, -1.69625062482, 15, 144
1531497284356957912, 296, 0.9530010618345808, -2.0854133340081358, -1.68892247319, 15, 194
1531497284356957912, 296, 0.9418404793191014, -2.089148663182603, -1.70854589295, 15, 195
1531497284356957912, 296, 0.8531762502839122, -2.077447912159225, -1.52092367281, 15, 68
1531497284356957912, 296, 0.9487333452454751, -2.086083135152457, -1.69625062482, 15, 144
1531497284356957912, 296, 0.9530010618345808, -2.0854133340081358, -1.68892247319, 15, 194
1531497284356957912, 296, 0.9418404793191014, -2.089148663182603, -1.70854589295, 15, 195
1531497284356957912, 296, 0.8531762502839122, -2.077447912159225, -1.52092367281, 15, 68
1531497284356957912, 296, 0.9487333452454751, -2.086083135152457, -1.69625062482, 15, 144
1531497284356957912, 296, 0.9530010618345808, -2.0854133340081358, -1.68892247319, 15, 194
1531497284356957912, 296, 0.9418404793191014, -2.089148663182603, -1.70854589295, 15, 195
1531497284356957912, 296, 0.8531762502839122, -2.077447912159225, -1.52092367281, 15, 68
1531497284356957912, 296, 0.9487333452454751, -2.086083135152457, -1.69625062482, 15, 144
1531497284356957912, 296, 0.9530010618345808, -2.0854133340081358, -1.68892247319, 15, 194
1531497284356957912, 296, 0.9418404793191014, -2.089148663182603, -1.70854589295, 15, 195
1531497284356957912, 296, 0.8531762502839122, -2.077447912159225, -1.52092367281, 15, 68
1531497284356957912, 296, 0.9487333452454751, -2.086083135152457, -1.69625062482, 15, 144
1531497284356957912, 296, 0.9530010618345808, -2.0854133340081358, -1.68892247319, 15, 194
1531497284356957912, 296, 0.9418404793191014, -2.089148663182603, -1.70854589295, 15, 195
1531497284356957912, 296, 0.8531762502839122, -2.077447912159225, -1.52092367281, 15, 68
1531497285920252084, 296, 1.58353430688935, -2.2140608025473063, -1.30431590643, 15, 144
1531497285920252084, 296, 1.5884870988346542, -2.2095364311376895, -1.29883207387, 15, 194
1531497285920252084, 296, 1.5763541967072063, -2.2141111113824534, -1.31061239574, 15, 195
1531497285920252084, 296, 0.8531762502839122, -2.077447912159225, -1.52092367281, 15, 68
1531497285920252084, 296, 1.58353430688935, -2.2140608025473063, -1.30431590643, 15, 144
1531497285920252084, 296, 1.5884870988346542, -2.2095364311376895, -1.29883207387, 15, 194
1531497285920252084, 296, 1.5763541967072063, -2.2141111113824534, -1.31061239574, 15, 195
1531497285920252084, 296, 0.8531762502839122, -2.077447912159225, -1.52092367281, 15, 68
1531497285920252084, 296, 1.58353430688935, -2.2140608025473063, -1.30431590643, 15, 144
1531497285920252084, 296, 1.5884870988346542, -2.2095364311376895, -1.29883207387, 15, 194
1531497285920252084, 296, 1.5763541967072063, -2.2141111113824534, -1.31061239574, 15, 195
1531497285920252084, 296, 0.8531762502839122, -2.077447912159225, -1.52092367281, 15, 68
1531497285920252084, 296, 1.58353430688935, -2.2140608025473063, -1.30431590643, 15, 144
1531497285920252084, 296, 1.5884870988346542, -2.2095364311376895, -1.29883207387, 15, 194
1531497285920252084, 296, 1.5763541967072063, -2.2141111113824534, -1.31061239574, 15, 195
1531497285920252084, 296, 0.8531762502839122, -2.077447912159225, -1.52092367281, 15, 68
1531497286951067924, 296, 1.58353430688935, -2.2140608025473063, -1.30431590643, 15, 144
1531497286951067924, 296, 1.5884870988346542, -2.2095364311376895, -1.29883207387, 15, 194
1531497286951067924, 296, 1.5763541967072063, -2.2141111113824534, -1.31061239574, 15, 195
1531497286951067924, 296, 1.6342892964572395, -2.1960379678841186, -1.30433084846, 15, 68
1531497286951067924, 296, 1.58353430688935, -2.2140608025473063, -1.30431590643, 15, 144
1531497286951067924, 296, 1.5884870988346542, -2.2095364311376895, -1.29883207387, 15, 194
1531497286951067924, 296, 1.5763541967072063, -2.2141111113824534, -1.31061239574, 15, 195
1531497286951067924, 296, 1.6342892964572395, -2.1960379678841186, -1.30433084846, 15, 68
1531497286951067924, 296, 1.58353430688935, -2.2140608025473063, -1.30431590643, 15, 144
1531497286951067924, 296, 1.5884870988346542, -2.2095364311376895, -1.29883207387, 15, 194
1531497286951067924, 296, 1.5763541967072063, -2.2141111113824534, -1.31061239574, 15, 195
1531497286951067924, 296, 1.6342892964572395, -2.1960379678841186, -1.30433084846, 15, 68
1531497286951067924, 296, 1.58353430688935, -2.2140608025473063, -1.30431590643, 15, 144
1531497286951067924, 296, 1.5884870988346542, -2.2095364311376895, -1.29883207387, 15, 194
1531497286951067924, 296, 1.5763541967072063, -2.2141111113824534, -1.31061239574, 15, 195
1531497286951067924, 296, 1.6342892964572395, -2.1960379678841186, -1.30433084846, 15, 68
1531497287451467990, 296, 1.8211441333398155, -2.0990999763087395, -0.842829565438, 15, 144
1531497287451467990, 296, 1.8251624208679311, -2.094775475412294, -0.837862860593, 15, 194
1531497287451467990, 296, 1.814409137333283, -2.1139170043914732, -0.859277558168, 15, 195
1531497287451467990, 296, 1.8702012202185823, -2.084235670043089, -0.845336245345, 15, 68
1531497287451467990, 296, 1.8211441333398155, -2.0990999763087395, -0.842829565438, 15, 144
1531497287451467990, 296, 1.8251624208679311, -2.094775475412294, -0.837862860593, 15, 194
1531497287451467990, 296, 1.814409137333283, -2.1139170043914732, -0.859277558168, 15, 195
1531497287451467990, 296, 1.8702012202185823, -2.084235670043089, -0.845336245345, 15, 68
1531497287451467990, 296, 1.8211441333398155, -2.0990999763087395, -0.842829565438, 15, 144
1531497287451467990, 296, 1.8251624208679311, -2.094775475412294, -0.837862860593, 15, 194
1531497287451467990, 296, 1.814409137333283, -2.1139170043914732, -0.859277558168, 15, 195
1531497287451467990, 296, 1.8702012202185823, -2.084235670043089, -0.845336245345, 15, 68
1531497288495764017, 296, 1.9744315986882879, -1.9699442885666147, -0.560562629419, 5, 193
1531497288495764017, 296, 2.007959736709529, -1.7292762874254728, 0.0623761949475, 5, 194
1531497288495764017, 296, 2.0093617726448176, -1.7231673041202513, 0.0711192015179, 5, 68
1531497287451467990, 296, 1.8211441333398155, -2.0990999763087395, -0.842829565438, 15, 144
1531497287451467990, 296, 1.8251624208679311, -2.094775475412294, -0.837862860593, 15, 194
1531497287451467990, 296, 1.814409137333283, -2.1139170043914732, -0.859277558168, 15, 195
1531497287451467990, 296, 1.8702012202185823, -2.084235670043089, -0.845336245345, 15, 68
1531497288495764017, 296, 1.9744315986882879, -1.9699442885666147, -0.560562629419, 5, 193
1531497288495764017, 296, 2.007959736709529, -1.7292762874254728, 0.0623761949475, 5, 194
1531497288495764017, 296, 2.0093617726448176, -1.7231673041202513, 0.0711192015179, 5, 68
1531497288495764017, 296, 1.9744315986882879, -1.9699442885666147, -0.560562629419, 5, 193
1531497288495764017, 296, 2.007959736709529, -1.7292762874254728, 0.0623761949475, 5, 194
1531497288495764017, 296, 2.0093617726448176, -1.7231673041202513, 0.0711192015179, 5, 68
1531497288495764017, 296, 1.9744315986882879, -1.9699442885666147, -0.560562629419, 5, 193
1531497288495764017, 296, 2.007959736709529, -1.7292762874254728, 0.0623761949475, 5, 194
1531497288495764017, 296, 2.0093617726448176, -1.7231673041202513, 0.0711192015179, 5, 68
1531497290060208082, 296, 2.0108754716183115, -1.3470047495534345, -0.306372252622, 5, 193
1531497290060208082, 296, 2.0139942403296125, -1.3591143630467986, -0.321306569718, 5, 194
1531497290060208082, 296, 2.0135383304901664, -1.3505659761002338, -0.312745470275, 5, 68
1531497290060208082, 296, 2.0108754716183115, -1.3470047495534345, -0.306372252622, 5, 193
1531497290060208082, 296, 2.0139942403296125, -1.3591143630467986, -0.321306569718, 5, 194
1531497290060208082, 296, 2.0135383304901664, -1.3505659761002338, -0.312745470275, 5, 68
1531497290060208082, 296, 2.0108754716183115, -1.3470047495534345, -0.306372252622, 5, 193
1531497290060208082, 296, 2.0139942403296125, -1.3591143630467986, -0.321306569718, 5, 194
1531497290060208082, 296, 2.0135383304901664, -1.3505659761002338, -0.312745470275, 5, 68
1531497290060208082, 296, 2.0108754716183115, -1.3470047495534345, -0.306372252622, 5, 193
1531497290060208082, 296, 2.0139942403296125, -1.3591143630467986, -0.321306569718, 5, 194
1531497290060208082, 296, 2.0135383304901664, -1.3505659761002338, -0.312745470275, 5, 68
1531497291624829053, 296, 2.124690475954515, -0.9895674803236103, -0.104961941569, 5, 193
1531497291624829053, 296, 2.1294777362753656, -0.9985285262152617, -0.113005269322, 5, 194
1531497291624829053, 296, 2.129749610599039, -0.9953964488717602, -0.110727932332, 5, 68
1531497291624829053, 296, 2.124690475954515, -0.9895674803236103, -0.104961941569, 5, 193
1531497291624829053, 296, 2.1294777362753656, -0.9985285262152617, -0.113005269322, 5, 194
1531497291624829053, 296, 2.129749610599039, -0.9953964488717602, -0.110727932332, 5, 68
1531497291624829053, 296, 2.124690475954515, -0.9895674803236103, -0.104961941569, 5, 193
1531497291624829053, 296, 2.1294777362753656, -0.9985285262152617, -0.113005269322, 5, 194
1531497291624829053, 296, 2.129749610599039, -0.9953964488717602, -0.110727932332, 5, 68
1531497292660202980, 296, 2.124690475954515, -0.9895674803236103, -0.104961941569, 5, 193
1531497292660202980, 296, 2.1294777362753656, -0.9985285262152617, -0.113005269322, 5, 194
1531497292660202980, 296, 2.1558831956842472, -0.7406460662955618, 0.015741083906, 5, 68
1531497292660202980, 296, 2.124690475954515, -0.9895674803236103, -0.104961941569, 5, 193
1531497292660202980, 296, 2.1294777362753656, -0.9985285262152617, -0.113005269322, 5, 194
1531497292660202980, 296, 2.1558831956842472, -0.7406460662955618, 0.015741083906, 5, 68
1531497292660202980, 296, 2.124690475954515, -0.9895674803236103, -0.104961941569, 5, 193
1531497292660202980, 296, 2.1294777362753656, -0.9985285262152617, -0.113005269322, 5, 194
1531497292660202980, 296, 2.1558831956842472, -0.7406460662955618, 0.015741083906, 5, 68
1531497292660202980, 296, 2.124690475954515, -0.9895674803236103, -0.104961941569, 5, 193
1531497292660202980, 296, 2.1294777362753656, -0.9985285262152617, -0.113005269322, 5, 194
1531497292660202980, 296, 2.1558831956842472, -0.7406460662955618, 0.015741083906, 5, 68
1531497292660202980, 296, 2.124690475954515, -0.9895674803236103, -0.104961941569, 5, 193
1531497292660202980, 296, 2.1294777362753656, -0.9985285262152617, -0.113005269322, 5, 194
1531497292660202980, 296, 2.1558831956842472, -0.7406460662955618, 0.015741083906, 5, 68
1531497293901885032, 296, 2.0549940826877156, -0.3982122645036239, 0.510240990442, 4, 16
1531497293901885032, 296, 2.086217757761488, -0.3739827037533632, 0.575238895843, 4, 143
1531497293901885032, 296, 2.0549940826877156, -0.3982122645036239, 0.510240990442, 4, 16
1531497293901885032, 296, 2.086217757761488, -0.3739827037533632, 0.575238895843, 4, 143
1531497293901885032, 296, 2.0549940826877156, -0.3982122645036239, 0.510240990442, 4, 16
1531497293901885032, 296, 2.086217757761488, -0.3739827037533632, 0.575238895843, 4, 143
1531497293901885032, 296, 2.0549940826877156, -0.3982122645036239, 0.510240990442, 4, 16
1531497293901885032, 296, 2.086217757761488, -0.3739827037533632, 0.575238895843, 4, 143
1531497294433875083, 296, 2.0549940826877156, -0.39821226450362385, 0.510240990442, 4, 16
1531497294433875083, 296, 2.004707064174823, -0.264487867112042, 1.06880729797, 4, 143
1531497294433875083, 296, 2.0549940826877156, -0.39821226450362385, 0.510240990442, 4, 16
1531497294433875083, 296, 2.004707064174823, -0.264487867112042, 1.06880729797, 4, 143
1531497294433875083, 296, 2.0549940826877156, -0.39821226450362385, 0.510240990442, 4, 16
1531497294433875083, 296, 2.004707064174823, -0.264487867112042, 1.06880729797, 4, 143
1531497294433875083, 296, 2.0549940826877156, -0.39821226450362385, 0.510240990442, 4, 16
1531497294433875083, 296, 2.004707064174823, -0.264487867112042, 1.06880729797, 4, 143
1531497295468616008, 296, 1.977323801269177, -0.2808313531047664, 1.00555752702, 4, 16
1531497295468616008, 296, 1.7595404939067296, -0.18784622817322041, 1.53930538556, 4, 143
1531497295468616008, 296, 1.977323801269177, -0.2808313531047664, 1.00555752702, 4, 16
1531497295468616008, 296, 1.7595404939067296, -0.18784622817322041, 1.53930538556, 4, 143
1531497295468616008, 296, 1.977323801269177, -0.2808313531047664, 1.00555752702, 4, 16
1531497295468616008, 296, 1.7595404939067296, -0.18784622817322041, 1.53930538556, 4, 143
1531497295999752044, 296, 1.5951268038485034, -0.1898462076522205, 1.55064805458, 4, 16
1531497295999752044, 296, 1.6191236580354105, -0.19660988737758983, 1.61853504813, 4, 143
1531497295999752044, 296, 1.5951268038485034, -0.1898462076522205, 1.55064805458, 4, 16
1531497295999752044, 296, 1.6191236580354105, -0.19660988737758983, 1.61853504813, 4, 143
1531497295999752044, 296, 1.5951268038485034, -0.1898462076522205, 1.55064805458, 4, 16
1531497295999752044, 296, 1.6191236580354105, -0.19660988737758983, 1.61853504813, 4, 143
1531497295999752044, 296, 1.5951268038485034, -0.1898462076522205, 1.55064805458, 4, 16
1531497295999752044, 296, 1.6191236580354105, -0.19660988737758983, 1.61853504813, 4, 143
1531497296532721996, 296, 1.5951268038485034, -0.1898462076522205, 1.55064805458, 4, 16
1531497296532721996, 296, 1.4581165003704897, -0.16970417328014734, 1.49128762321, 4, 168
1531497296532721996, 296, 1.4820992849755426, -0.1906169366475963, 1.57351394353, 4, 143
1531497296532721996, 296, 1.5951268038485034, -0.1898462076522205, 1.55064805458, 4, 16
1531497296532721996, 296, 1.4581165003704897, -0.16970417328014734, 1.49128762321, 4, 168
1531497296532721996, 296, 1.4820992849755426, -0.1906169366475963, 1.57351394353, 4, 143
1531497296532721996, 296, 1.5951268038485034, -0.1898462076522205, 1.55064805458, 4, 16
1531497296532721996, 296, 1.4581165003704897, -0.16970417328014734, 1.49128762321, 4, 168
1531497296532721996, 296, 1.4820992849755426, -0.1906169366475963, 1.57351394353, 4, 143
1531497297567483901, 296, 1.4596703656974062, -0.17783047955121517, 1.50226654187, 4, 16
1531497297567483901, 296, 1.4581165003704897, -0.16970417328014734, 1.49128762321, 4, 168
1531497297567483901, 296, 1.4820992849755426, -0.1906169366475963, 1.57351394353, 4, 143
1531497297567483901, 296, 1.4596703656974062, -0.17783047955121517, 1.50226654187, 4, 16
1531497297567483901, 296, 1.4581165003704897, -0.16970417328014734, 1.49128762321, 4, 168
1531497297567483901, 296, 1.4820992849755426, -0.1906169366475963, 1.57351394353, 4, 143
1531497297901922941, 296, 1.0690576552100965, -0.18973983836236752, 1.61900510144, 2, 143
1531497297567483901, 296, 1.4596703656974062, -0.17783047955121517, 1.50226654187, 4, 16
1531497297567483901, 296, 1.4581165003704897, -0.16970417328014734, 1.49128762321, 4, 168
1531497297567483901, 296, 1.4820992849755426, -0.1906169366475963, 1.57351394353, 4, 143
1531497297901922941, 296, 1.0690576552100965, -0.18973983836236752, 1.61900510144, 2, 143
1531497297567483901, 296, 1.4596703656974062, -0.17783047955121517, 1.50226654187, 4, 16
1531497297567483901, 296, 1.4581165003704897, -0.16970417328014734, 1.49128762321, 4, 168
1531497297567483901, 296, 1.4820992849755426, -0.1906169366475963, 1.57351394353, 4, 143
1531497297901922941, 296, 1.0690576552100965, -0.18973983836236752, 1.61900510144, 2, 143
1531497298067925930, 296, 1.0764121937035092, -0.1723160774894587, 1.56760762351, 4, 16
1531497298067925930, 296, 1.4581165003704897, -0.16970417328014734, 1.49128762321, 4, 168
1531497298067925930, 296, 1.1017793216562775, -0.2122168322589526, 1.63437391651, 4, 143
1531497297901922941, 296, 1.0690576552100965, -0.18973983836236752, 1.61900510144, 2, 143
1531497298067925930, 296, 1.0764121937035092, -0.1723160774894587, 1.56760762351, 4, 16
1531497298067925930, 296, 1.4581165003704897, -0.16970417328014734, 1.49128762321, 4, 168
1531497298067925930, 296, 1.1017793216562775, -0.2122168322589526, 1.63437391651, 4, 143
1531497298401952981, 296, 0.9641019224253662, -0.18751244543754775, 1.68328588803, 2, 16
1531497298401952981, 296, 0.9631233749413122, -0.1950347212700242, 1.6773400354, 2, 57
1531497298401952981, 296, 1.0723864650852701, -0.18903869942899815, 1.62383135966, 2, 142
1531497298401952981, 296, 1.0690576552100965, -0.18973983836236752, 1.61900510144, 2, 143
1531497298067925930, 296, 1.0764121937035092, -0.1723160774894587, 1.56760762351, 4, 16
1531497298067925930, 296, 1.4581165003704897, -0.16970417328014734, 1.49128762321, 4, 168
1531497298067925930, 296, 1.1017793216562775, -0.2122168322589526, 1.63437391651, 4, 143
1531497298401952981, 296, 0.9641019224253662, -0.18751244543754775, 1.68328588803, 2, 16
1531497298401952981, 296, 0.9631233749413122, -0.1950347212700242, 1.6773400354, 2, 57
1531497298401952981, 296, 1.0723864650852701, -0.18903869942899815, 1.62383135966, 2, 142
1531497298401952981, 296, 1.0690576552100965, -0.18973983836236752, 1.61900510144, 2, 143
1531497298067925930, 296, 1.0764121937035092, -0.1723160774894587, 1.56760762351, 4, 16
1531497298067925930, 296, 1.4581165003704897, -0.16970417328014734, 1.49128762321, 4, 168
1531497298067925930, 296, 1.1017793216562775, -0.2122168322589526, 1.63437391651, 4, 143
1531497298401952981, 296, 0.9641019224253662, -0.18751244543754775, 1.68328588803, 2, 16
1531497298401952981, 296, 0.9631233749413122, -0.1950347212700242, 1.6773400354, 2, 57
1531497298401952981, 296, 1.0723864650852701, -0.18903869942899815, 1.62383135966, 2, 142
1531497298401952981, 296, 1.0690576552100965, -0.18973983836236752, 1.61900510144, 2, 143
1531497298934889078, 296, 0.9641019224253662, -0.18751244543754775, 1.68328588803, 2, 16
1531497298934889078, 296, 0.8343624394330353, -0.1956581430184482, 1.65519885486, 2, 57
1531497298934889078, 296, 1.0723864650852701, -0.18903869942899815, 1.62383135966, 2, 142
1531497298934889078, 296, 0.8293797391451041, -0.18859612967329137, 1.64021307097, 2, 143
1531497298934889078, 296, 0.9641019224253662, -0.18751244543754775, 1.68328588803, 2, 16
1531497298934889078, 296, 0.8343624394330353, -0.1956581430184482, 1.65519885486, 2, 57
1531497298934889078, 296, 1.0723864650852701, -0.18903869942899815, 1.62383135966, 2, 142
1531497298934889078, 296, 0.8293797391451041, -0.18859612967329137, 1.64021307097, 2, 143
1531497298934889078, 296, 0.9641019224253662, -0.18751244543754775, 1.68328588803, 2, 16
1531497298934889078, 296, 0.8343624394330353, -0.1956581430184482, 1.65519885486, 2, 57
1531497298934889078, 296, 1.0723864650852701, -0.18903869942899815, 1.62383135966, 2, 142
1531497298934889078, 296, 0.8293797391451041, -0.18859612967329137, 1.64021307097, 2, 143
1531497298934889078, 296, 0.9641019224253662, -0.18751244543754775, 1.68328588803, 2, 16
1531497298934889078, 296, 0.8343624394330353, -0.1956581430184482, 1.65519885486, 2, 57
1531497298934889078, 296, 1.0723864650852701, -0.18903869942899815, 1.62383135966, 2, 142
1531497298934889078, 296, 0.8293797391451041, -0.18859612967329137, 1.64021307097, 2, 143
1531497299968945980, 296, 0.5800324566568724, -0.1996318251446853, 1.52061994665, 2, 16
1531497299968945980, 296, 0.5800830279774769, -0.2016092162399217, 1.51276327664, 2, 57
1531497299968945980, 296, 1.0723864650852701, -0.18903869942899815, 1.62383135966, 2, 142
1531497299968945980, 296, 0.572005311826902, -0.19534790944139754, 1.50609367142, 2, 143
1531497299968945980, 296, 0.5800324566568724, -0.1996318251446853, 1.52061994665, 2, 16
1531497299968945980, 296, 0.5800830279774769, -0.2016092162399217, 1.51276327664, 2, 57
1531497299968945980, 296, 1.0723864650852701, -0.18903869942899815, 1.62383135966, 2, 142
1531497299968945980, 296, 0.572005311826902, -0.19534790944139754, 1.50609367142, 2, 143
1531497300597449064, 296, 0.5302646771330131, -0.16650223339321646, 1.55025770097, 1, 153
1531497300597449064, 296, 0.5260447943786251, -0.1606291608577356, 1.55307232932, 1, 157
1531497299968945980, 296, 0.5800324566568724, -0.1996318251446853, 1.52061994665, 2, 16
1531497299968945980, 296, 0.5800830279774769, -0.2016092162399217, 1.51276327664, 2, 57
1531497299968945980, 296, 1.0723864650852701, -0.18903869942899815, 1.62383135966, 2, 142
1531497299968945980, 296, 0.572005311826902, -0.19534790944139754, 1.50609367142, 2, 143
1531497300597449064, 296, 0.5302646771330131, -0.16650223339321646, 1.55025770097, 1, 153
1531497300597449064, 296, 0.5260447943786251, -0.1606291608577356, 1.55307232932, 1, 157
1531497299968945980, 296, 0.5800324566568724, -0.1996318251446853, 1.52061994665, 2, 16
1531497299968945980, 296, 0.5800830279774769, -0.2016092162399217, 1.51276327664, 2, 57
1531497299968945980, 296, 1.0723864650852701, -0.18903869942899815, 1.62383135966, 2, 142
1531497299968945980, 296, 0.572005311826902, -0.19534790944139754, 1.50609367142, 2, 143
1531497300597449064, 296, 0.5302646771330131, -0.16650223339321646, 1.55025770097, 1, 153
1531497300597449064, 296, 0.5260447943786251, -0.1606291608577356, 1.55307232932, 1, 157
1531497300469305992, 296, 0.4588667999034052, -0.19360482853615568, 1.67962889464, 2, 16
1531497300469305992, 296, 0.4594845551723331, -0.1978330370725184, 1.68179075216, 2, 57
1531497300469305992, 296, 1.0723864650852701, -0.18903869942899815, 1.62383135966, 2, 142
1531497300469305992, 296, 0.451638197265656, -0.18858756425911657, 1.66977356363, 2, 143
1531497300597449064, 296, 0.5302646771330131, -0.16650223339321646, 1.55025770097, 1, 153
1531497300597449064, 296, 0.5260447943786251, -0.1606291608577356, 1.55307232932, 1, 157
1531497300469305992, 296, 0.4588667999034052, -0.19360482853615568, 1.67962889464, 2, 16
1531497300469305992, 296, 0.4594845551723331, -0.1978330370725184, 1.68179075216, 2, 57
1531497300469305992, 296, 1.0723864650852701, -0.18903869942899815, 1.62383135966, 2, 142
1531497300469305992, 296, 0.451638197265656, -0.18858756425911657, 1.66977356363, 2, 143
1531497300597449064, 296, 0.5302646771330131, -0.16650223339321646, 1.55025770097, 1, 153
1531497300597449064, 296, 0.5260447943786251, -0.1606291608577356, 1.55307232932, 1, 157
1531497300469305992, 296, 0.4588667999034052, -0.19360482853615568, 1.67962889464, 2, 16
1531497300469305992, 296, 0.4594845551723331, -0.1978330370725184, 1.68179075216, 2, 57
1531497300469305992, 296, 1.0723864650852701, -0.18903869942899815, 1.62383135966, 2, 142
1531497300469305992, 296, 0.451638197265656, -0.18858756425911657, 1.66977356363, 2, 143
1531497300597449064, 296, 0.5302646771330131, -0.16650223339321646, 1.55025770097, 1, 153
1531497300597449064, 296, 0.5260447943786251, -0.1606291608577356, 1.55307232932, 1, 157
1531497300969094038, 296, 0.33441638769907345, -0.22468721410745418, 1.92972323728, 2, 16
1531497300969094038, 296, 0.3346619440254858, -0.22643211745051947, 1.93048014288, 2, 57
1531497300969094038, 296, 1.0723864650852701, -0.18903869942899815, 1.62383135966, 2, 142
1531497300969094038, 296, 0.33434843160678696, -0.21841218057631684, 1.92559714644, 2, 143
1531497301431382894, 296, 0.5302646771330131, -0.16650223339321646, 1.55025770097, 1, 153
1531497301431382894, 296, 0.2958023370031267, -0.21213212653829316, 2.01081644984, 1, 157
1531497300969094038, 296, 0.33441638769907345, -0.22468721410745418, 1.92972323728, 2, 16
1531497300969094038, 296, 0.3346619440254858, -0.22643211745051947, 1.93048014288, 2, 57
1531497300969094038, 296, 1.0723864650852701, -0.18903869942899815, 1.62383135966, 2, 142
1531497300969094038, 296, 0.33434843160678696, -0.21841218057631684, 1.92559714644, 2, 143
1531497301431382894, 296, 0.5302646771330131, -0.16650223339321646, 1.55025770097, 1, 153
1531497301431382894, 296, 0.2958023370031267, -0.21213212653829316, 2.01081644984, 1, 157
1531497300969094038, 296, 0.33441638769907345, -0.22468721410745418, 1.92972323728, 2, 16
1531497300969094038, 296, 0.3346619440254858, -0.22643211745051947, 1.93048014288, 2, 57
1531497300969094038, 296, 1.0723864650852701, -0.18903869942899815, 1.62383135966, 2, 142
1531497300969094038, 296, 0.33434843160678696, -0.21841218057631684, 1.92559714644, 2, 143
1531497301431382894, 296, 0.5302646771330131, -0.16650223339321646, 1.55025770097, 1, 153
1531497301431382894, 296, 0.2958023370031267, -0.21213212653829316, 2.01081644984, 1, 157
1531497300969094038, 296, 0.33441638769907345, -0.22468721410745418, 1.92972323728, 2, 16
1531497300969094038, 296, 0.3346619440254858, -0.22643211745051947, 1.93048014288, 2, 57
1531497300969094038, 296, 1.0723864650852701, -0.18903869942899815, 1.62383135966, 2, 142
1531497300969094038, 296, 0.33434843160678696, -0.21841218057631684, 1.92559714644, 2, 143
1531497301431382894, 296, 0.5302646771330131, -0.16650223339321646, 1.55025770097, 1, 153
1531497301431382894, 296, 0.2958023370031267, -0.21213212653829316, 2.01081644984, 1, 157
1531497301999706029, 296, 0.33441638769907345, -0.22468721410745418, 1.92972323728, 2, 16
1531497301999706029, 296, 0.1950606868714705, -0.4446792482686182, 3.02268503453, 2, 57
1531497301999706029, 296, 1.0723864650852701, -0.18903869942899815, 1.62383135966, 2, 142
1531497301999706029, 296, 0.18460068960313736, -0.44004273331942667, 3.01817992176, 2, 143
1531497301431382894, 296, 0.5302646771330131, -0.16650223339321646, 1.55025770097, 1, 153
1531497301431382894, 296, 0.2958023370031267, -0.21213212653829316, 2.01081644984, 1, 157
1531497301999706029, 296, 0.33441638769907345, -0.22468721410745418, 1.92972323728, 2, 16
1531497301999706029, 296, 0.1950606868714705, -0.4446792482686182, 3.02268503453, 2, 57
1531497301999706029, 296, 1.0723864650852701, -0.18903869942899815, 1.62383135966, 2, 142
1531497301999706029, 296, 0.18460068960313736, -0.44004273331942667, 3.01817992176, 2, 143
1531497302598567008, 296, 0.3130110388822897, -0.21451595600127737, 2.00218628866, 1, 153
1531497302598567008, 296, 0.2958023370031267, -0.21213212653829316, 2.01081644984, 1, 157
1531497301999706029, 296, 0.33441638769907345, -0.22468721410745418, 1.92972323728, 2, 16
1531497301999706029, 296, 0.1950606868714705, -0.4446792482686182, 3.02268503453, 2, 57
1531497301999706029, 296, 1.0723864650852701, -0.18903869942899815, 1.62383135966, 2, 142
1531497301999706029, 296, 0.18460068960313736, -0.44004273331942667, 3.01817992176, 2, 143
1531497302598567008, 296, 0.3130110388822897, -0.21451595600127737, 2.00218628866, 1, 153
1531497302598567008, 296, 0.2958023370031267, -0.21213212653829316, 2.01081644984, 1, 157
1531497302532649040, 296, 0.19509269604984336, -0.4366898848962269, 3.02072585074, 2, 16
1531497302532649040, 296, 0.19602010290545807, -0.58285276471615, -3.09937056728, 2, 57
1531497302532649040, 296, 1.0723864650852701, -0.18903869942899815, 1.62383135966, 2, 142
1531497302532649040, 296, 0.18281002441931804, -0.5830367946560313, -3.1046660862, 2, 143
1531497302598567008, 296, 0.3130110388822897, -0.21451595600127737, 2.00218628866, 1, 153
1531497302598567008, 296, 0.2958023370031267, -0.21213212653829316, 2.01081644984, 1, 157
1531497302532649040, 296, 0.19509269604984336, -0.4366898848962269, 3.02072585074, 2, 16
1531497302532649040, 296, 0.19602010290545807, -0.58285276471615, -3.09937056728, 2, 57
1531497302532649040, 296, 1.0723864650852701, -0.18903869942899815, 1.62383135966, 2, 142
1531497302532649040, 296, 0.18281002441931804, -0.5830367946560313, -3.1046660862, 2, 143
1531497302598567008, 296, 0.3130110388822897, -0.21451595600127737, 2.00218628866, 1, 153
1531497302598567008, 296, 0.2958023370031267, -0.21213212653829316, 2.01081644984, 1, 157
1531497302532649040, 296, 0.19509269604984336, -0.4366898848962269, 3.02072585074, 2, 16
1531497302532649040, 296, 0.19602010290545807, -0.58285276471615, -3.09937056728, 2, 57
1531497302532649040, 296, 1.0723864650852701, -0.18903869942899815, 1.62383135966, 2, 142
1531497302532649040, 296, 0.18281002441931804, -0.5830367946560313, -3.1046660862, 2, 143
1531497302598567008, 296, 0.3130110388822897, -0.21451595600127737, 2.00218628866, 1, 153
1531497302598567008, 296, 0.2958023370031267, -0.21213212653829316, 2.01081644984, 1, 157
1531497302532649040, 296, 0.19509269604984336, -0.4366898848962269, 3.02072585074, 2, 16
1531497302532649040, 296, 0.19602010290545807, -0.58285276471615, -3.09937056728, 2, 57
1531497302532649040, 296, 1.0723864650852701, -0.18903869942899815, 1.62383135966, 2, 142
1531497302532649040, 296, 0.18281002441931804, -0.5830367946560313, -3.1046660862, 2, 143
1531497303565346956, 296, 0.1347000190160017, -0.850519974125305, 2.95365348433, 2, 16
1531497303565346956, 296, 0.14116360851387783, -0.8604987953534092, 2.96576907131, 2, 57
1531497303565346956, 296, 1.0723864650852701, -0.18903869942899815, 1.62383135966, 2, 142
1531497303565346956, 296, 0.12895058951163052, -0.8587098234032933, 2.95573611831, 2, 143
1531497303565346956, 296, 0.1347000190160017, -0.850519974125305, 2.95365348433, 2, 16
1531497303565346956, 296, 0.14116360851387783, -0.8604987953534092, 2.96576907131, 2, 57
1531497303565346956, 296, 1.0723864650852701, -0.18903869942899815, 1.62383135966, 2, 142
1531497303565346956, 296, 0.12895058951163052, -0.8587098234032933, 2.95573611831, 2, 143
1531497303565346956, 296, 0.1347000190160017, -0.850519974125305, 2.95365348433, 2, 16
1531497303565346956, 296, 0.14116360851387783, -0.8604987953534092, 2.96576907131, 2, 57
1531497303565346956, 296, 1.0723864650852701, -0.18903869942899815, 1.62383135966, 2, 142
1531497303565346956, 296, 0.12895058951163052, -0.8587098234032933, 2.95573611831, 2, 143
1531497304624712944, 296, 0.12989148665563055, -0.9763470387827954, 3.11244314798, 1, 153
1531497304624712944, 296, 0.12912409349937315, -0.9732441700148645, 3.11570869952, 1, 157
1531497304624712944, 296, 0.12989148665563055, -0.9763470387827954, 3.11244314798, 1, 153
1531497304624712944, 296, 0.12912409349937315, -0.9732441700148645, 3.11570869952, 1, 157
1531497304624712944, 296, 0.12989148665563055, -0.9763470387827954, 3.11244314798, 1, 153
1531497304624712944, 296, 0.12912409349937315, -0.9732441700148645, 3.11570869952, 1, 157
1531497304624712944, 296, 0.12989148665563055, -0.9763470387827954, 3.11244314798, 1, 153
1531497304624712944, 296, 0.12912409349937315, -0.9732441700148645, 3.11570869952, 1, 157
1531497304624712944, 296, 0.12989148665563055, -0.9763470387827954, 3.11244314798, 1, 153
1531497304624712944, 296, 0.12912409349937315, -0.9732441700148645, 3.11570869952, 1, 157
1531497305459737062, 296, 0.11794081508001536, -1.1792101245333477, -3.09500729119, 1, 153
1531497305459737062, 296, 0.12912409349937315, -0.9732441700148645, 3.11570869952, 1, 157
1531497305459737062, 296, 0.11794081508001536, -1.1792101245333477, -3.09500729119, 1, 153
1531497305459737062, 296, 0.12912409349937315, -0.9732441700148645, 3.11570869952, 1, 157
1531497305459737062, 296, 0.11794081508001536, -1.1792101245333477, -3.09500729119, 1, 153
1531497305459737062, 296, 0.12912409349937315, -0.9732441700148645, 3.11570869952, 1, 157
1531497305459737062, 296, 0.11794081508001536, -1.1792101245333477, -3.09500729119, 1, 153
1531497305459737062, 296, 0.12912409349937315, -0.9732441700148645, 3.11570869952, 1, 157
1531497305459737062, 296, 0.11794081508001536, -1.1792101245333477, -3.09500729119, 1, 153
1531497305459737062, 296, 0.12912409349937315, -0.9732441700148645, 3.11570869952, 1, 157
1531497307063600063, 296, -0.07758111686506686, -1.4742079102620924, 2.94989414795, 3, 75
1531497307063600063, 296, 0.02888159388296352, -1.3312714464349922, 2.81599441334, 3, 133
1531497307063600063, 296, -0.07758111686506686, -1.4742079102620924, 2.94989414795, 3, 75
1531497307063600063, 296, 0.02888159388296352, -1.3312714464349922, 2.81599441334, 3, 133
1531497307063600063, 296, -0.07758111686506686, -1.4742079102620924, 2.94989414795, 3, 75
1531497307063600063, 296, 0.02888159388296352, -1.3312714464349922, 2.81599441334, 3, 133
1531497307063600063, 296, -0.07758111686506686, -1.4742079102620924, 2.94989414795, 3, 75
1531497307063600063, 296, 0.02888159388296352, -1.3312714464349922, 2.81599441334, 3, 133
1531497307565788984, 296, -0.07758111686506686, -1.4742079102620924, 2.94989414795, 3, 75
1531497307565788984, 296, -0.022505312685335288, -1.4552195551608207, 3.01231143447, 3, 133
1531497307565788984, 296, -0.07758111686506686, -1.4742079102620924, 2.94989414795, 3, 75
1531497307565788984, 296, -0.022505312685335288, -1.4552195551608207, 3.01231143447, 3, 133
1531497307565788984, 296, -0.07758111686506686, -1.4742079102620924, 2.94989414795, 3, 75
1531497307565788984, 296, -0.022505312685335288, -1.4552195551608207, 3.01231143447, 3, 133
1531497307565788984, 296, -0.07758111686506686, -1.4742079102620924, 2.94989414795, 3, 75
1531497307565788984, 296, -0.022505312685335288, -1.4552195551608207, 3.01231143447, 3, 133
1531497307565788984, 296, -0.07758111686506686, -1.4742079102620924, 2.94989414795, 3, 75
1531497307565788984, 296, -0.022505312685335288, -1.4552195551608207, 3.01231143447, 3, 133
1531497308629193067, 296, -0.07758111686506686, -1.4742079102620924, 2.94989414795, 3, 75
1531497308629193067, 296, 0.03744543416082047, -1.7139757954912802, -2.36882779978, 3, 133
1531497308629193067, 296, -0.07758111686506686, -1.4742079102620924, 2.94989414795, 3, 75
1531497308629193067, 296, 0.03744543416082047, -1.7139757954912802, -2.36882779978, 3, 133
1531497308629193067, 296, -0.07758111686506686, -1.4742079102620924, 2.94989414795, 3, 75
1531497308629193067, 296, 0.03744543416082047, -1.7139757954912802, -2.36882779978, 3, 133
1531497309129528999, 296, 0.09358588678742191, -1.9433893699853513, -1.99219206632, 3, 75
1531497309129528999, 296, 0.1373580678064723, -1.8097232721479146, -2.09940687218, 3, 133
1531497309129528999, 296, 0.09358588678742191, -1.9433893699853513, -1.99219206632, 3, 75
1531497309129528999, 296, 0.1373580678064723, -1.8097232721479146, -2.09940687218, 3, 133
1531497309129528999, 296, 0.09358588678742191, -1.9433893699853513, -1.99219206632, 3, 75
1531497309129528999, 296, 0.1373580678064723, -1.8097232721479146, -2.09940687218, 3, 133
1531497309129528999, 296, 0.09358588678742191, -1.9433893699853513, -1.99219206632, 3, 75
1531497309129528999, 296, 0.1373580678064723, -1.8097232721479146, -2.09940687218, 3, 133
1531497310728635072, 296, 0.5042474520096846, -2.009723311876476, -1.59470555804, 3, 75
1531497310728635072, 296, 0.4836211743682189, -2.022885737273403, -1.56024266414, 3, 132
1531497310728635072, 296, 0.530956617135054, -1.9363196774396298, -1.7064605693, 3, 133
1531497310728635072, 296, 0.5042474520096846, -2.009723311876476, -1.59470555804, 3, 75
1531497310728635072, 296, 0.4836211743682189, -2.022885737273403, -1.56024266414, 3, 132
1531497310728635072, 296, 0.530956617135054, -1.9363196774396298, -1.7064605693, 3, 133
1531497310728635072, 296, 0.5042474520096846, -2.009723311876476, -1.59470555804, 3, 75
1531497310728635072, 296, 0.4836211743682189, -2.022885737273403, -1.56024266414, 3, 132
1531497310728635072, 296, 0.530956617135054, -1.9363196774396298, -1.7064605693, 3, 133
1531497310728635072, 296, 0.5042474520096846, -2.009723311876476, -1.59470555804, 3, 75
1531497310728635072, 296, 0.4836211743682189, -2.022885737273403, -1.56024266414, 3, 132
1531497310728635072, 296, 0.530956617135054, -1.9363196774396298, -1.7064605693, 3, 133
1531497311478533983, 296, 0.714599398078062, -2.041099250283596, -1.74407295802, 15, 144
1531497311478533983, 296, 0.7186428350268432, -2.04266949513458, -1.73705435654, 15, 194
1531497311478533983, 296, 0.7103194784711151, -2.046316322884219, -1.76319355192, 15, 195
1531497311763499021, 296, 0.7751621489916072, -2.0112235841488832, -1.67671081389, 3, 75
1531497311763499021, 296, 0.7566019596468013, -2.006820615791912, -1.6339975862, 3, 132
1531497311763499021, 296, 0.80302224098601, -1.971313060398869, -1.79026699676, 3, 133
1531497311478533983, 296, 0.714599398078062, -2.041099250283596, -1.74407295802, 15, 144
1531497311478533983, 296, 0.7186428350268432, -2.04266949513458, -1.73705435654, 15, 194
1531497311478533983, 296, 0.7103194784711151, -2.046316322884219, -1.76319355192, 15, 195
1531497311763499021, 296, 0.7751621489916072, -2.0112235841488832, -1.67671081389, 3, 75
1531497311763499021, 296, 0.7566019596468013, -2.006820615791912, -1.6339975862, 3, 132
1531497311763499021, 296, 0.80302224098601, -1.971313060398869, -1.79026699676, 3, 133
1531497311478533983, 296, 0.714599398078062, -2.041099250283596, -1.74407295802, 15, 144
1531497311478533983, 296, 0.7186428350268432, -2.04266949513458, -1.73705435654, 15, 194
1531497311478533983, 296, 0.7103194784711151, -2.046316322884219, -1.76319355192, 15, 195
1531497311763499021, 296, 0.7751621489916072, -2.0112235841488832, -1.67671081389, 3, 75
1531497311763499021, 296, 0.7566019596468013, -2.006820615791912, -1.6339975862, 3, 132
1531497311763499021, 296, 0.80302224098601, -1.971313060398869, -1.79026699676, 3, 133
1531497311478533983, 296, 0.714599398078062, -2.041099250283596, -1.74407295802, 15, 144
1531497311478533983, 296, 0.7186428350268432, -2.04266949513458, -1.73705435654, 15, 194
1531497311478533983, 296, 0.7103194784711151, -2.046316322884219, -1.76319355192, 15, 195
1531497311763499021, 296, 0.7751621489916072, -2.0112235841488832, -1.67671081389, 3, 75
1531497311763499021, 296, 0.7566019596468013, -2.006820615791912, -1.6339975862, 3, 132
1531497311763499021, 296, 0.80302224098601, -1.971313060398869, -1.79026699676, 3, 133
1531497312536700010, 296, 0.714599398078062, -2.041099250283596, -1.74407295802, 15, 144
1531497312536700010, 296, 0.7186428350268432, -2.04266949513458, -1.73705435654, 15, 194
1531497312536700010, 296, 0.7103194784711151, -2.046316322884219, -1.76319355192, 15, 195
1531497312536700010, 296, 0.714599398078062, -2.041099250283596, -1.74407295802, 15, 144
1531497312536700010, 296, 0.7186428350268432, -2.04266949513458, -1.73705435654, 15, 194
1531497312536700010, 296, 0.7103194784711151, -2.046316322884219, -1.76319355192, 15, 195
1531497312536700010, 296, 0.714599398078062, -2.041099250283596, -1.74407295802, 15, 144
1531497312536700010, 296, 0.7186428350268432, -2.04266949513458, -1.73705435654, 15, 194
1531497312536700010, 296, 0.7103194784711151, -2.046316322884219, -1.76319355192, 15, 195
1531497312536700010, 296, 0.714599398078062, -2.041099250283596, -1.74407295802, 15, 144
1531497312536700010, 296, 0.7186428350268432, -2.04266949513458, -1.73705435654, 15, 194
1531497312536700010, 296, 0.7103194784711151, -2.046316322884219, -1.76319355192, 15, 195
1531497313036576032, 296, 1.0155338200856978, -2.1234974374781106, -1.85877035699, 15, 144
1531497313036576032, 296, 1.0207401797292648, -2.1225362660288396, -1.85277395677, 15, 194
1531497313036576032, 296, 0.7103194784711151, -2.046316322884219, -1.76319355192, 15, 195
1531497313036576032, 296, 1.0155338200856978, -2.1234974374781106, -1.85877035699, 15, 144
1531497313036576032, 296, 1.0207401797292648, -2.1225362660288396, -1.85277395677, 15, 194
1531497313036576032, 296, 0.7103194784711151, -2.046316322884219, -1.76319355192, 15, 195
1531497313036576032, 296, 1.0155338200856978, -2.1234974374781106, -1.85877035699, 15, 144
1531497313036576032, 296, 1.0207401797292648, -2.1225362660288396, -1.85277395677, 15, 194
1531497313036576032, 296, 0.7103194784711151, -2.046316322884219, -1.76319355192, 15, 195
1531497313036576032, 296, 1.0155338200856978, -2.1234974374781106, -1.85877035699, 15, 144
1531497313036576032, 296, 1.0207401797292648, -2.1225362660288396, -1.85277395677, 15, 194
1531497313036576032, 296, 0.7103194784711151, -2.046316322884219, -1.76319355192, 15, 195
1531497314040271043, 296, 1.1331249284569103, -2.160866626234462, -1.87867307964, 15, 144
1531497314040271043, 296, 1.405861331173761, -2.2110204023805644, -1.65221281285, 15, 194
1531497314040271043, 296, 1.3958132529709455, -2.23299197645382, -1.67485154816, 15, 195
1531497314040271043, 296, 1.1331249284569103, -2.160866626234462, -1.87867307964, 15, 144
1531497314040271043, 296, 1.405861331173761, -2.2110204023805644, -1.65221281285, 15, 194
1531497314040271043, 296, 1.3958132529709455, -2.23299197645382, -1.67485154816, 15, 195
1531497314040271043, 296, 1.1331249284569103, -2.160866626234462, -1.87867307964, 15, 144
1531497314040271043, 296, 1.405861331173761, -2.2110204023805644, -1.65221281285, 15, 194
1531497314040271043, 296, 1.3958132529709455, -2.23299197645382, -1.67485154816, 15, 195
1531497314040271043, 296, 1.1331249284569103, -2.160866626234462, -1.87867307964, 15, 144
1531497314040271043, 296, 1.405861331173761, -2.2110204023805644, -1.65221281285, 15, 194
1531497314040271043, 296, 1.3958132529709455, -2.23299197645382, -1.67485154816, 15, 195
1531497315601994037, 296, 1.4042073401210364, -2.213859375974822, -1.6538714586, 15, 144
1531497315601994037, 296, 1.405861331173761, -2.2110204023805644, -1.65221281285, 15, 194
1531497315601994037, 296, 1.5118417458002245, -2.20983445473374, -1.47654967239, 15, 195
1531497315601994037, 296, 1.4042073401210364, -2.213859375974822, -1.6538714586, 15, 144
1531497315601994037, 296, 1.405861331173761, -2.2110204023805644, -1.65221281285, 15, 194
1531497315601994037, 296, 1.5118417458002245, -2.20983445473374, -1.47654967239, 15, 195
1531497315601994037, 296, 1.4042073401210364, -2.213859375974822, -1.6538714586, 15, 144
1531497315601994037, 296, 1.405861331173761, -2.2110204023805644, -1.65221281285, 15, 194
1531497315601994037, 296, 1.5118417458002245, -2.20983445473374, -1.47654967239, 15, 195
1531497316744817018, 296, 2.052572829900619, -1.9474760673534532, -0.974370742329, 5, 193
1531497316744817018, 296, 2.0500088543592847, -1.9513655334999696, -0.976720062005, 5, 194
1531497316744817018, 296, 2.0543988681052947, -1.948544529434752, -0.974732883338, 5, 68
1531497316744817018, 296, 2.052572829900619, -1.9474760673534532, -0.974370742329, 5, 193
1531497316744817018, 296, 2.0500088543592847, -1.9513655334999696, -0.976720062005, 5, 194
1531497316744817018, 296, 2.0543988681052947, -1.948544529434752, -0.974732883338, 5, 68
1531497316744817018, 296, 2.052572829900619, -1.9474760673534532, -0.974370742329, 5, 193
1531497316744817018, 296, 2.0500088543592847, -1.9513655334999696, -0.976720062005, 5, 194
1531497316744817018, 296, 2.0543988681052947, -1.948544529434752, -0.974732883338, 5, 68
1531497317775739908, 296, 2.052572829900619, -1.9474760673534532, -0.974370742329, 5, 193
1531497317775739908, 296, 2.158026445473739, -1.8009649120028728, -0.437382254647, 5, 194
1531497317775739908, 296, 2.1616716359091273, -1.7998219637734474, -0.438358662461, 5, 68
1531497317136296987, 296, 2.0386498955942067, -1.9277348252927342, -0.57241828727, 15, 144
1531497317136296987, 296, 2.042360597726127, -1.918539251076991, -0.566431024821, 15, 194
1531497317136296987, 296, 2.038510954328206, -1.9605131388128478, -0.59642285196, 15, 195
1531497317775739908, 296, 2.052572829900619, -1.9474760673534532, -0.974370742329, 5, 193
1531497317775739908, 296, 2.158026445473739, -1.8009649120028728, -0.437382254647, 5, 194
1531497317775739908, 296, 2.1616716359091273, -1.7998219637734474, -0.438358662461, 5, 68
1531497317136296987, 296, 2.0386498955942067, -1.9277348252927342, -0.57241828727, 15, 144
1531497317136296987, 296, 2.042360597726127, -1.918539251076991, -0.566431024821, 15, 194
1531497317136296987, 296, 2.038510954328206, -1.9605131388128478, -0.59642285196, 15, 195
1531497317775739908, 296, 2.052572829900619, -1.9474760673534532, -0.974370742329, 5, 193
1531497317775739908, 296, 2.158026445473739, -1.8009649120028728, -0.437382254647, 5, 194
1531497317775739908, 296, 2.1616716359091273, -1.7998219637734474, -0.438358662461, 5, 68
1531497317136296987, 296, 2.0386498955942067, -1.9277348252927342, -0.57241828727, 15, 144
1531497317136296987, 296, 2.042360597726127, -1.918539251076991, -0.566431024821, 15, 194
1531497317136296987, 296, 2.038510954328206, -1.9605131388128478, -0.59642285196, 15, 195
1531497317775739908, 296, 2.052572829900619, -1.9474760673534532, -0.974370742329, 5, 193
1531497317775739908, 296, 2.158026445473739, -1.8009649120028728, -0.437382254647, 5, 194
1531497317775739908, 296, 2.1616716359091273, -1.7998219637734474, -0.438358662461, 5, 68
1531497317136296987, 296, 2.0386498955942067, -1.9277348252927342, -0.57241828727, 15, 144
1531497317136296987, 296, 2.042360597726127, -1.918539251076991, -0.566431024821, 15, 194
1531497317136296987, 296, 2.038510954328206, -1.9605131388128478, -0.59642285196, 15, 195
1531497317775739908, 296, 2.052572829900619, -1.9474760673534532, -0.974370742329, 5, 193
1531497317775739908, 296, 2.158026445473739, -1.8009649120028728, -0.437382254647, 5, 194
1531497317775739908, 296, 2.1616716359091273, -1.7998219637734474, -0.438358662461, 5, 68
1531497317136296987, 296, 2.0386498955942067, -1.9277348252927342, -0.57241828727, 15, 144
1531497317136296987, 296, 2.042360597726127, -1.918539251076991, -0.566431024821, 15, 194
1531497317136296987, 296, 2.038510954328206, -1.9605131388128478, -0.59642285196, 15, 195
1531497319323851108, 296, 2.179850462587551, -1.7576171922670765, -0.557129773106, 5, 193
1531497319323851108, 296, 2.1817687210643335, -1.7601753900098605, -0.55707920967, 5, 194
1531497319323851108, 296, 2.1844066428299524, -1.7556463118524026, -0.555197338139, 5, 68
1531497319323851108, 296, 2.179850462587551, -1.7576171922670765, -0.557129773106, 5, 193
1531497319323851108, 296, 2.1817687210643335, -1.7601753900098605, -0.55707920967, 5, 194
1531497319323851108, 296, 2.1844066428299524, -1.7556463118524026, -0.555197338139, 5, 68
1531497319323851108, 296, 2.179850462587551, -1.7576171922670765, -0.557129773106, 5, 193
1531497319323851108, 296, 2.1817687210643335, -1.7601753900098605, -0.55707920967, 5, 194
1531497319323851108, 296, 2.1844066428299524, -1.7556463118524026, -0.555197338139, 5, 68
1531497319323851108, 296, 2.179850462587551, -1.7576171922670765, -0.557129773106, 5, 193
1531497319323851108, 296, 2.1817687210643335, -1.7601753900098605, -0.55707920967, 5, 194
1531497319323851108, 296, 2.1844066428299524, -1.7556463118524026, -0.555197338139, 5, 68
1531497319843509912, 296, 2.183830208101618, -1.74780829321469, -0.5458563388, 5, 193
1531497319843509912, 296, 2.1817687210643335, -1.7601753900098605, -0.55707920967, 5, 194
1531497319843509912, 296, 2.1834725512999897, -1.753158924278052, -0.551264606227, 5, 68
1531497319843509912, 296, 2.183830208101618, -1.74780829321469, -0.5458563388, 5, 193
1531497319843509912, 296, 2.1817687210643335, -1.7601753900098605, -0.55707920967, 5, 194
1531497319843509912, 296, 2.1834725512999897, -1.753158924278052, -0.551264606227, 5, 68
1531497319843509912, 296, 2.183830208101618, -1.74780829321469, -0.5458563388, 5, 193
1531497319843509912, 296, 2.1817687210643335, -1.7601753900098605, -0.55707920967, 5, 194
1531497319843509912, 296, 2.1834725512999897, -1.753158924278052, -0.551264606227, 5, 68
1531497319843509912, 296, 2.183830208101618, -1.74780829321469, -0.5458563388, 5, 193
1531497319843509912, 296, 2.1817687210643335, -1.7601753900098605, -0.55707920967, 5, 194
1531497319843509912, 296, 2.1834725512999897, -1.753158924278052, -0.551264606227, 5, 68
1531497320876157045, 296, 2.1802034808251394, -1.7515627795921551, -0.551887428104, 5, 193
1531497320876157045, 296, 2.180230214548159, -1.7591789964023805, -0.556848876661, 5, 194
1531497320876157045, 296, 2.183633038570722, -1.752204967080399, -0.551306604424, 5, 68
1531497320876157045, 296, 2.1802034808251394, -1.7515627795921551, -0.551887428104, 5, 193
1531497320876157045, 296, 2.180230214548159, -1.7591789964023805, -0.556848876661, 5, 194
1531497320876157045, 296, 2.183633038570722, -1.752204967080399, -0.551306604424, 5, 68
1531497320876157045, 296, 2.1802034808251394, -1.7515627795921551, -0.551887428104, 5, 193
1531497320876157045, 296, 2.180230214548159, -1.7591789964023805, -0.556848876661, 5, 194
1531497320876157045, 296, 2.183633038570722, -1.752204967080399, -0.551306604424, 5, 68
1531497320876157045, 296, 2.1802034808251394, -1.7515627795921551, -0.551887428104, 5, 193
1531497320876157045, 296, 2.180230214548159, -1.7591789964023805, -0.556848876661, 5, 194
1531497320876157045, 296, 2.183633038570722, -1.752204967080399, -0.551306604424, 5, 68
1531497321376051902, 296, 2.183580671636559, -1.7524032746528198, -0.550403853372, 5, 193
1531497321376051902, 296, 2.183578548602605, -1.7602753004423917, -0.557503874763, 5, 194
1531497321376051902, 296, 2.183574806395203, -1.755059100205899, -0.552467572089, 5, 68
1531497321376051902, 296, 2.183580671636559, -1.7524032746528198, -0.550403853372, 5, 193
1531497321376051902, 296, 2.183578548602605, -1.7602753004423917, -0.557503874763, 5, 194
1531497321376051902, 296, 2.183574806395203, -1.755059100205899, -0.552467572089, 5, 68
1531497321376051902, 296, 2.183580671636559, -1.7524032746528198, -0.550403853372, 5, 193
1531497321376051902, 296, 2.183578548602605, -1.7602753004423917, -0.557503874763, 5, 194
1531497321376051902, 296, 2.183574806395203, -1.755059100205899, -0.552467572089, 5, 68
1531497321376051902, 296, 2.183580671636559, -1.7524032746528198, -0.550403853372, 5, 193
1531497321376051902, 296, 2.183578548602605, -1.7602753004423917, -0.557503874763, 5, 194
1531497321376051902, 296, 2.183574806395203, -1.755059100205899, -0.552467572089, 5, 68
1531497322408833980, 296, 2.1833628459076437, -1.7522018401909225, -0.542280087858, 5, 193
1531497322408833980, 296, 2.1844258590258443, -1.7586067950409294, -0.548071630358, 5, 194
1531497322408833980, 296, 2.1836710788759106, -1.7539066974274977, -0.543070715845, 5, 68
1531497322335021018, 296, 2.106763250270708, -1.8319176081723532, -0.568380689556, 15, 144
1531497322335021018, 296, 2.1061123344363852, -1.8243602374377654, -0.560929783276, 15, 194
1531497322335021018, 296, 2.100664354007591, -1.8416411407824451, -0.578759267722, 15, 195
1531497322335021018, 296, 2.0656310757026106, -1.8784909074248075, -0.555814585503, 15, 133
1531497322408833980, 296, 2.1833628459076437, -1.7522018401909225, -0.542280087858, 5, 193
1531497322408833980, 296, 2.1844258590258443, -1.7586067950409294, -0.548071630358, 5, 194
1531497322408833980, 296, 2.1836710788759106, -1.7539066974274977, -0.543070715845, 5, 68
1531497322335021018, 296, 2.106763250270708, -1.8319176081723532, -0.568380689556, 15, 144
1531497322335021018, 296, 2.1061123344363852, -1.8243602374377654, -0.560929783276, 15, 194
1531497322335021018, 296, 2.100664354007591, -1.8416411407824451, -0.578759267722, 15, 195
1531497322335021018, 296, 2.0656310757026106, -1.8784909074248075, -0.555814585503, 15, 133
1531497322408833980, 296, 2.1833628459076437, -1.7522018401909225, -0.542280087858, 5, 193
1531497322408833980, 296, 2.1844258590258443, -1.7586067950409294, -0.548071630358, 5, 194
1531497322408833980, 296, 2.1836710788759106, -1.7539066974274977, -0.543070715845, 5, 68
1531497322335021018, 296, 2.106763250270708, -1.8319176081723532, -0.568380689556, 15, 144
1531497322335021018, 296, 2.1061123344363852, -1.8243602374377654, -0.560929783276, 15, 194
1531497322335021018, 296, 2.100664354007591, -1.8416411407824451, -0.578759267722, 15, 195
1531497322335021018, 296, 2.0656310757026106, -1.8784909074248075, -0.555814585503, 15, 133
1531497322408833980, 296, 2.1833628459076437, -1.7522018401909225, -0.542280087858, 5, 193
1531497322408833980, 296, 2.1844258590258443, -1.7586067950409294, -0.548071630358, 5, 194
1531497322408833980, 296, 2.1836710788759106, -1.7539066974274977, -0.543070715845, 5, 68
1531497322335021018, 296, 2.106763250270708, -1.8319176081723532, -0.568380689556, 15, 144
1531497322335021018, 296, 2.1061123344363852, -1.8243602374377654, -0.560929783276, 15, 194
1531497322335021018, 296, 2.100664354007591, -1.8416411407824451, -0.578759267722, 15, 195
1531497322335021018, 296, 2.0656310757026106, -1.8784909074248075, -0.555814585503, 15, 133
1531497322917969942, 296, 2.1822518529191317, -1.7511497696345004, -0.544032584631, 5, 193
1531497322917969942, 296, 2.179916320282754, -1.7592688694196457, -0.55067725702, 5, 194
1531497322917969942, 296, 2.181942436143831, -1.754423747318349, -0.547986390821, 5, 68
1531497322917969942, 296, 2.1822518529191317, -1.7511497696345004, -0.544032584631, 5, 193
1531497322917969942, 296, 2.179916320282754, -1.7592688694196457, -0.55067725702, 5, 194
1531497322917969942, 296, 2.181942436143831, -1.754423747318349, -0.547986390821, 5, 68
1531497322917969942, 296, 2.1822518529191317, -1.7511497696345004, -0.544032584631, 5, 193
1531497322917969942, 296, 2.179916320282754, -1.7592688694196457, -0.55067725702, 5, 194
1531497322917969942, 296, 2.181942436143831, -1.754423747318349, -0.547986390821, 5, 68
1531497322917969942, 296, 2.1822518529191317, -1.7511497696345004, -0.544032584631, 5, 193
1531497322917969942, 296, 2.179916320282754, -1.7592688694196457, -0.55067725702, 5, 194
1531497322917969942, 296, 2.181942436143831, -1.754423747318349, -0.547986390821, 5, 68
1531497323976506948, 296, 2.182251852919132, -1.7511497696345006, -0.544032584631, 5, 193
1531497323976506948, 296, 2.133446788529539, -1.7560998265903398, -0.269720560523, 5, 194
1531497323976506948, 296, 2.1391409334416958, -1.753254192041112, -0.267865853555, 5, 68
1531497323897023916, 296, 2.0128055660378887, -1.8324165068468758, -0.282929682452, 15, 144
1531497323897023916, 296, 2.0135356249109466, -1.827848148196349, -0.278920477091, 15, 194
1531497323897023916, 296, 2.0724323583925712, -1.8345555832553928, -0.480945864087, 15, 195
1531497323897023916, 296, 2.0045547997667637, -1.845464845101207, -0.297759614907, 15, 133
1531497323976506948, 296, 2.182251852919132, -1.7511497696345006, -0.544032584631, 5, 193
1531497323976506948, 296, 2.133446788529539, -1.7560998265903398, -0.269720560523, 5, 194
1531497323976506948, 296, 2.1391409334416958, -1.753254192041112, -0.267865853555, 5, 68
1531497323897023916, 296, 2.0128055660378887, -1.8324165068468758, -0.282929682452, 15, 144
1531497323897023916, 296, 2.0135356249109466, -1.827848148196349, -0.278920477091, 15, 194
1531497323897023916, 296, 2.0724323583925712, -1.8345555832553928, -0.480945864087, 15, 195
1531497323897023916, 296, 2.0045547997667637, -1.845464845101207, -0.297759614907, 15, 133
1531497323976506948, 296, 2.182251852919132, -1.7511497696345006, -0.544032584631, 5, 193
1531497323976506948, 296, 2.133446788529539, -1.7560998265903398, -0.269720560523, 5, 194
1531497323976506948, 296, 2.1391409334416958, -1.753254192041112, -0.267865853555, 5, 68
1531497323897023916, 296, 2.0128055660378887, -1.8324165068468758, -0.282929682452, 15, 144
1531497323897023916, 296, 2.0135356249109466, -1.827848148196349, -0.278920477091, 15, 194
1531497323897023916, 296, 2.0724323583925712, -1.8345555832553928, -0.480945864087, 15, 195
1531497323897023916, 296, 2.0045547997667637, -1.845464845101207, -0.297759614907, 15, 133
1531497323976506948, 296, 2.182251852919132, -1.7511497696345006, -0.544032584631, 5, 193
1531497323976506948, 296, 2.133446788529539, -1.7560998265903398, -0.269720560523, 5, 194
1531497323976506948, 296, 2.1391409334416958, -1.753254192041112, -0.267865853555, 5, 68
1531497323897023916, 296, 2.0128055660378887, -1.8324165068468758, -0.282929682452, 15, 144
1531497323897023916, 296, 2.0135356249109466, -1.827848148196349, -0.278920477091, 15, 194
1531497323897023916, 296, 2.0724323583925712, -1.8345555832553928, -0.480945864087, 15, 195
1531497323897023916, 296, 2.0045547997667637, -1.845464845101207, -0.297759614907, 15, 133
1531497324976031064, 296, 2.137999581436251, -1.7523640136418734, -0.268089070271, 5, 193
1531497324976031064, 296, 2.133446788529539, -1.7560998265903398, -0.269720560523, 5, 194
1531497324976031064, 296, 2.1391409334416958, -1.753254192041112, -0.267865853555, 5, 68
1531497324976031064, 296, 2.137999581436251, -1.7523640136418734, -0.268089070271, 5, 193
1531497324976031064, 296, 2.133446788529539, -1.7560998265903398, -0.269720560523, 5, 194
1531497324976031064, 296, 2.1391409334416958, -1.753254192041112, -0.267865853555, 5, 68
1531497324976031064, 296, 2.137999581436251, -1.7523640136418734, -0.268089070271, 5, 193
1531497324976031064, 296, 2.133446788529539, -1.7560998265903398, -0.269720560523, 5, 194
1531497324976031064, 296, 2.1391409334416958, -1.753254192041112, -0.267865853555, 5, 68
1531497325505172967, 296, 1.9737176513312762, -1.558688098472053, 0.0733153518236, 5, 193
1531497325505172967, 296, 1.974806051366925, -1.5657615615251095, 0.0636778368204, 5, 194
1531497325505172967, 296, 1.974354663285679, -1.560843251514158, 0.0689191403949, 5, 68
1531497325505172967, 296, 1.9737176513312762, -1.558688098472053, 0.0733153518236, 5, 193
1531497325505172967, 296, 1.974806051366925, -1.5657615615251095, 0.0636778368204, 5, 194
1531497325505172967, 296, 1.974354663285679, -1.560843251514158, 0.0689191403949, 5, 68
1531497325505172967, 296, 1.9737176513312762, -1.558688098472053, 0.0733153518236, 5, 193
1531497325505172967, 296, 1.974806051366925, -1.5657615615251095, 0.0636778368204, 5, 194
1531497325505172967, 296, 1.974354663285679, -1.560843251514158, 0.0689191403949, 5, 68
1531497325505172967, 296, 1.9737176513312762, -1.558688098472053, 0.0733153518236, 5, 193
1531497325505172967, 296, 1.974806051366925, -1.5657615615251095, 0.0636778368204, 5, 194
1531497325505172967, 296, 1.974354663285679, -1.560843251514158, 0.0689191403949, 5, 68
1531497325505172967, 296, 1.9737176513312762, -1.558688098472053, 0.0733153518236, 5, 193
1531497325505172967, 296, 1.974806051366925, -1.5657615615251095, 0.0636778368204, 5, 194
1531497325505172967, 296, 1.974354663285679, -1.560843251514158, 0.0689191403949, 5, 68
1531497326537668943, 296, 2.0262070622059443, -1.322008971245784, -0.494149703568, 5, 193
1531497326537668943, 296, 2.029930697702051, -1.3266628225943058, -0.49452440255, 5, 194
1531497326537668943, 296, 2.0315073515582314, -1.3216994860433728, -0.490173009575, 5, 68
1531497326537668943, 296, 2.0262070622059443, -1.322008971245784, -0.494149703568, 5, 193
1531497326537668943, 296, 2.029930697702051, -1.3266628225943058, -0.49452440255, 5, 194
1531497326537668943, 296, 2.0315073515582314, -1.3216994860433728, -0.490173009575, 5, 68
1531497326537668943, 296, 2.0262070622059443, -1.322008971245784, -0.494149703568, 5, 193
1531497326537668943, 296, 2.029930697702051, -1.3266628225943058, -0.49452440255, 5, 194
1531497326537668943, 296, 2.0315073515582314, -1.3216994860433728, -0.490173009575, 5, 68
1531497326537668943, 296, 2.0262070622059443, -1.322008971245784, -0.494149703568, 5, 193
1531497326537668943, 296, 2.029930697702051, -1.3266628225943058, -0.49452440255, 5, 194
1531497326537668943, 296, 2.0315073515582314, -1.3216994860433728, -0.490173009575, 5, 68
1531497327039691925, 296, 2.095862228465867, -1.20557273080106, -0.271096780525, 5, 193
1531497327039691925, 296, 2.0991436292260857, -1.216426026294196, -0.281892746068, 5, 194
1531497327039691925, 296, 2.099350801610016, -1.2092626054228017, -0.276502067318, 5, 68
1531497327039691925, 296, 2.095862228465867, -1.20557273080106, -0.271096780525, 5, 193
1531497327039691925, 296, 2.0991436292260857, -1.216426026294196, -0.281892746068, 5, 194
1531497327039691925, 296, 2.099350801610016, -1.2092626054228017, -0.276502067318, 5, 68
1531497327039691925, 296, 2.095862228465867, -1.20557273080106, -0.271096780525, 5, 193
1531497327039691925, 296, 2.0991436292260857, -1.216426026294196, -0.281892746068, 5, 194
1531497327039691925, 296, 2.099350801610016, -1.2092626054228017, -0.276502067318, 5, 68
1531497328070403099, 296, 2.1406624079127594, -0.9861615868739256, -0.0227961282861, 5, 193
1531497328070403099, 296, 2.1433969071170713, -0.9948210368334387, -0.0278502449748, 5, 194
1531497328070403099, 296, 2.144432660617169, -0.98654332509494, -0.0232945275169, 5, 68
1531497328070403099, 296, 2.1406624079127594, -0.9861615868739256, -0.0227961282861, 5, 193
1531497328070403099, 296, 2.1433969071170713, -0.9948210368334387, -0.0278502449748, 5, 194
1531497328070403099, 296, 2.144432660617169, -0.98654332509494, -0.0232945275169, 5, 68
1531497328070403099, 296, 2.1406624079127594, -0.9861615868739256, -0.0227961282861, 5, 193
1531497328070403099, 296, 2.1433969071170713, -0.9948210368334387, -0.0278502449748, 5, 194
1531497328070403099, 296, 2.144432660617169, -0.98654332509494, -0.0232945275169, 5, 68
1531497328349293947, 296, 2.1477197789776574, -0.8972814409183612, 0.175838215737, 4, 16
1531497328349293947, 296, 2.217032770626272, -0.867491775322646, 0.280661995276, 4, 143
1531497328070403099, 296, 2.1406624079127594, -0.9861615868739256, -0.0227961282861, 5, 193
1531497328070403099, 296, 2.1433969071170713, -0.9948210368334387, -0.0278502449748, 5, 194
1531497328070403099, 296, 2.144432660617169, -0.98654332509494, -0.0232945275169, 5, 68
1531497328349293947, 296, 2.1477197789776574, -0.8972814409183612, 0.175838215737, 4, 16
1531497328349293947, 296, 2.217032770626272, -0.867491775322646, 0.280661995276, 4, 143
1531497328572359085, 296, 2.1447006864458933, -0.8704981843377334, 0.0757337798958, 5, 193
1531497328572359085, 296, 2.1521680505668357, -0.882324885552789, 0.0645753309619, 5, 194
1531497328572359085, 296, 2.1485857481397646, -0.8738021288326258, 0.0713211082372, 5, 68
1531497328349293947, 296, 2.1477197789776574, -0.8972814409183612, 0.175838215737, 4, 16
1531497328349293947, 296, 2.217032770626272, -0.867491775322646, 0.280661995276, 4, 143
1531497328572359085, 296, 2.1447006864458933, -0.8704981843377334, 0.0757337798958, 5, 193
1531497328572359085, 296, 2.1521680505668357, -0.882324885552789, 0.0645753309619, 5, 194
1531497328572359085, 296, 2.1485857481397646, -0.8738021288326258, 0.0713211082372, 5, 68
1531497328349293947, 296, 2.1477197789776574, -0.8972814409183612, 0.175838215737, 4, 16
1531497328349293947, 296, 2.217032770626272, -0.867491775322646, 0.280661995276, 4, 143
1531497328572359085, 296, 2.1447006864458933, -0.8704981843377334, 0.0757337798958, 5, 193
1531497328572359085, 296, 2.1521680505668357, -0.882324885552789, 0.0645753309619, 5, 194
1531497328572359085, 296, 2.1485857481397646, -0.8738021288326258, 0.0713211082372, 5, 68
1531497328884612083, 296, 2.1477197789776574, -0.8972814409183612, 0.175838215737, 4, 16
1531497328884612083, 296, 2.217032770626272, -0.867491775322646, 0.280661995276, 4, 143
1531497328572359085, 296, 2.1447006864458933, -0.8704981843377334, 0.0757337798958, 5, 193
1531497328572359085, 296, 2.1521680505668357, -0.882324885552789, 0.0645753309619, 5, 194
1531497328572359085, 296, 2.1485857481397646, -0.8738021288326258, 0.0713211082372, 5, 68
1531497328884612083, 296, 2.1477197789776574, -0.8972814409183612, 0.175838215737, 4, 16
1531497328884612083, 296, 2.217032770626272, -0.867491775322646, 0.280661995276, 4, 143
1531497328884612083, 296, 2.1477197789776574, -0.8972814409183612, 0.175838215737, 4, 16
1531497328884612083, 296, 2.217032770626272, -0.867491775322646, 0.280661995276, 4, 143
1531497329912408113, 296, 2.0555487319471295, -0.4957700094577666, 0.207522547532, 4, 16
1531497329912408113, 296, 2.09210553402306, -0.47539333819737384, 0.264743603216, 4, 143
1531497329912408113, 296, 2.0555487319471295, -0.4957700094577666, 0.207522547532, 4, 16
1531497329912408113, 296, 2.09210553402306, -0.47539333819737384, 0.264743603216, 4, 143
1531497329912408113, 296, 2.0555487319471295, -0.4957700094577666, 0.207522547532, 4, 16
1531497329912408113, 296, 2.09210553402306, -0.47539333819737384, 0.264743603216, 4, 143
1531497329912408113, 296, 2.0555487319471295, -0.4957700094577666, 0.207522547532, 4, 16
1531497329912408113, 296, 2.09210553402306, -0.47539333819737384, 0.264743603216, 4, 143
1531497330412493944, 296, 2.029346057615361, -0.3638295138380798, 0.53747007711, 4, 16
1531497330412493944, 296, 2.0617090725048364, -0.34022760365039756, 0.603444428721, 4, 143
1531497330412493944, 296, 2.029346057615361, -0.3638295138380798, 0.53747007711, 4, 16
1531497330412493944, 296, 2.0617090725048364, -0.34022760365039756, 0.603444428721, 4, 143
1531497330412493944, 296, 2.029346057615361, -0.3638295138380798, 0.53747007711, 4, 16
1531497330412493944, 296, 2.0617090725048364, -0.34022760365039756, 0.603444428721, 4, 143
1531497330412493944, 296, 2.029346057615361, -0.3638295138380798, 0.53747007711, 4, 16
1531497330412493944, 296, 2.0617090725048364, -0.34022760365039756, 0.603444428721, 4, 143
1531497331444789886, 296, 1.827610335715333, -0.23031617299902057, 1.42755859785, 4, 16
1531497331444789886, 296, 1.8519812089713399, -0.21924767527098243, 1.49978136581, 4, 143
1531497331444789886, 296, 1.827610335715333, -0.23031617299902057, 1.42755859785, 4, 16
1531497331444789886, 296, 1.8519812089713399, -0.21924767527098243, 1.49978136581, 4, 143
1531497331444789886, 296, 1.827610335715333, -0.23031617299902057, 1.42755859785, 4, 16
1531497331444789886, 296, 1.8519812089713399, -0.21924767527098243, 1.49978136581, 4, 143
1531497331444789886, 296, 1.827610335715333, -0.23031617299902057, 1.42755859785, 4, 16
1531497331444789886, 296, 1.8519812089713399, -0.21924767527098243, 1.49978136581, 4, 143
1531497331947240114, 296, 1.827610335715333, -0.23031617299902057, 1.42755859785, 4, 16
1531497331947240114, 296, 1.7227403103773518, -0.20485614888960568, 1.5287050107, 4, 143
1531497331947240114, 296, 1.827610335715333, -0.23031617299902057, 1.42755859785, 4, 16
1531497331947240114, 296, 1.7227403103773518, -0.20485614888960568, 1.5287050107, 4, 143
1531497331947240114, 296, 1.827610335715333, -0.23031617299902057, 1.42755859785, 4, 16
1531497331947240114, 296, 1.7227403103773518, -0.20485614888960568, 1.5287050107, 4, 143
1531497333013478994, 296, 1.700986637479024, -0.20879414586375095, 1.45751247205, 4, 16
1531497333013478994, 296, 1.7227403103773518, -0.20485614888960568, 1.5287050107, 4, 143
1531497333013478994, 296, 1.700986637479024, -0.20879414586375095, 1.45751247205, 4, 16
1531497333013478994, 296, 1.7227403103773518, -0.20485614888960568, 1.5287050107, 4, 143
1531497333013478994, 296, 1.700986637479024, -0.20879414586375095, 1.45751247205, 4, 16
1531497333013478994, 296, 1.7227403103773518, -0.20485614888960568, 1.5287050107, 4, 143
1531497333013478994, 296, 1.700986637479024, -0.20879414586375095, 1.45751247205, 4, 16
1531497333013478994, 296, 1.7227403103773518, -0.20485614888960568, 1.5287050107, 4, 143
1531497333548656940, 296, 1.2935207005717417, -0.18328380593016275, 1.5261750398, 4, 16
1531497333548656940, 296, 1.3188926843961992, -0.20596260713110176, 1.59643413268, 4, 143
1531497333548656940, 296, 1.2935207005717417, -0.18328380593016275, 1.5261750398, 4, 16
1531497333548656940, 296, 1.3188926843961992, -0.20596260713110176, 1.59643413268, 4, 143
1531497333548656940, 296, 1.2935207005717417, -0.18328380593016275, 1.5261750398, 4, 16
1531497333548656940, 296, 1.3188926843961992, -0.20596260713110176, 1.59643413268, 4, 143
1531497334213579893, 296, 1.0892649345366126, -0.20485577221139378, 1.55560612295, 2, 16
1531497334213579893, 296, 1.0891508523367477, -0.20783217805702708, 1.55286172187, 2, 57
1531497334213579893, 296, 1.0805819882926841, -0.2105894797639113, 1.54889943419, 2, 143
1531497334048479080, 296, 1.2935207005717417, -0.18328380593016275, 1.5261750398, 4, 16
1531497334048479080, 296, 1.3188926843961992, -0.20596260713110176, 1.59643413268, 4, 143
1531497334213579893, 296, 1.0892649345366126, -0.20485577221139378, 1.55560612295, 2, 16
1531497334213579893, 296, 1.0891508523367477, -0.20783217805702708, 1.55286172187, 2, 57
1531497334213579893, 296, 1.0805819882926841, -0.2105894797639113, 1.54889943419, 2, 143
1531497334048479080, 296, 1.2935207005717417, -0.18328380593016275, 1.5261750398, 4, 16
1531497334048479080, 296, 1.3188926843961992, -0.20596260713110176, 1.59643413268, 4, 143
1531497334213579893, 296, 1.0892649345366126, -0.20485577221139378, 1.55560612295, 2, 16
1531497334213579893, 296, 1.0891508523367477, -0.20783217805702708, 1.55286172187, 2, 57
1531497334213579893, 296, 1.0805819882926841, -0.2105894797639113, 1.54889943419, 2, 143
1531497334048479080, 296, 1.2935207005717417, -0.18328380593016275, 1.5261750398, 4, 16
1531497334048479080, 296, 1.3188926843961992, -0.20596260713110176, 1.59643413268, 4, 143
1531497334213579893, 296, 1.0892649345366126, -0.20485577221139378, 1.55560612295, 2, 16
1531497334213579893, 296, 1.0891508523367477, -0.20783217805702708, 1.55286172187, 2, 57
1531497334213579893, 296, 1.0805819882926841, -0.2105894797639113, 1.54889943419, 2, 143
1531497334048479080, 296, 1.2935207005717417, -0.18328380593016275, 1.5261750398, 4, 16
1531497334048479080, 296, 1.3188926843961992, -0.20596260713110176, 1.59643413268, 4, 143
1531497334715550899, 296, 0.9764736892741784, -0.19066545085584213, 1.55471811604, 2, 16
1531497334715550899, 296, 0.9761287148018822, -0.19098899395123525, 1.55500689595, 2, 57
1531497334715550899, 296, 1.0805819882926841, -0.2105894797639113, 1.54889943419, 2, 143
1531497335109951972, 296, 1.1712430747823304, -0.1898640569466455, 1.50642025059, 4, 16
1531497335109951972, 296, 1.3188926843961992, -0.20596260713110176, 1.59643413268, 4, 143
1531497334715550899, 296, 0.9764736892741784, -0.19066545085584213, 1.55471811604, 2, 16
1531497334715550899, 296, 0.9761287148018822, -0.19098899395123525, 1.55500689595, 2, 57
1531497334715550899, 296, 1.0805819882926841, -0.2105894797639113, 1.54889943419, 2, 143
1531497335109951972, 296, 1.1712430747823304, -0.1898640569466455, 1.50642025059, 4, 16
1531497335109951972, 296, 1.3188926843961992, -0.20596260713110176, 1.59643413268, 4, 143
1531497334715550899, 296, 0.9764736892741784, -0.19066545085584213, 1.55471811604, 2, 16
1531497334715550899, 296, 0.9761287148018822, -0.19098899395123525, 1.55500689595, 2, 57
1531497334715550899, 296, 1.0805819882926841, -0.2105894797639113, 1.54889943419, 2, 143
1531497335109951972, 296, 1.1712430747823304, -0.1898640569466455, 1.50642025059, 4, 16
1531497335109951972, 296, 1.3188926843961992, -0.20596260713110176, 1.59643413268, 4, 143
1531497334715550899, 296, 0.9764736892741784, -0.19066545085584213, 1.55471811604, 2, 16
1531497334715550899, 296, 0.9761287148018822, -0.19098899395123525, 1.55500689595, 2, 57
1531497334715550899, 296, 1.0805819882926841, -0.2105894797639113, 1.54889943419, 2, 143
1531497335109951972, 296, 1.1712430747823304, -0.1898640569466455, 1.50642025059, 4, 16
1531497335109951972, 296, 1.3188926843961992, -0.20596260713110176, 1.59643413268, 4, 143
1531497335248708963, 296, 0.9764736892741785, -0.19066545085584197, 1.55471811604, 2, 16
1531497335248708963, 296, 0.8497427275255316, -0.18579252305735322, 1.58335041949, 2, 57
1531497335248708963, 296, 0.8405120565490629, -0.1883663624328904, 1.58004069425, 2, 143
1531497335248708963, 296, 0.9764736892741785, -0.19066545085584197, 1.55471811604, 2, 16
1531497335248708963, 296, 0.8497427275255316, -0.18579252305735322, 1.58335041949, 2, 57
1531497335248708963, 296, 0.8405120565490629, -0.1883663624328904, 1.58004069425, 2, 143
1531497335248708963, 296, 0.9764736892741785, -0.19066545085584197, 1.55471811604, 2, 16
1531497335248708963, 296, 0.8497427275255316, -0.18579252305735322, 1.58335041949, 2, 57
1531497335248708963, 296, 0.8405120565490629, -0.1883663624328904, 1.58004069425, 2, 143
1531497335248708963, 296, 0.9764736892741785, -0.19066545085584197, 1.55471811604, 2, 16
1531497335248708963, 296, 0.8497427275255316, -0.18579252305735322, 1.58335041949, 2, 57
1531497335248708963, 296, 0.8405120565490629, -0.1883663624328904, 1.58004069425, 2, 143
1531497335248708963, 296, 0.9764736892741785, -0.19066545085584197, 1.55471811604, 2, 16
1531497335248708963, 296, 0.8497427275255316, -0.18579252305735322, 1.58335041949, 2, 57
1531497335248708963, 296, 0.8405120565490629, -0.1883663624328904, 1.58004069425, 2, 143
1531497335248708963, 296, 0.9764736892741785, -0.19066545085584197, 1.55471811604, 2, 16
1531497335248708963, 296, 0.8497427275255316, -0.18579252305735322, 1.58335041949, 2, 57
1531497335248708963, 296, 0.8405120565490629, -0.1883663624328904, 1.58004069425, 2, 143
1531497336283797979, 296, 0.8502945902961547, -0.1819994899665378, 1.58142518549, 2, 16
1531497336283797979, 296, 0.5926799917120247, -0.17977289720346118, 1.57952879313, 2, 57
1531497336283797979, 296, 0.585762483406994, -0.17436910295560626, 1.57110905054, 2, 143
1531497336783346891, 296, 0.4736269902180915, -0.18279764171505952, 1.75212289186, 2, 16
1531497336783346891, 296, 0.471722281246732, -0.18669323307351565, 1.75401722408, 2, 57
1531497336783346891, 296, 0.46684190818412485, -0.1806576844346749, 1.74669229702, 2, 143
1531497336783346891, 296, 0.4736269902180915, -0.18279764171505952, 1.75212289186, 2, 16
1531497336783346891, 296, 0.471722281246732, -0.18669323307351565, 1.75401722408, 2, 57
1531497336783346891, 296, 0.46684190818412485, -0.1806576844346749, 1.74669229702, 2, 143
1531497336783346891, 296, 0.4736269902180915, -0.18279764171505952, 1.75212289186, 2, 16
1531497336783346891, 296, 0.471722281246732, -0.18669323307351565, 1.75401722408, 2, 57
1531497336783346891, 296, 0.46684190818412485, -0.1806576844346749, 1.74669229702, 2, 143
1531497337845247983, 296, 0.4736269902180915, -0.18279764171505952, 1.75212289186, 2, 16
1531497337845247983, 296, 0.471722281246732, -0.18669323307351565, 1.75401722408, 2, 57
1531497337845247983, 296, 0.2237374955232342, -0.31403325639899815, 2.45702447323, 2, 143
