0.063692,57.389055,54.335829,1.55032,0.781
0.114125,57.419273,54.407246,1.551018,0.78
0.163193,57.375258,54.364876,1.551743,0.763
0.213682,57.447246,54.363555,1.552446,0.796
0.264061,57.404052,54.364316,1.55318,0.812
0.314013,57.447984,54.406772,1.553718,0.805
0.36359,57.404076,54.364292,1.554283,0.771
0.41404,57.404765,54.407486,1.554858,0.763
0.463193,57.404322,54.378689,1.555411,0.791
0.514488,57.404322,54.378689,1.555885,0.784
0.564092,57.404322,54.378689,1.555995,0.771
0.613078,57.447517,54.378042,1.555819,0.774
0.663573,57.404322,54.378702,1.555527,0.793
0.71266,57.448159,54.421255,1.555925,0.797
0.763061,57.404964,54.421907,1.555703,0.775
0.813538,57.404964,54.421907,1.555974,0.779
0.862633,57.404345,54.378711,1.556452,0.797
0.913061,57.404761,54.407508,1.556354,0.777
0.963523,57.477834,54.478418,1.555773,0.789
1.012623,57.44839,54.435655,1.555817,0.782
1.062964,57.405609,54.465072,1.556431,0.774
1.113487,57.406567,54.537066,1.557483,0.785
1.162765,57.406567,54.537066,1.560541,0.79
1.213029,57.479011,54.608619,1.564612,0.769
1.263355,57.474291,54.651828,1.568941,0.762
1.312538,57.43087,54.699628,1.575406,0.773
1.363045,57.387674,54.699071,1.583709,0.785
1.411996,57.458102,54.772609,1.592402,0.786
1.462471,57.427904,54.814844,1.603508,0.787
1.512922,57.384747,54.812925,1.61525,0.796
1.56204,57.369048,54.892165,1.627284,0.806
1.612474,57.440319,54.974121,1.640418,0.791
1.661502,57.39488,54.999239,1.653822,0.8
1.712037,57.472035,55.098383,1.667853,0.787
1.762358,57.458741,55.217644,1.681808,0.772
1.811506,57.382531,55.208146,1.694782,0.792
1.861885,57.401056,55.283447,1.710073,0.806
1.911025,57.443744,55.290079,1.724913,0.779
1.961478,57.442293,55.443955,1.736828,0.781
2.011926,57.395072,55.435343,1.751187,0.776
2.061024,57.385785,55.482436,1.76551,0.796
2.112061,57.375789,55.529384,1.780584,0.778
2.161813,57.344728,55.601083,1.794258,0.797
2.211005,57.295627,55.66825,1.807248,0.786
2.261366,57.302329,55.719511,1.821304,0.79
2.310451,57.351926,55.812368,1.833375,0.802
2.360931,57.300267,55.877588,1.845893,0.794
2.411369,57.274365,55.965032,1.85878,0.792
2.460464,57.253156,56.033838,1.869793,0.804
2.510902,57.244319,56.061248,1.88267,0.791
2.561331,57.269985,56.120506,1.894886,0.807
2.610407,57.203864,56.178751,1.90705,0.801
2.660811,57.172638,56.264439,1.920257,0.799
2.711228,57.174221,56.341969,1.930888,0.793
2.760371,57.107845,56.393394,1.942012,0.799
2.810807,57.163832,56.44705,1.95442,0.792
2.861214,57.109518,56.502397,1.966262,0.808
2.910327,57.090581,56.546504,1.976337,0.805
2.960789,57.053703,56.629915,1.987088,0.799
3.01115,57.041746,56.656116,1.998918,0.81
3.060298,57.011105,56.721271,2.010384,0.792
3.110725,56.992238,56.760133,2.022759,0.796
3.161122,56.979347,56.785887,2.034901,0.771
3.21023,56.94414,56.854141,2.047022,0.78
3.260701,56.968776,56.899844,2.059181,0.786
3.311112,56.925045,56.979875,2.070892,0.783
3.360281,56.910925,57.004976,2.083219,0.794
3.410651,56.859109,57.00827,2.095317,0.805
3.461102,56.812472,57.086643,2.107576,0.809
3.510176,56.822009,57.12624,2.119845,0.795
3.560588,56.776126,57.154074,2.132669,0.797
3.61115,56.734479,57.218602,2.143936,0.779
3.660137,56.75384,57.265821,2.148624,0.777
3.71062,56.706023,57.337786,2.170335,0.802
3.761035,56.748818,57.350073,2.175484,0.783
3.810135,56.636215,57.434733,2.196687,0.791
3.860586,56.619023,57.457838,2.210491,0.782
3.911268,56.589845,57.495952,2.224186,0.775
3.960168,56.568152,57.521641,2.229946,0.761
4.010503,56.484566,57.626891,2.253409,0.762
4.060998,56.438313,57.682069,2.268432,0.75
4.110033,56.512469,57.726674,2.275266,0.755
4.160725,56.382803,57.76616,2.299518,0.764
4.210909,56.353091,57.79753,2.307139,0.759
4.259967,56.294409,57.860949,2.330497,0.74
4.310388,56.210313,57.946551,2.347318,0.752
4.360826,56.210313,57.946551,2.364153,0.731
4.409982,56.193184,57.961053,2.372066,0.764
4.460374,56.105522,58.043,2.389872,0.753
4.510906,56.118262,58.12859,2.405828,0.748
4.559918,55.967874,58.138639,2.425005,0.781
4.610328,56.004422,58.22702,2.443605,0.775
4.660801,55.892921,58.279906,2.463157,0.777
4.709984,55.803213,58.313064,2.481669,0.77
4.76034,55.790442,58.376366,2.502682,0.795
4.810819,55.692547,58.445768,2.524892,0.759
4.85985,55.677006,58.508447,2.546658,0.768
4.91027,55.553407,58.543882,2.572123,0.757
4.960685,55.475476,58.591255,2.595397,0.774
5.011208,55.368751,58.652802,2.618491,0.765
5.060258,55.326536,58.675647,2.645569,0.787
5.110636,55.206355,58.817245,2.672665,0.799
5.159743,55.134027,58.85143,2.70008,0.796
5.210214,55.016909,58.903078,2.726256,0.806
5.260658,54.874828,58.893554,2.754923,0.802
5.311093,54.770259,58.979086,2.781499,0.776
5.360205,54.581127,59.044117,2.810416,0.808
5.410656,54.504732,59.067862,2.840241,0.848
5.461132,54.312197,59.121993,2.86752,0.813
5.510129,54.142547,59.149116,2.899139,0.828
5.560561,54.012755,59.269846,2.932773,0.811
5.611053,53.863119,59.296546,2.965018,0.83
5.660091,53.714027,59.361538,2.999348,0.824
5.710483,53.515096,59.382194,3.038129,0.821
5.760923,53.315509,59.395042,3.07731,0.787
5.810094,53.187549,59.398246,3.116555,0.787
5.86045,52.98685,59.438072,-3.124752,0.795
5.909577,52.875772,59.387334,-3.093089,0.798
5.96011,52.586362,59.403869,-3.039216,0.779
6.010418,52.433152,59.365598,-3.002621,0.773
6.059539,52.303145,59.389693,-2.953332,0.795
6.109945,52.056627,59.374165,-2.902887,0.803
6.160396,51.952244,59.343478,-2.855663,0.781
6.20947,51.73968,59.34415,-2.799198,0.817
6.259939,51.594879,59.283992,-2.747834,0.782
6.309011,51.369905,59.223973,-2.694268,0.784
6.359486,51.214825,59.090494,-2.643647,0.778
6.409928,51.021856,59.022456,-2.589886,0.759
6.459043,50.832647,58.944571,-2.538364,0.779
6.50946,50.67401,58.822775,-2.486815,0.749
6.559832,50.494123,58.725271,-2.432159,0.776
6.609129,50.379253,58.555945,-2.379608,0.794
6.659362,50.180442,58.409363,-2.330475,0.78
6.708538,50.036806,58.306677,-2.273759,0.766
6.758926,49.855267,58.139177,-2.220595,0.805
6.80939,49.742324,57.97412,-2.170885,0.773
6.858482,49.589798,57.726061,-2.122087,0.748
6.90888,49.492309,57.639225,-2.076666,0.793
6.959295,49.351103,57.454086,-2.035767,0.779
7.009818,49.249234,57.233249,-2.002993,0.801
7.058827,49.171938,57.04879,-1.967607,0.801
7.109428,49.046992,56.805475,-1.939709,0.795
7.159683,48.968729,56.590477,-1.919905,0.803
7.210196,48.888678,56.355752,-1.899469,0.802
7.260672,48.779285,56.176085,-1.887487,0.809
7.31102,48.745853,55.937709,-1.890586,0.812
7.361472,48.56731,55.634985,-1.897349,0.786
7.411909,48.433783,55.394109,-1.919457,0.767
7.462375,48.46786,55.232585,-1.94819,0.784
7.513324,48.379391,54.913505,-1.982909,0.776
7.563184,48.27381,54.694419,-2.019874,0.785
7.61356,48.180577,54.426886,-2.059204,0.791
7.665314,48.006336,54.130278,-2.101934,0.807
7.715744,47.845786,53.961638,-2.14501,0.8
7.766208,47.730316,53.798339,-2.186273,0.801
7.816603,47.554863,53.525385,-2.230966,0.811
7.867066,47.348268,53.281011,-2.272617,0.796
7.91746,47.229121,53.151473,-2.314431,0.802
7.967982,46.978125,52.837042,-2.352054,0.793
8.018343,46.845773,52.770225,-2.396147,0.804
8.068819,46.571063,52.439326,-2.431885,0.817
8.11922,46.348584,52.258971,-2.460388,0.791
8.169634,46.135757,52.152545,-2.482023,0.773
8.220057,45.838651,51.880865,-2.518767,0.805
8.26926,45.584704,51.761779,-2.536568,0.793
8.31959,45.314289,51.584765,-2.561992,0.757
8.370119,45.148759,51.429437,-2.593833,0.803
8.420489,44.827668,51.243185,-2.615963,0.783
8.470881,44.536476,51.131692,-2.636935,0.776
8.521306,44.204016,50.905115,-2.650962,0.788
8.570395,43.9125,50.754775,-2.665449,0.803
8.620878,43.651348,50.704581,-2.677539,0.805
8.671495,43.311611,50.587313,-2.688736,0.805
8.720366,42.993877,50.380614,-2.691809,0.784
8.770836,42.671698,50.227293,-2.69742,0.78
8.821326,42.336179,50.06849,-2.689484,0.802
8.870342,41.997893,49.947966,-2.689886,0.82
8.920813,41.703673,49.802987,-2.683757,0.826
8.971307,41.339984,49.667769,-2.674064,0.782
9.020287,40.989282,49.454204,-2.664806,0.819
9.070752,40.722012,49.360221,-2.650379,0.826
9.119811,40.434431,49.202484,-2.639905,0.832
9.170272,40.10257,49.064495,-2.627045,0.797
9.219344,39.816873,48.846436,-2.610155,0.806
9.269771,39.416244,48.652043,-2.592673,0.799
9.32021,39.139873,48.475398,-2.572876,0.807
9.369338,38.907408,48.319321,-2.550321,0.805
9.419741,38.58087,48.088296,-2.525852,0.788
9.468925,38.310525,47.98241,-2.500586,0.763
9.519304,38.029831,47.762143,-2.476236,0.807
9.56838,37.697862,47.581119,-2.450776,0.85
9.618808,37.422664,47.287636,-2.431634,0.811
9.667926,37.136376,47.127563,-2.410452,0.822
9.718423,36.988459,46.929742,-2.388643,0.82
9.767633,36.737348,46.744901,-2.368057,0.818
9.817944,36.492831,46.536475,-2.345949,0.821
9.867025,36.326765,46.358801,-2.322439,0.828
9.917479,36.193763,46.209434,-2.298301,0.851
9.967841,35.967084,45.940137,-2.270479,0.811
10.016942,35.781863,45.776718,-2.24285,0.79
10.067399,35.599611,45.676028,-2.224363,0.816
10.116537,35.503044,45.393384,-2.183609,0.771
10.166911,35.260636,45.221065,-2.1491,0.729
10.216043,35.203288,44.98816,-2.117095,0.756
10.266466,35.059512,44.906045,-2.09145,0.8
10.315609,34.905712,44.582423,-2.045051,0.745
10.365974,34.825585,44.51084,-2.022325,0.746
10.415136,34.712716,44.254596,-1.9857,0.826
10.46556,34.602217,44.052189,-1.945288,0.773
10.514711,34.520952,43.817881,-1.904644,0.826
10.565061,34.408267,43.607703,-1.860281,0.774
10.614166,34.294672,43.350762,-1.815361,0.753
10.664628,34.221566,43.132052,-1.768167,0.744
10.713742,34.184225,42.886879,-1.721939,0.761
10.764138,34.07689,42.552216,-1.674832,0.79
10.813236,34.065366,42.352548,-1.628449,0.754
10.863651,34.063322,42.152559,-1.581015,0.754
10.912781,34.000968,41.878187,-1.535491,0.747
10.963251,33.951973,41.601117,-1.487048,0.727
11.013647,33.940661,41.354369,-1.440811,0.758
11.062719,34.022797,41.165801,-1.395549,0.79
11.113156,34.055527,40.889439,-1.349239,0.768
11.1623,34.087908,40.661118,-1.3047,0.769
11.212654,34.117279,40.334436,-1.259815,0.777
11.2618,34.21417,40.157118,-1.213721,0.722
11.312195,34.277231,39.935302,-1.168592,0.694
11.362728,34.345642,39.693042,-1.123113,0.804
11.412014,34.434604,39.530143,-1.085508,0.81
11.462193,34.557528,39.320295,-1.0409,0.809
11.511285,34.640191,39.032308,-0.988889,0.787
11.561885,34.817835,38.860683,-0.943966,0.826
11.612114,34.999595,38.633173,-0.896721,0.769
11.661331,35.131467,38.482808,-0.850827,0.811
11.711677,35.231155,38.381106,-0.8131,0.77
11.762144,35.426327,38.066653,-0.756742,0.778
11.81123,35.513286,37.99354,-0.717542,0.774
11.861706,35.684736,37.741113,-0.670654,0.748
11.912074,35.82245,37.589782,-0.619742,0.781
11.961261,36.066548,37.466374,-0.573579,0.718
12.011668,36.255359,37.250384,-0.528925,0.73
12.060714,36.513487,37.22151,-0.470166,0.77
12.111099,36.640023,37.085561,-0.423141,0.703
12.161572,36.853435,36.870499,-0.370486,0.725
12.210778,37.13446,36.85659,-0.308227,0.726
12.261064,37.321088,36.779134,-0.250375,0.745
12.311605,37.484757,36.652733,-0.200894,0.752
12.360636,37.781867,36.673143,-0.142506,0.755
12.411035,38.002119,36.562889,-0.084811,0.794
12.461534,38.294484,36.597338,-0.029988,0.803
12.511891,38.538837,36.561227,0.029075,0.785
12.561014,38.781089,36.582671,0.088293,0.813
12.611503,38.961509,36.531131,0.143427,0.726
12.661866,39.268756,36.640327,0.208603,0.79
12.710988,39.510542,36.623336,0.266205,0.819
12.761392,39.677114,36.536557,0.317164,0.745
12.811856,39.95461,36.675059,0.369942,0.788
12.862302,40.156432,36.815395,0.417792,0.768
12.91144,40.404456,36.811034,0.476494,0.728
12.961819,40.70827,36.988801,0.529404,0.78
13.012303,40.875715,37.098172,0.578604,0.747
13.06266,41.077862,37.209148,0.627282,0.816
13.113116,41.294958,37.380867,0.669218,0.764
13.16218,41.414102,37.446211,0.715211,0.795
13.212669,41.784996,37.699289,0.759827,0.754
13.263058,41.904187,37.822183,0.800697,0.73
13.313527,42.07605,38.01407,0.840389,0.751
13.363964,42.2549,38.163162,0.881519,0.778
13.41447,42.424603,38.385875,0.91967,0.764
13.463463,42.651402,38.656607,0.95511,0.751
13.513953,42.823902,38.839948,0.98832,0.715
13.564285,42.946967,39.038503,1.01594,0.759
13.614783,43.112965,39.321396,1.040151,0.75
13.665168,43.274645,39.551806,1.061421,0.75
13.715653,43.514184,39.937135,1.07813,0.737
13.766124,43.586661,40.07618,1.090297,0.757
13.816556,43.793938,40.387133,1.098707,0.729
13.866963,43.87687,40.648102,1.104681,0.76
13.917412,44.134691,40.998218,1.102422,0.783
13.967908,44.205237,41.228357,1.092907,0.735
14.018209,44.313277,41.520848,1.077967,0.725
14.068637,44.50545,41.805693,1.061199,0.772
14.119055,44.744857,42.212471,1.038842,0.793
14.170864,44.899094,42.45947,1.012597,0.776
14.221209,45.12177,42.791758,0.9804,0.756
14.271845,45.309165,43.051148,0.945164,0.772
14.322063,45.481207,43.272059,0.909126,0.776
14.372536,45.659599,43.550674,0.870332,0.809
14.422924,45.871448,43.781898,0.829097,0.774
14.473403,46.123467,44.095855,0.776501,0.764
14.523819,46.353792,44.301543,0.728952,0.815
14.574212,46.62961,44.527886,0.687192,0.796
14.624645,46.926682,44.838865,0.640058,0.816
14.676457,47.139274,44.929919,0.592565,0.786
14.726826,47.456932,45.121967,0.543777,0.776
14.777458,47.719865,45.314816,0.499951,0.819
14.82796,48.010281,45.456651,0.454313,0.809
14.878128,48.380611,45.572448,0.414623,0.767
14.927274,48.640583,45.758623,0.378919,0.82
14.977703,49.055908,45.955521,0.348573,0.798
15.028083,49.313666,46.042384,0.325044,0.788
15.078508,49.668058,46.231522,0.310028,0.805
15.128938,49.976997,46.278622,0.3055,0.786
15.179646,50.283042,46.258647,0.308074,0.792
15.228489,50.548762,46.346923,0.320744,0.796
15.277626,51.011404,46.584614,0.345336,0.781
15.328009,51.322916,46.675433,0.372555,0.79
15.377133,51.649787,46.734962,0.403131,0.79
15.427623,51.88675,46.798878,0.440398,0.804
15.476649,52.299613,46.935249,0.485382,0.792
15.525751,52.566332,47.090872,0.528178,0.819
15.576179,52.857469,47.244667,0.573578,0.804
15.625381,53.17664,47.436367,0.618304,0.795
15.675731,53.510269,47.580981,0.662529,0.801
15.72482,53.75292,47.789596,0.710115,0.859
15.775256,53.9899,47.946264,0.753919,0.813
15.824409,54.243379,48.163826,0.795619,0.788
15.873483,54.505102,48.350565,0.833499,0.771
15.929074,54.780426,48.697684,0.877522,0.775
15.974309,55.077578,48.963294,0.911055,0.788
16.023603,55.254453,49.135711,0.948435,0.771
16.07393,55.416935,49.456292,0.981205,0.796
16.123041,55.639373,49.727166,1.020648,0.78
16.173381,55.840519,50.023268,1.054634,0.75
16.222499,56.051103,50.331991,1.088034,0.776
16.272954,56.245317,50.641929,1.129417,0.771
16.322036,56.395598,50.92591,1.173824,0.747
16.372482,56.577959,51.16234,1.212385,0.778
16.421541,56.652737,51.447448,1.265419,0.765
16.472012,56.932192,51.882537,1.327479,0.74
16.521076,57.033976,52.199212,1.399181,0.749
16.571539,57.058768,52.439543,1.454843,0.735
16.620663,57.182105,52.786716,1.529218,0.762
16.671076,57.25299,53.069162,1.603206,0.757
16.720182,57.343004,53.437384,1.675486,0.772
16.769273,57.332014,53.768695,1.749266,0.763
16.819809,57.36393,54.146414,1.830944,0.769
16.868849,57.345834,54.437056,1.911277,0.795
16.919235,57.353551,54.845761,1.984053,0.798
16.968383,57.293426,55.13069,2.057061,0.781
17.018737,57.19659,55.490921,2.129381,0.792
17.067904,57.050395,55.779593,2.188472,0.778
17.118292,56.911067,56.02264,2.24614,0.77
17.168734,56.845318,56.277716,2.296429,0.783
17.217831,56.643444,56.608788,2.352107,0.768
17.268285,56.490134,56.728628,2.38975,0.755
17.318689,56.301303,56.955442,2.428431,0.77
17.369141,56.134968,57.272699,2.467377,0.749
17.418199,55.872339,57.407338,2.504506,0.735
17.468657,55.640461,57.615799,2.548316,0.772
17.519057,55.391499,57.766848,2.596252,0.735
17.568255,55.081945,57.934419,2.645428,0.756
17.618593,54.854787,58.100669,2.692701,0.755
17.669084,54.588506,58.264241,2.744944,0.759
17.719496,54.354784,58.432741,2.798302,0.771
17.768595,54.108295,58.583827,2.843392,0.795
17.819004,53.814329,58.610007,2.889404,0.795
17.869407,53.588615,58.740227,2.930356,0.813
17.919859,53.272729,58.791372,2.981073,0.83
17.969008,53.00128,58.89087,3.041949,0.79
18.019376,52.753422,58.899269,3.107718,0.795
18.068553,52.4428,58.933547,-3.097295,0.82
18.118937,52.082161,58.980034,-3.01627,0.772
18.168205,51.806164,58.969368,-2.928293,0.772
18.218455,51.518117,58.962472,-2.836307,0.77
18.267556,51.230308,59.004585,-2.737033,0.783
18.317979,50.936797,58.897287,-2.636908,0.776
18.367079,50.651183,58.90641,-2.531143,0.778
18.417525,50.385416,58.712035,-2.422539,0.746
18.466618,50.161379,58.697339,-2.318438,0.753
18.517057,49.906505,58.505641,-2.206719,0.753
18.56917,49.633623,58.43124,-2.090014,0.756
18.616587,49.477782,58.271937,-1.978036,0.749
18.665679,49.204749,58.066823,-1.871601,0.763
18.716138,49.048192,57.938526,-1.770463,0.799
18.766546,48.851965,57.741414,-1.690882,0.777
18.815657,48.624044,57.435465,-1.628578,0.823
18.866081,48.621701,57.32669,-1.592333,0.784
18.917834,48.512581,57.098043,-1.572197,0.825
18.96827,48.440843,56.825974,-1.569832,0.83
19.018694,48.389619,56.626775,-1.586948,0.824
19.069131,48.406431,56.425413,-1.630517,0.799
19.120891,48.450407,56.098509,-1.682054,0.803
19.171309,48.42411,55.929341,-1.725011,0.82
19.2231,48.390633,55.761446,-1.767612,0.782
19.273529,48.331863,55.52051,-1.810048,0.798
19.323952,48.254583,55.254716,-1.853745,0.815
19.374378,48.191141,55.065045,-1.893582,0.819
19.426106,48.120378,54.877982,-1.932444,0.785
19.476541,48.023966,54.64949,-1.970081,0.8
19.526962,47.908859,54.403047,-2.007759,0.813
19.577418,47.876086,54.243298,-2.055749,0.76
19.627903,47.710219,53.985775,-2.086798,0.797
19.679623,47.545445,53.801758,-2.125283,0.769
19.730034,47.43355,53.56024,-2.177662,0.775
19.780458,47.396673,53.463751,-2.218417,0.807
19.830879,47.233873,53.197818,-2.259121,0.808
19.881302,47.052438,52.995173,-2.301025,0.796
19.931763,46.841723,52.840825,-2.343232,0.816
19.982224,46.756772,52.660784,-2.381728,0.83
20.03262,46.530149,52.499261,-2.418693,0.807
20.083036,46.32002,52.326547,-2.453615,0.81
20.133472,46.149086,52.103054,-2.482493,0.797
20.182595,45.901199,51.981233,-2.510146,0.777
20.233018,45.744468,51.873124,-2.537761,0.801
20.283577,45.47362,51.696773,-2.564441,0.818
20.333874,45.262571,51.566534,-2.588694,0.802
20.384318,45.07366,51.506036,-2.612123,0.777
20.433392,44.707115,51.253178,-2.634884,0.813
20.483874,44.530376,51.159566,-2.654495,0.786
20.53424,44.27391,51.078111,-2.672827,0.797
20.584714,43.995941,50.94361,-2.690931,0.809
20.63379,43.749527,50.828439,-2.704372,0.805
20.684239,43.428801,50.636631,-2.718472,0.808
20.733312,43.158051,50.564667,-2.726983,0.815
20.783779,42.908881,50.455587,-2.728951,0.811
20.834168,42.598406,50.366866,-2.729065,0.812
20.883286,42.327426,50.200172,-2.726314,0.825
20.93371,42.0719,50.085687,-2.720372,0.808
20.98283,41.766094,49.977196,-2.711797,0.811
21.033238,41.500664,49.883515,-2.699807,0.821
21.082361,41.160893,49.766349,-2.689033,0.791
21.132787,40.855294,49.565376,-2.678256,0.831
21.181905,40.589554,49.476681,-2.664631,0.834
21.232341,40.342439,49.345022,-2.652061,0.821
21.281461,40.020378,49.249919,-2.638375,0.806
21.330501,39.777312,49.110927,-2.622143,0.825
21.380954,39.488833,48.907178,-2.608294,0.828
21.43004,39.252569,48.762964,-2.593568,0.781
21.480462,38.953649,48.631022,-2.578479,0.815
21.529633,38.683254,48.453977,-2.561876,0.851
21.58002,38.41807,48.274874,-2.547573,0.818
21.629097,38.237544,48.20052,-2.527778,0.795
21.679537,37.949808,47.989535,-2.508892,0.816
21.728655,37.735183,47.790631,-2.492774,0.82
21.777785,37.537526,47.671843,-2.475235,0.78
21.828263,37.356334,47.524404,-2.458543,0.769
21.877312,37.148169,47.349329,-2.442324,0.855
21.927736,36.956833,47.220607,-2.424174,0.819
21.976837,36.724734,47.107389,-2.405197,0.803
22.027258,36.573801,46.926785,-2.389606,0.832
22.077395,36.37432,46.672869,-2.370896,0.849
22.126799,36.199405,46.564662,-2.352045,0.782
22.175878,36.011468,46.368031,-2.333589,0.782
22.226312,35.895566,46.242031,-2.314476,0.838
22.275405,35.759598,46.152783,-2.291899,0.794
22.324521,35.59341,46.088312,-2.280055,0.749
22.37493,35.461196,45.882169,-2.258955,0.812
22.424349,35.370296,45.626562,-2.227279,0.813
22.474493,35.271664,45.611555,-2.211685,0.764
22.523699,35.095349,45.438565,-2.189915,0.814
22.574026,35.047503,45.3164,-2.165402,0.805
22.623135,34.926296,45.207951,-2.142849,0.837
22.672288,34.821678,45.037495,-2.121269,0.846
22.722658,34.735799,44.889393,-2.096278,0.847
22.771779,34.72094,44.773277,-2.076038,0.849
22.822176,34.569312,44.578286,-2.055939,0.822
22.87129,34.547845,44.535354,-2.034462,0.838
22.921702,34.366337,44.320359,-2.013167,0.829
22.970814,34.416569,44.209931,-1.994612,0.824
23.021367,34.386492,44.139266,-1.973196,0.793
23.07037,34.327656,43.993923,-1.955441,0.825
23.120811,34.271573,43.847496,-1.936571,0.826
23.169867,34.177007,43.668928,-1.914811,0.765
23.220376,34.106567,43.596665,-1.901049,0.774
23.269414,34.096214,43.470568,-1.882352,0.837
23.319845,34.036531,43.438228,-1.859621,0.768
23.36896,33.983018,43.245519,-1.841659,0.753
23.419379,34.00506,43.157313,-1.821063,0.825
23.468463,33.877534,43.011148,-1.798724,0.763
23.51892,33.903368,42.923977,-1.777819,0.787
23.56802,33.871868,42.755699,-1.755843,0.802
23.618461,33.864101,42.708332,-1.733327,0.772
23.667549,33.817715,42.585606,-1.710847,0.75
23.717962,33.79748,42.415606,-1.689272,0.761
23.76707,33.746826,42.340104,-1.666584,0.782
23.817519,33.809292,42.20719,-1.643849,0.774
23.866614,33.776531,42.131994,-1.622896,0.772
23.917037,33.728397,41.962116,-1.599728,0.773
23.966156,33.655461,41.810563,-1.576966,0.738
24.0166,33.657293,41.687376,-1.55592,0.747
24.065705,33.709833,41.566043,-1.533675,0.754
24.116155,33.714072,41.494168,-1.511878,0.77
24.165214,33.720214,41.417614,-1.490743,0.786
24.215675,33.732256,41.298219,-1.470273,0.792
24.264747,33.743358,41.207698,-1.448763,0.761
24.315161,33.689096,41.078703,-1.428561,0.77
24.364295,33.685435,40.953241,-1.407574,0.757
24.414698,33.772881,40.920725,-1.38637,0.771
24.463811,33.733196,40.757284,-1.36662,0.762
24.514293,33.792385,40.692007,-1.34666,0.784
24.563332,33.772523,40.593066,-1.326536,0.78
24.613764,33.845508,40.488475,-1.307094,0.783
24.664257,33.839291,40.406688,-1.287898,0.77
24.713298,33.863143,40.330327,-1.268041,0.77
24.763769,33.891934,40.243791,-1.249612,0.82
24.812826,33.917533,40.171382,-1.230982,0.77
24.863251,33.90407,40.084301,-1.211791,0.779
24.912428,33.949573,39.969812,-1.192496,0.774
24.962796,33.984745,39.885667,-1.174879,0.822
25.013239,34.061029,39.819604,-1.156087,0.79
25.063432,34.015813,39.745824,-1.137819,0.797
25.112791,34.089598,39.692701,-1.119134,0.801
25.16188,34.145324,39.582824,-1.101428,0.803
25.212349,34.14314,39.494735,-1.083204,0.785
25.261388,34.219649,39.445618,-1.065845,0.818
25.31188,34.241403,39.410136,-1.056446,0.807
25.362286,34.272242,39.272068,-1.02929,0.807
25.411345,34.297671,39.231357,-1.012468,0.807
25.461816,34.344574,39.160698,-1.004437,0.808
25.510887,34.391969,39.088454,-0.977102,0.786
25.561326,34.47914,38.963934,-0.960036,0.795
25.611747,34.496816,38.941172,-0.951825,0.791
25.660872,34.539481,38.883174,-0.936559,0.812
25.711293,34.55156,38.79589,-0.920898,0.802
25.760519,34.603812,38.775811,-0.907302,0.789
25.810884,34.705607,38.718006,-0.894411,0.8
25.861253,34.732399,38.640483,-0.879272,0.786
25.910344,34.779338,38.518658,-0.865776,0.825
25.960781,34.810912,38.482504,-0.852923,0.787
26.009908,34.864348,38.422968,-0.839343,0.801
26.062389,34.938052,38.342936,-0.826531,0.789
26.110739,35.054082,38.283091,-0.813443,0.752
26.159836,35.083032,38.18418,-0.801584,0.739
26.210377,35.116769,38.109417,-0.788135,0.755
26.260705,35.16436,38.002464,-0.774164,0.732
26.309824,35.272885,37.958579,-0.762245,0.777
26.360268,35.363168,37.874751,-0.748342,0.743
26.409335,35.350685,37.789122,-0.732767,0.764
26.459781,35.475245,37.736824,-0.723009,0.735
26.510225,35.557794,37.665951,-0.709443,0.755
26.559301,35.573109,37.559417,-0.695206,0.741
26.609741,35.783662,37.546962,-0.68286,0.746
26.661959,35.82563,37.452834,-0.666911,0.751
26.709255,35.915413,37.438506,-0.653382,0.739
26.759713,35.991437,37.286117,-0.640191,0.755
26.808787,36.053736,37.241205,-0.624629,0.759
26.859214,36.154176,37.119212,-0.605083,0.73
26.909645,36.22071,37.074791,-0.588683,0.736
26.958767,36.338908,37.022049,-0.56859,0.738
27.009186,36.506137,37.004093,-0.549337,0.726
27.058309,36.501981,36.952476,-0.536272,0.729
27.10876,36.654866,36.87502,-0.515632,0.715
27.157835,36.818997,36.744747,-0.483955,0.696
27.208246,36.825823,36.693277,-0.456136,0.729
27.258729,36.960122,36.678647,-0.434009,0.732
27.307791,37.128559,36.600165,-0.42476,0.733
27.358248,37.082181,36.489489,-0.396818,0.715
27.407325,37.213169,36.536113,-0.359692,0.756
27.457784,37.375912,36.525703,-0.346489,0.717
27.506932,37.552095,36.421655,-0.320724,0.75
27.557295,37.621239,36.40158,-0.282571,0.757
27.607789,37.774286,36.385561,-0.260889,0.739
27.656889,37.92091,36.345208,-0.236999,0.768
27.70723,38.02296,36.243297,-0.196714,0.777
27.757667,38.146129,36.250979,-0.173258,0.767
27.806853,38.348192,36.251109,-0.142369,0.822
27.857239,38.388228,36.174395,-0.106992,0.815
27.906315,38.515862,36.164714,-0.075707,0.833
27.956734,38.717815,36.197591,-0.051351,0.787
28.007245,38.82653,36.191134,-0.015242,0.823
28.056361,38.936967,36.101924,0.018154,0.841
28.10675,39.134637,36.154772,0.048515,0.815
28.157194,39.262219,36.165107,0.080832,0.799
28.207614,39.397708,36.108444,0.116284,0.824
28.256767,39.519514,36.126923,0.150556,0.803
28.307093,39.687987,36.157359,0.178731,0.78
28.357532,39.813065,36.184556,0.214104,0.804
28.406625,39.978894,36.227102,0.25115,0.833
28.457076,40.052636,36.173417,0.280484,0.772
28.507502,40.247433,36.267497,0.316398,0.783
28.556698,40.349495,36.305192,0.353793,0.789
28.607075,40.439759,36.372417,0.381365,0.774
28.657444,40.634213,36.427344,0.418312,0.779
28.707892,40.813949,36.515065,0.454044,0.743
28.75698,40.898115,36.527128,0.487914,0.734
28.807447,41.071437,36.626926,0.522432,0.786
28.85785,41.227339,36.673263,0.557747,0.746
28.906987,41.413074,36.798477,0.593168,0.86
28.957399,41.465656,36.7833,0.628743,0.757
29.007856,41.623071,36.906671,0.664742,0.772
29.058258,41.715669,37.040907,0.684328,0.738
29.107355,41.768636,37.087282,0.719143,0.823
29.157767,41.911278,37.122226,0.75263,0.752
29.208254,42.033784,37.344313,0.778884,0.789
29.258622,42.202692,37.479468,0.808377,0.764
29.307776,42.256318,37.538833,0.836142,0.758
29.358174,42.372529,37.607719,0.860577,0.743
29.408806,42.43842,37.756416,0.884838,0.723
29.459027,42.644928,37.903674,0.907285,0.738
29.508177,42.684157,38.028195,0.928349,0.726
29.55864,42.779343,38.111546,0.948847,0.77
29.608999,42.892789,38.276257,0.967654,0.757
29.659476,42.93705,38.342898,0.98452,0.728
29.709868,43.081206,38.488106,1.001767,0.758
29.758984,43.078882,38.566618,1.018034,0.716
29.809451,43.292464,38.839721,1.032021,0.749
29.859896,43.332557,38.908949,1.045844,0.756
29.910271,43.391401,39.013531,1.05829,0.748
29.960802,43.559938,39.231351,1.069777,0.755
30.009842,43.6336,39.369771,1.08175,0.785
30.060218,43.712638,39.521634,1.09092,0.724
30.110668,43.767229,39.628498,1.098512,0.757
30.161054,43.796725,39.78374,1.106124,0.704
30.211552,43.8179,39.826817,1.113929,0.723
30.260613,43.984058,40.06983,1.118342,0.731
30.311074,43.999963,40.103015,1.123857,0.711
30.361461,44.136955,40.392209,1.128408,0.747
30.411918,44.189127,40.503817,1.133522,0.758
30.46234,44.330566,40.706321,1.136907,0.723
30.511468,44.318584,40.852691,1.140085,0.753
30.561882,44.405463,40.927337,1.142208,0.755
30.612323,44.449454,41.127164,1.141377,0.766
30.662723,44.514668,41.26976,1.141859,0.763
30.713188,44.623518,41.392405,1.141983,0.727
30.762234,44.706949,41.574172,1.140486,0.757
30.812732,44.830096,41.737576,1.137704,0.738
30.863132,44.838576,41.858817,1.137574,0.745
30.913662,44.963177,42.02155,1.141998,0.753
30.962682,45.047218,42.203036,1.137122,0.768
31.013098,45.131262,42.384525,1.124822,0.761
31.06351,45.205889,42.538604,1.119753,0.764
31.113928,45.20482,42.633768,1.11086,0.762
31.163057,45.37359,42.869456,1.108813,0.749
31.21349,45.442835,43.004767,1.097798,0.79
31.263952,45.554396,43.123116,1.083754,0.752
31.314344,45.627332,43.256474,1.070321,0.77
31.364899,45.680955,43.351142,1.05542,0.766
31.413892,45.767313,43.582561,1.037838,0.782
31.464353,45.848114,43.660824,1.011177,0.767
31.514802,45.907245,43.803782,0.991345,0.714
31.565228,45.960067,43.957608,0.971183,0.751
31.614261,46.029804,44.055264,0.95067,0.813
31.66472,46.146817,44.163539,0.928277,0.805
31.715138,46.270712,44.320543,0.902724,0.783
31.76554,46.352309,44.419163,0.879581,0.783
31.815994,46.483961,44.569721,0.852288,0.813
31.865122,46.590669,44.684611,0.822304,0.811
31.915539,46.669678,44.826773,0.794697,0.812
31.965951,46.843194,44.892997,0.762702,0.825
32.019285,46.938538,45.036052,0.728911,0.796
32.065481,47.086223,45.104183,0.701073,0.821
32.115933,47.220558,45.210312,0.668633,0.821
32.166329,47.300535,45.35827,0.632874,0.794
32.216734,47.465314,45.471619,0.602546,0.796
32.265877,47.584662,45.513615,0.567989,0.825
32.316366,47.732232,45.600406,0.531654,0.81
32.366763,47.908074,45.695692,0.496585,0.821
32.417123,48.022768,45.752519,0.460019,0.839
32.466251,48.157207,45.765799,0.423955,0.819
32.516763,48.366008,45.897763,0.387827,0.835
32.567095,48.485323,45.972109,0.350913,0.823
32.617555,48.657037,45.997664,0.314405,0.812
32.666641,48.791172,46.0812,0.280086,0.797
32.717084,48.985176,46.129805,0.245484,0.789
32.76749,49.158597,46.137789,0.212669,0.794
32.816664,49.327034,46.168425,0.179922,0.795
32.867024,49.466633,46.261655,0.159043,0.752
32.917513,49.636985,46.169114,0.124127,0.777
32.966573,49.828822,46.26067,0.099736,0.767
33.016999,50.037193,46.335412,0.09152,0.792
33.066108,50.163923,46.297705,0.082319,0.772
33.116592,50.363319,46.313226,0.077683,0.789
33.165704,50.532843,46.341129,0.079218,0.817
33.21609,50.732179,46.357407,0.081483,0.81
33.265185,50.887915,46.323432,0.091086,0.775
33.315585,51.011143,46.378795,0.096755,0.799
33.364756,51.13253,46.271545,0.11066,0.805
33.415159,51.313016,46.323521,0.126445,0.818
33.464247,51.510996,46.351876,0.142254,0.804
33.51338,51.679852,46.380108,0.165667,0.807
33.563766,51.847973,46.412434,0.18996,0.812
33.613059,51.979172,46.411919,0.21739,0.799
33.663342,52.173094,46.460848,0.247155,0.824
33.712427,52.277674,46.490858,0.279447,0.828
33.761524,52.508751,46.519477,0.309835,0.814
33.81195,52.611117,46.556336,0.34562,0.83
33.861066,52.812284,46.591839,0.375465,0.78
33.910123,52.92957,46.643103,0.412066,0.792
33.960618,53.018515,46.653562,0.444458,0.798
34.009653,53.225659,46.761545,0.480537,0.794
34.060129,53.354066,46.785128,0.51888,0.791
34.109196,53.524347,46.890028,0.55213,0.806
34.159721,53.630941,46.960893,0.586722,0.82
34.208745,53.793485,47.077424,0.621992,0.831
34.257883,53.891456,47.152123,0.651426,0.826
34.308293,53.990773,47.23287,0.682627,0.806
34.357373,54.109187,47.335653,0.714849,0.814
34.407832,54.224895,47.441473,0.740794,0.812
34.456908,54.368622,47.580551,0.768963,0.817
34.507344,54.50912,47.662482,0.796777,0.809
34.556571,54.596192,47.756304,0.822693,0.809
34.606965,54.68071,47.852432,0.849575,0.82
34.655976,54.869274,48.011982,0.878045,0.799
34.706403,54.99276,48.169307,0.905326,0.813
34.755526,54.975211,48.218172,0.932786,0.813
34.805936,55.131877,48.358539,0.9608,0.806
34.855081,55.281429,48.499741,0.992232,0.793
34.905498,55.323458,48.567812,1.017667,0.802
34.955915,55.386094,48.762601,1.046948,0.799
35.005129,55.505166,48.881935,1.075224,0.799
35.055428,55.653805,49.111542,1.101767,0.796
35.104539,55.688135,49.183802,1.127272,0.798
35.154952,55.786494,49.406225,1.154435,0.794
35.204091,55.835457,49.52449,1.178271,0.793
35.254546,55.907474,49.711073,1.202434,0.802
35.304942,55.975261,49.899235,1.225012,0.77
35.354021,56.060253,50.061391,1.245993,0.778
35.404468,56.13983,50.17056,1.266408,0.771
35.45355,56.189799,50.3943,1.288211,0.768
35.504029,56.231316,50.545504,1.302826,0.798
35.554435,56.316106,50.759956,1.319496,0.765
35.603525,56.345781,50.884468,1.33683,0.754
35.654058,56.388463,51.079861,1.355734,0.75
35.704446,56.45798,51.260425,1.362465,0.785
35.753517,56.490542,51.4285,1.379431,0.747
35.803992,56.611553,51.697988,1.404818,0.753
35.854347,56.684189,51.889274,1.420624,0.749
35.903585,56.655486,52.007971,1.428081,0.748
35.95388,56.660642,52.165346,1.446467,0.749
36.004333,56.673814,52.408219,1.468254,0.758
36.053471,56.796848,52.612334,1.477036,0.755
36.103862,56.731396,52.702284,1.495882,0.753
36.154314,56.788943,52.942494,1.511456,0.764
36.203537,56.841574,53.183829,1.531875,0.782
36.253865,56.845133,53.354992,1.550008,0.764
36.304277,56.77367,53.521455,1.578438,0.771
36.353354,56.811065,53.722621,1.599734,0.755
36.403821,56.798111,53.965476,1.624087,0.766
36.454268,56.745384,54.089855,1.646256,0.794
36.503379,56.755361,54.277411,1.671596,0.779
36.553755,56.795209,54.527895,1.700864,0.782
36.602837,56.806309,54.732206,1.729256,0.777
36.653364,56.773218,54.90018,1.756201,0.775
36.703752,56.688038,55.08622,1.787435,0.76
36.752841,56.747183,55.218427,1.812795,0.747
36.803252,56.629424,55.482786,1.849901,0.758
36.852363,56.60666,55.549422,1.872851,0.778
36.90275,56.624424,55.798811,1.91466,0.809
36.951919,56.521237,56.065979,1.94924,0.78
37.0023,56.429269,56.275481,1.984451,0.778
37.052789,56.381231,56.373102,2.028099,0.816
37.101822,56.337822,56.544249,2.066368,0.804
37.152314,56.18701,56.743219,2.103762,0.778
37.201395,56.102308,56.926672,2.146361,0.811
37.251827,55.967834,57.041094,2.189412,0.803
37.302276,55.901911,57.206223,2.223984,0.803
37.351304,55.888381,57.399616,2.262405,0.806
37.401739,55.687035,57.487804,2.300935,0.782
37.452223,55.598815,57.681198,2.344321,0.802
37.501279,55.429692,57.898563,2.389526,0.796
37.551737,55.310594,58.000553,2.433416,0.767
37.600852,55.179861,58.157954,2.476639,0.776
37.651283,54.969074,58.256871,2.51621,0.753
37.701679,54.71948,58.371595,2.570501,0.763
37.750801,54.763423,58.505132,2.617362,0.799
37.801289,54.562994,58.632679,2.663134,0.785
37.851658,54.316168,58.746963,2.70797,0.793
37.900731,54.151854,58.797139,2.761301,0.795
37.951244,54.011895,58.829419,2.79683,0.797
38.001612,53.789849,58.980717,2.842656,0.798
38.052039,53.65273,59.059256,2.898338,0.816
38.101312,53.414359,59.107481,2.94198,0.815
38.151568,53.30196,59.124023,2.977038,0.781
38.201996,53.092331,59.17692,3.038361,0.828
38.251121,52.894208,59.216627,3.086813,0.786
38.301516,52.661032,59.230937,3.128648,0.788
38.35196,52.554649,59.15541,-3.108818,0.771
38.40237,52.257197,59.20756,-3.047038,0.823
38.451568,52.053092,59.221959,-2.99929,0.783
38.501916,51.879527,59.218216,-2.953371,0.78
38.55237,51.716917,59.221471,-2.892762,0.825
38.60277,51.498607,59.152986,-2.837613,0.821
38.651881,51.289997,59.167097,-2.783138,0.78
38.7023,51.092636,59.047819,-2.723185,0.764
38.752727,50.87686,58.935626,-2.662112,0.78
38.801848,50.66806,58.895798,-2.607557,0.792
38.852293,50.478034,58.819928,-2.54899,0.776
38.902692,50.311388,58.637605,-2.487097,0.784
38.953165,50.116451,58.564896,-2.431219,0.804
39.002224,49.972613,58.425933,-2.37343,0.801
39.052687,49.857254,58.299435,-2.310175,0.742
39.103081,49.697622,58.171436,-2.252998,0.781
39.153553,49.547735,58.039136,-2.200641,0.772
39.203997,49.415603,57.834961,-2.145164,0.81
39.253093,49.311815,57.71395,-2.098081,0.8
39.303529,49.154679,57.570799,-2.057179,0.787
39.353904,49.046992,57.347399,-2.019969,0.789
39.404376,49.022987,57.186538,-1.987774,0.812
39.454816,48.882694,56.970831,-1.959802,0.793
39.505224,48.740821,56.718317,-1.932976,0.795
39.555682,48.698083,56.597662,-1.911223,0.808
39.606056,48.62175,56.366752,-1.890061,0.785
39.656512,48.553458,56.148382,-1.873897,0.82
39.706938,48.472567,55.978872,-1.862096,0.801
39.757433,48.394747,55.718242,-1.860954,0.799
39.807835,48.278491,55.484344,-1.865914,0.8
39.858343,48.285807,55.363027,-1.873958,0.828
39.908679,48.108141,55.114935,-1.888756,0.809
39.959067,48.10903,54.902372,-1.912171,0.776
40.01084,47.951524,54.691934,-1.935852,0.786
40.061297,47.91229,54.522821,-1.96543,0.789
40.111728,47.926129,54.343544,-2.009474,0.771
40.162107,47.834646,54.165693,-2.04588,0.789
40.212541,47.814044,54.041353,-2.084854,0.792
40.263026,47.63413,53.806552,-2.127095,0.805
40.314907,47.496773,53.605854,-2.170973,0.816
40.365309,47.411511,53.419853,-2.21334,0.814
40.415585,47.254622,53.227785,-2.255723,0.818
40.466057,47.118058,53.139453,-2.298618,0.778
40.51645,46.97992,52.934684,-2.340069,0.824
40.566891,46.835123,52.796721,-2.380359,0.813
40.61746,46.674114,52.655146,-2.420338,0.79
40.667735,46.44902,52.470402,-2.454329,0.806
40.718163,46.313277,52.366079,-2.486336,0.796
40.768673,46.092363,52.207394,-2.518684,0.798
40.819061,45.930697,52.097993,-2.558123,0.773
40.86952,45.792318,51.978121,-2.585699,0.786
40.919974,45.593071,51.912784,-2.604118,0.798
40.970351,45.355423,51.780467,-2.633562,0.809
41.019448,45.255526,51.726359,-2.663621,0.793
41.069881,45.03729,51.619031,-2.684529,0.783
41.12032,44.731028,51.428356,-2.69517,0.799
41.170716,44.596725,51.413764,-2.707867,0.817
41.219844,44.34924,51.300915,-2.713776,0.8
41.270237,44.206722,51.235517,-2.725903,0.786
41.320703,43.970879,51.131898,-2.718311,0.8
41.369833,43.828114,51.067057,-2.715274,0.807
41.420235,43.646456,50.983389,-2.709971,0.795
41.470666,43.438264,50.980175,-2.713675,0.796
41.519753,43.235696,50.839317,-2.699113,0.836
41.570209,43.055614,50.752309,-2.691509,0.811
41.620623,42.811361,50.632622,-2.685967,0.819
41.669723,42.671011,50.562708,-2.679433,0.791
41.720136,42.512207,50.529591,-2.680979,0.795
41.769354,42.307937,50.426524,-2.674302,0.81
41.819712,42.136711,50.290864,-2.660301,0.799
41.870113,41.965679,50.248295,-2.661904,0.81
41.919241,41.800534,50.112534,-2.647502,0.793
41.969656,41.667493,50.089074,-2.641556,0.806
42.018736,41.534882,50.014779,-2.644421,0.807
42.069194,41.430097,50.039358,-2.63918,0.819
42.119614,41.256585,49.860875,-2.625366,0.812
42.168732,41.149771,49.799483,-2.619945,0.822
42.219128,41.034635,49.781384,-2.623164,0.812
42.269595,40.965321,49.741439,-2.618793,0.833
42.318658,40.764459,49.574807,-2.606048,0.819
42.369094,40.720738,49.648441,-2.610016,0.812
42.418202,40.627206,49.592861,-2.60542,0.83
42.468651,40.511715,49.489927,-2.600877,0.8
42.519054,40.47232,49.416395,-2.587825,0.82
42.568181,40.380026,49.358782,-2.58354,0.8
42.61859,40.275757,49.293161,-2.579884,0.777
42.66772,40.239284,49.27001,-2.576001,0.816
42.718136,40.135499,49.203625,-2.572539,0.806
42.768559,40.095139,49.177644,-2.569634,0.798
42.817687,40.064254,49.157635,-2.566721,0.81
42.868109,39.961025,49.090389,-2.56422,0.816
42.918533,39.932921,49.071973,-2.561498,0.807
42.967639,39.856742,49.021832,-2.559478,0.818
43.018064,39.809822,49.09347,-2.565983,0.784
43.068532,39.79705,49.034276,-2.555546,0.818
43.117664,39.769793,49.066891,-2.562861,0.818
43.168073,39.757165,49.007666,-2.553114,0.804
43.217174,39.641549,48.895626,-2.551757,0.819
43.267601,39.693267,48.98228,-2.551259,0.784
43.317989,39.709433,48.906438,-2.55108,0.809
43.367086,39.693384,48.930351,-2.550511,0.827
43.417656,39.693384,48.930351,-2.550519,0.794
43.467968,39.657521,48.906265,-2.550161,0.827
43.517078,39.717242,48.946482,-2.54893,0.81
43.567543,39.705717,49.041703,-2.558171,0.786
43.617889,39.661475,48.978015,-2.558442,0.769
43.667,39.673198,48.934463,-2.549439,0.777
43.71755,39.709045,48.958572,-2.549528,0.799
43.76792,39.685144,48.942504,-2.549718,0.805
43.817052,39.661618,48.977823,-2.558224,0.784
43.867419,39.709283,48.958218,-2.549694,0.802
43.917811,39.67343,48.934118,-2.549791,0.801
43.966993,39.697884,49.053284,-2.5584,0.788
44.017353,39.685621,48.993433,-2.558281,0.782
44.067784,39.721679,49.017226,-2.558321,0.781
44.116932,39.697641,49.001364,-2.558301,0.784
44.167324,39.733698,49.025157,-2.558307,0.782
44.217885,39.709905,49.061214,-2.558303,0.809
