0.073618,49.308593,46.432625,-2.884612,0.808
0.122717,49.246335,46.386392,-2.883351,0.798
0.173152,49.290934,46.442916,-2.882312,0.802
0.223613,49.239899,46.354806,-2.881191,0.807
0.272675,49.290786,46.443001,-2.879515,0.805
0.323101,49.232557,46.382507,-2.87753,0.803
0.373543,49.232557,46.382507,-2.875321,0.807
0.422698,49.262717,46.435638,-2.872478,0.805
0.473062,49.204973,46.374679,-2.869534,0.804
0.522203,49.163404,46.362922,-2.865952,0.806
0.572716,49.220678,46.424321,-2.861867,0.806
0.623065,49.159657,46.376469,-2.857073,0.821
0.67218,49.159657,46.376469,-2.851477,0.801
0.722615,49.130927,46.322551,-2.845772,0.81
0.772998,49.118042,46.363785,-2.838704,0.802
0.822076,49.090616,46.354995,-2.831442,0.813
0.872514,49.049583,46.341486,-2.823537,0.809
0.921608,49.117769,46.364607,-2.814665,0.813
0.972148,49.126833,46.367771,-2.805741,0.809
1.022462,49.010912,46.326049,-2.796106,0.806
1.07164,49.010912,46.326049,-2.785613,0.79
1.122017,48.970601,46.310517,-2.773816,0.795
1.171097,48.906393,46.238347,-2.761529,0.805
1.221524,48.921989,46.275972,-2.749146,0.794
1.272005,48.895524,46.264611,-2.736095,0.796
1.321046,48.829776,46.235267,-2.721812,0.813
1.371515,48.785465,46.262327,-2.707054,0.822
1.420591,48.720621,46.231035,-2.691977,0.802
1.471131,48.720621,46.231035,-2.676956,0.813
1.521443,48.676792,46.159416,-2.660401,0.8
1.570691,48.668794,46.204245,-2.643303,0.812
1.620972,48.631187,46.182985,-2.627064,0.804
1.67016,48.546947,46.083246,-2.609405,0.803
1.720494,48.520259,46.117554,-2.591134,0.805
1.770963,48.411006,46.047841,-2.573635,0.8
1.820218,48.375017,46.023944,-2.55543,0.829
1.870447,48.375017,46.023944,-2.537105,0.833
1.91955,48.300954,45.970726,-2.51853,0.811
1.969977,48.289418,45.962108,-2.500007,0.816
2.019086,48.140329,45.882792,-2.481287,0.822
2.069532,48.1067,45.855675,-2.462999,0.798
2.120006,48.1067,45.855675,-2.444209,0.817
2.169039,47.95316,45.778954,-2.434649,0.8
2.219486,47.95316,45.778954,-2.416686,0.818
2.26859,47.806007,45.643506,-2.397592,0.802
2.318995,47.867084,45.642084,-2.379482,0.816
2.369447,47.749151,45.586082,-2.361006,0.81
2.41854,47.715632,45.551724,-2.343832,0.826
2.468952,47.670623,45.504,-2.326933,0.839
2.519445,47.568213,45.391679,-2.31007,0.821
2.568486,47.488788,45.301724,-2.294104,0.835
2.618937,47.429451,45.232467,-2.279206,0.828
2.668184,47.411026,45.210332,-2.264972,0.813
2.718444,47.315347,45.092224,-2.25167,0.816
2.768873,47.224961,45.047346,-2.238353,0.822
2.818024,47.169336,44.975073,-2.226766,0.818
2.869083,47.121363,44.911053,-2.213871,0.859
2.918869,47.031704,44.788312,-2.201685,0.824
2.968053,47.050073,44.739751,-2.191956,0.825
3.018359,46.977038,44.710847,-2.182399,0.831
3.068791,46.863502,44.546197,-2.174484,0.809
3.117887,46.77817,44.42041,-2.166864,0.833
3.16832,46.77817,44.42041,-2.158873,0.837
3.218783,46.668386,44.253235,-2.151868,0.825
3.268316,46.601343,44.149874,-2.146207,0.829
3.318284,46.515793,44.09635,-2.140157,0.824
3.368712,46.408819,43.927362,-2.135148,0.801
3.418011,46.44852,43.936456,-2.131025,0.819
3.468243,46.365907,43.803185,-2.125712,0.819
3.518655,46.259194,43.684745,-2.12251,0.816
3.56777,46.196595,43.582366,-2.119589,0.819
3.618263,46.137475,43.485362,-2.11814,0.826
3.668615,46.034109,43.314145,-2.113942,0.81
3.719056,46.046481,43.33471,-2.112429,0.809
3.768191,45.980703,43.224905,-2.110517,0.798
3.818635,45.841215,43.075207,-2.108169,0.809
3.870692,45.790791,42.905993,-2.107588,0.786
3.918107,45.692497,42.824725,-2.105172,0.772
3.968532,45.666893,42.724652,-2.103832,0.816
4.018982,45.601948,42.614352,-2.102939,0.782
4.06939,45.536825,42.504157,-2.104559,0.798
4.11849,45.435246,42.331873,-2.103534,0.778
4.16893,45.333181,42.215614,-2.104021,0.807
4.219355,45.318039,42.192962,-2.096606,0.79
4.26844,45.201338,41.990594,-2.107212,0.778
4.318892,45.121023,41.855925,-2.108551,0.768
4.369309,45.04019,41.721566,-2.112411,0.781
4.419749,45.010411,41.590219,-2.105809,0.76
4.468838,44.932707,41.459582,-2.107393,0.787
4.51927,44.77893,41.340876,-2.118236,0.76
4.569708,44.6989,41.211645,-2.111764,0.738
4.620249,44.574059,41.087231,-2.12216,0.747
4.669243,44.512477,40.907346,-2.115258,0.739
4.719675,44.387234,40.783337,-2.125396,0.736
4.770576,44.329798,40.690933,-2.126925,0.742
4.819182,44.334952,40.537316,-2.119723,0.737
4.869613,44.149549,40.400082,-2.130811,0.792
4.920084,44.05828,40.255239,-2.133074,0.781
4.970451,43.964144,40.027175,-2.127379,0.745
5.019568,43.948847,40.002773,-2.130749,0.756
5.070087,43.819006,39.797134,-2.133987,0.736
5.120414,43.750049,39.689297,-2.139728,0.779
5.169518,43.64142,39.521369,-2.144974,0.813
5.21999,43.571226,39.414332,-2.151231,0.742
5.27037,43.476357,39.271822,-2.158131,0.745
5.320812,43.320642,39.118607,-2.175561,0.833
5.369913,43.306525,39.025084,-2.175231,0.774
5.420327,43.147612,38.874816,-2.18532,0.844
5.470826,43.047301,38.736082,-2.19682,0.806
5.521227,43.022808,38.65466,-2.208556,0.789
5.570298,42.92783,38.529899,-2.221475,0.836
5.623148,42.822196,38.395174,-2.23575,0.843
5.671145,42.696526,38.239588,-2.250228,0.761
5.721568,42.614602,38.141239,-2.26533,0.75
5.770723,42.543527,38.058863,-2.282684,0.807
5.821111,42.387587,37.949336,-2.300597,0.746
5.871532,42.274332,37.847586,-2.32845,0.769
5.921959,42.133797,37.705284,-2.349947,0.835
5.971098,42.024355,37.599802,-2.374618,0.811
6.021486,41.877148,37.464414,-2.397995,0.781
6.071986,41.816637,37.412084,-2.42857,0.822
6.122347,41.688189,37.252812,-2.462199,0.824
6.171483,41.494318,37.105979,-2.493389,0.744
6.221866,41.371754,37.107686,-2.527686,0.771
6.272299,41.303534,36.977632,-2.566283,0.819
6.322734,41.109602,36.91239,-2.604335,0.78
6.378649,40.985281,36.762667,-2.64275,0.775
6.42359,40.870158,36.706715,-2.689187,0.775
6.472684,40.686516,36.627495,-2.734329,0.746
6.523145,40.526261,36.567263,-2.782075,0.742
6.573537,40.404305,36.528397,-2.833078,0.758
6.623975,40.152533,36.416766,-2.881765,0.764
6.674399,39.976131,36.424386,-2.937584,0.736
6.724839,39.782527,36.366534,-2.994242,0.747
6.775272,39.637758,36.28092,-3.049908,0.726
6.824377,39.350241,36.313901,-3.115843,0.721
6.874785,39.223397,36.347406,3.119126,0.761
6.925216,39.067086,36.35977,3.062662,0.736
6.975732,38.858803,36.309602,3.011317,0.697
7.026146,38.619779,36.354475,2.956021,0.734
7.076558,38.41524,36.359945,2.902123,0.766
7.125604,38.223567,36.417056,2.852004,0.741
7.176151,38.053668,36.493142,2.797976,0.721
7.226451,37.757921,36.615345,2.749761,0.768
7.276904,37.655615,36.664747,2.710153,0.759
7.325988,37.458179,36.718463,2.663224,0.801
7.376418,37.281686,36.870338,2.617642,0.767
7.426848,37.097696,36.953868,2.572405,0.763
7.475937,36.940854,37.028294,2.531867,0.815
7.526371,36.719066,37.146725,2.490019,0.707
7.576798,36.593141,37.307998,2.44646,0.739
7.62722,36.412253,37.470563,2.398628,0.791
7.676323,36.230648,37.591623,2.360806,0.763
7.72675,36.064322,37.769055,2.3239,0.711
7.777182,35.987988,37.967441,2.283666,0.72
7.826285,35.80619,38.077593,2.251286,0.738
7.876749,35.703801,38.286716,2.212713,0.68
7.927143,35.59918,38.440028,2.184188,0.756
7.97757,35.430652,38.620613,2.145873,0.765
8.026739,35.291182,38.770327,2.108054,0.726
8.077123,35.244376,39.005577,2.072069,0.776
8.127525,35.116051,39.164947,2.035969,0.765
8.17662,35.060808,39.391142,1.996947,0.782
8.227054,34.948817,39.592728,1.952675,0.816
8.277478,34.867262,39.826934,1.905884,0.812
8.327915,34.74726,40.074825,1.864129,0.804
8.377008,34.738027,40.279229,1.828665,0.799
8.427458,34.701054,40.549771,1.794627,0.792
8.476541,34.557077,40.680645,1.770199,0.836
8.526993,34.597152,40.983149,1.742597,0.837
8.577392,34.539038,41.176675,1.719502,0.803
8.626546,34.507897,41.422712,1.696696,0.8
8.676952,34.479345,41.693209,1.675961,0.793
8.726027,34.462915,41.892533,1.653039,0.816
8.776452,34.447093,42.164073,1.629,0.801
8.82693,34.482161,42.408578,1.604139,0.787
8.876005,34.453853,42.522208,1.584883,0.795
8.926421,34.457893,42.770175,1.554507,0.785
8.976849,34.426706,43.00092,1.518527,0.748
9.025944,34.452391,43.271704,1.476224,0.764
9.076546,34.479887,43.469805,1.432877,0.814
9.126798,34.533351,43.756055,1.38615,0.82
9.177251,34.579787,43.95059,1.336478,0.777
9.226326,34.591955,44.14545,1.285323,0.768
9.27676,34.731293,44.542512,1.224746,0.751
9.327182,34.735147,44.663988,1.175687,0.784
9.37763,34.756849,44.875442,1.122968,0.743
9.426779,34.999158,45.167761,1.069451,0.768
9.47719,34.967304,45.253232,1.017783,0.781
9.527683,35.121998,45.47502,0.975098,0.751
9.578047,35.360085,45.744659,0.918025,0.768
9.627156,35.43581,45.879563,0.872045,0.768
9.677539,35.618701,46.014016,0.839785,0.769
9.727955,35.756941,46.198593,0.802747,0.74
9.777055,35.901635,46.399135,0.759321,0.745
9.827549,36.132228,46.604523,0.727652,0.78
9.876611,36.307833,46.751194,0.695859,0.765
9.927041,36.532425,46.928911,0.669406,0.784
9.976387,36.788326,47.121043,0.644016,0.746
10.026548,36.962725,47.245752,0.620776,0.783
10.076979,37.080253,47.326157,0.599993,0.782
10.126147,37.314896,47.531502,0.579915,0.752
10.176514,37.52915,47.581932,0.564412,0.788
10.225601,37.755003,47.770754,0.549056,0.737
10.276049,37.988831,47.90971,0.53619,0.735
10.325141,38.258512,48.016029,0.534979,0.753
10.375572,38.459447,48.18325,0.518752,0.753
10.42466,38.655066,48.243245,0.510319,0.765
10.475103,38.818044,48.282974,0.515022,0.746
10.524206,39.041116,48.457632,0.511189,0.758
10.574643,39.314575,48.611155,0.499477,0.767
10.623905,39.541233,48.683596,0.505217,0.789
10.674228,39.753879,48.801619,0.49582,0.809
10.723252,39.955352,48.910054,0.493749,0.796
10.773708,40.195164,49.038406,0.491425,0.783
10.822786,40.410098,49.152203,0.486931,0.785
10.873207,40.612766,49.258386,0.482602,0.773
10.922305,41.027531,49.525878,0.475389,0.815
10.972734,41.120581,49.519124,0.467961,0.778
11.023175,41.325465,49.620968,0.461311,0.762
11.072403,41.609769,49.757072,0.456807,0.767
11.122697,41.790291,49.843163,0.444999,0.754
11.171808,42.072202,49.927039,0.426118,0.772
11.222419,42.282125,50.018057,0.421734,0.787
11.272646,42.557862,50.186643,0.403828,0.765
11.321759,42.78038,50.231504,0.404792,0.767
11.372241,43.121498,50.377893,0.395332,0.812
11.422629,43.524988,50.624177,0.395113,0.809
11.471747,43.577573,50.594293,0.39993,0.825
11.522237,44.01127,50.780549,0.405644,0.847
11.571238,44.117876,50.748766,0.414201,0.808
11.621675,44.441756,50.898459,0.432942,0.846
11.670798,44.679295,50.966192,0.453571,0.838
11.721192,45.009962,51.186893,0.47966,0.835
11.770398,45.149455,51.160504,0.510655,0.844
11.820724,45.422741,51.326982,0.547136,0.844
11.871037,45.589195,51.437856,0.587611,0.823
11.920414,45.838756,51.619725,0.629764,0.814
11.96957,46.125761,51.697265,0.67936,0.812
12.019841,46.342347,51.891913,0.732104,0.81
12.06888,46.463838,52.012534,0.781804,0.8
12.119312,46.682982,52.191631,0.827199,0.802
12.168438,46.845091,52.410019,0.89057,0.786
12.21888,46.962982,52.571579,0.940415,0.815
12.267957,47.108075,52.715851,0.99529,0.778
12.31837,47.305325,52.916232,1.040935,0.798
12.375446,47.442991,53.118776,1.091705,0.81
12.417903,47.539207,53.315603,1.149164,0.766
12.467009,47.611519,53.502078,1.188569,0.793
12.517434,47.742417,53.744391,1.233015,0.824
12.566568,47.80078,53.935686,1.274674,0.81
12.616982,47.940627,54.179839,1.309397,0.808
12.667388,47.993331,54.402486,1.33836,0.784
12.717818,48.153484,54.739725,1.360978,0.781
12.766928,48.149227,54.944293,1.378873,0.793
12.81734,48.140489,55.134654,1.387979,0.778
12.86777,48.276256,55.479133,1.391066,0.771
12.918287,48.320555,55.718264,1.387625,0.784
12.968787,48.360079,55.91432,1.371868,0.775
13.019065,48.379325,56.193809,1.347222,0.774
13.069496,48.448126,56.456968,1.326367,0.802
13.119937,48.488448,56.698525,1.287525,0.748
13.170445,48.579548,56.924049,1.23525,0.818
13.220766,48.672479,57.15398,1.186702,0.773
13.271211,48.777218,57.378777,1.134778,0.758
13.32163,48.825361,57.621553,1.07986,0.824
13.372093,49.017552,57.939126,1.026573,0.786
13.423824,49.106682,58.06813,0.966194,0.775
13.47428,49.230325,58.27213,0.904884,0.814
13.524669,49.426431,58.536483,0.834119,0.781
13.575131,49.60085,58.705965,0.771044,0.791
13.625549,49.795171,58.927105,0.702582,0.795
13.675957,49.900165,59.056731,0.643539,0.795
13.726378,50.184278,59.247573,0.567816,0.781
13.77698,50.35965,59.343722,0.501505,0.778
13.827243,50.65897,59.561681,0.43369,0.798
13.877665,50.789968,59.658075,0.365538,0.777
13.928125,51.057708,59.740024,0.297022,0.786
13.978575,51.327314,59.802721,0.22849,0.806
14.028979,51.612995,59.921258,0.158366,0.805
14.079437,51.924977,60.025973,0.088284,0.776
14.12984,52.17447,59.95933,0.021538,0.778
14.180344,52.422425,59.952603,-0.046478,0.79
14.230654,52.666691,60.0056,-0.112143,0.789
14.28116,53.019553,59.978287,-0.18142,0.745
14.331514,53.324282,59.994276,-0.251087,0.754
14.381946,53.568988,59.96064,-0.312399,0.732
14.432515,53.922588,59.89696,-0.379941,0.722
14.481482,54.185656,59.77209,-0.443178,0.76
14.531896,54.424161,59.641325,-0.501513,0.733
14.582327,54.692874,59.521088,-0.568013,0.749
14.632757,54.825032,59.281695,-0.631519,0.706
14.683194,55.13656,59.2167,-0.692429,0.698
14.733618,55.359759,59.045201,-0.757649,0.767
14.782815,55.60068,58.827842,-0.822904,0.721
14.833167,55.864561,58.61756,-0.897007,0.718
14.883581,56.019411,58.393941,-0.965141,0.756
14.934004,56.192154,58.174471,-1.024219,0.724
14.984496,56.39932,57.88587,-1.083733,0.736
15.03353,56.521915,57.621734,-1.136248,0.764
15.083966,56.684461,57.286775,-1.196433,0.754
15.134387,56.745009,57.096146,-1.242753,0.704
15.183487,56.808059,56.876205,-1.291613,0.769
15.233929,56.920894,56.521399,-1.340324,0.773
15.284503,57.034051,56.301277,-1.39113,0.802
15.334815,57.030454,55.969803,-1.436339,0.778
15.383872,57.064813,55.600194,-1.488147,0.747
15.434335,57.166511,55.323834,-1.533062,0.754
15.483411,57.120676,55.053466,-1.567202,0.735
15.533828,57.132664,54.65261,-1.612778,0.759
15.584449,57.103444,54.301825,-1.653902,0.765
15.633384,57.08113,54.103074,-1.682599,0.787
15.683814,57.028983,53.754958,-1.719488,0.79
15.734215,57.003682,53.38211,-1.75441,0.756
15.783335,56.876107,53.131326,-1.782613,0.746
15.83377,56.897359,52.915281,-1.810808,0.802
15.882847,56.722726,52.548284,-1.83684,0.787
15.933279,56.679532,52.302382,-1.860286,0.772
15.982372,56.571708,51.967303,-1.88212,0.778
16.032802,56.597726,51.822765,-1.905087,0.79
16.083239,56.472538,51.488648,-1.929289,0.797
16.132527,56.260122,51.151413,-1.951243,0.759
16.182769,56.181125,50.967675,-1.976848,0.785
16.231893,56.078425,50.632557,-2.005546,0.786
16.282348,55.949055,50.371672,-2.031153,0.783
16.331424,55.816412,50.183033,-2.058421,0.779
16.381831,55.740948,49.962758,-2.08747,0.806
16.432337,55.534043,49.620428,-2.114446,0.8
16.481353,55.385593,49.478067,-2.141584,0.757
16.531784,55.295462,49.262359,-2.173374,0.849
16.582205,55.09758,49.064049,-2.200295,0.803
16.631389,54.939002,48.787936,-2.238536,0.773
16.681735,54.86103,48.63014,-2.268585,0.802
16.732226,54.586991,48.387894,-2.29931,0.784
16.781306,54.488666,48.244817,-2.339557,0.767
16.831712,54.310556,48.072246,-2.371988,0.782
16.882127,54.100014,47.827423,-2.415242,0.78
16.931219,53.851979,47.625238,-2.457683,0.796
16.981697,53.665788,47.540392,-2.501285,0.827
17.032115,53.440199,47.336783,-2.55,0.809
17.082507,53.268909,47.233536,-2.599148,0.775
17.131676,53.029633,47.10419,-2.646016,0.798
17.182073,52.849194,47.017922,-2.695618,0.777
17.232548,52.63703,46.882437,-2.745747,0.786
17.282925,52.346235,46.778533,-2.798419,0.802
17.331997,52.154481,46.721696,-2.853437,0.785
17.382422,51.811944,46.593442,-2.901715,0.798
17.432872,51.568624,46.545493,-2.947024,0.745
17.481994,51.342778,46.508841,-2.980709,0.771
17.532438,51.036409,46.537863,-2.999887,0.794
17.581487,50.790798,46.503521,-3.002671,0.778
17.631913,50.497377,46.431312,-2.995747,0.783
17.681007,50.228287,46.43146,-2.980903,0.794
17.730128,49.889515,46.326559,-2.963421,0.783
17.780599,49.623276,46.270876,-2.935419,0.793
17.829651,49.375579,46.261056,-2.907107,0.795
17.878745,49.132214,46.119842,-2.874587,0.764
17.930359,48.862992,46.149184,-2.836726,0.79
17.978288,48.575237,46.121241,-2.793101,0.801
18.027365,48.306632,46.008774,-2.745064,0.795
18.076569,48.121216,45.966682,-2.703734,0.763
18.125589,47.887204,45.841057,-2.648913,0.817
18.175997,47.569469,45.73237,-2.595917,0.781
18.2251,47.302237,45.550586,-2.544248,0.796
18.274222,47.052482,45.398109,-2.494904,0.834
18.323363,46.877655,45.28762,-2.438274,0.817
18.375059,46.560294,45.088862,-2.385073,0.83
18.42283,46.532798,44.957208,-2.341596,0.8
18.471945,46.185551,44.672549,-2.293871,0.813
18.522416,46.010996,44.525673,-2.251578,0.801
18.571533,45.8916,44.365222,-2.210524,0.82
18.621903,45.651835,44.141399,-2.169255,0.825
18.671033,45.462626,43.838899,-2.129746,0.794
18.721421,45.383814,43.703345,-2.09743,0.774
18.770587,45.251032,43.456831,-2.064876,0.781
18.820957,45.068067,43.154743,-2.033734,0.791
18.870056,44.887226,42.939187,-2.01007,0.804
18.920586,44.825695,42.695088,-1.990192,0.838
18.974519,44.655209,42.410795,-1.96567,0.78
19.020014,44.549447,42.13948,-1.942493,0.737
19.070584,44.429238,41.940067,-1.926668,0.828
19.120873,44.3174,41.631723,-1.918744,0.762
19.169964,44.130713,41.358503,-1.91693,0.783
19.220405,44.065293,41.077657,-1.916438,0.78
19.270855,44.047036,40.902037,-1.921561,0.731
19.32126,43.806504,40.513236,-1.923988,0.731
19.370395,43.748049,40.275416,-1.929686,0.746
19.42079,43.631508,39.977392,-1.943561,0.768
19.471211,43.507568,39.678901,-1.964356,0.743
19.521644,43.409224,39.456472,-1.987092,0.739
19.575771,43.296981,39.208664,-2.013741,0.831
19.622505,43.174065,38.903205,-2.040948,0.725
19.672933,43.064152,38.702535,-2.071891,0.749
19.723351,42.960183,38.442391,-2.105829,0.823
19.773782,42.767255,38.142249,-2.142088,0.755
19.824211,42.717219,38.020965,-2.18339,0.791
19.874653,42.498824,37.738813,-2.229502,0.81
19.925063,42.372431,37.478796,-2.274947,0.766
19.975511,42.202669,37.298007,-2.324751,0.805
20.025951,41.966556,37.070334,-2.374389,0.811
20.076448,41.765139,36.858065,-2.428549,0.73
20.126824,41.583703,36.718673,-2.486501,0.829
20.177207,41.28971,36.516499,-2.539182,0.784
20.226304,41.104923,36.352589,-2.591792,0.769
20.276739,40.858755,36.236944,-2.660739,0.817
20.327201,40.611746,36.033419,-2.7142,0.737
20.390861,40.303245,35.962438,-2.778551,0.756
20.478535,39.805343,35.794553,-2.907261,0.73
20.528885,39.550206,35.675924,-2.965138,0.728
20.579301,39.312543,35.740603,-3.028,0.742
20.629752,39.023986,35.678664,-3.093516,0.799
20.680164,38.819017,35.575418,-3.139985,0.758
20.730646,38.419024,35.686172,3.071714,0.707
20.781019,38.231211,35.683132,3.018409,0.742
20.831471,37.886005,35.629176,2.951511,0.711
20.880645,37.656372,35.732321,2.891889,0.733
20.931035,37.39134,35.812315,2.831123,0.711
20.981397,37.162909,35.852366,2.774619,0.718
21.031846,36.859899,35.888424,2.71964,0.742
21.082254,36.550396,36.148171,2.64892,0.739
21.132681,36.33144,36.230753,2.594468,0.74
21.181792,36.064861,36.35739,2.534741,0.784
21.232211,35.810038,36.573818,2.470899,0.707
21.282647,35.540812,36.72134,2.412936,0.681
21.333067,35.335163,36.92751,2.354926,0.735
21.383502,35.088353,37.140604,2.2965,0.712
21.432674,34.907566,37.368888,2.240604,0.75
21.483028,34.681693,37.566278,2.180994,0.75
21.533449,34.558082,37.852537,2.117421,0.702
21.583881,34.381987,38.125077,2.055569,0.68
21.63435,34.281317,38.339654,2.001685,0.74
21.683412,34.1084,38.572887,1.941064,0.742
21.73392,33.981264,38.967306,1.873179,0.763
21.784268,33.846103,39.31634,1.811658,0.757
21.834739,33.794698,39.577135,1.760084,0.836
21.883813,33.702469,39.931338,1.697144,0.806
21.934231,33.640949,40.150105,1.646494,0.804
21.984691,33.635175,40.478054,1.588403,0.804
22.035197,33.650802,40.877749,1.531718,0.801
22.084182,33.596735,41.236689,1.469325,0.802
22.134637,33.706223,41.551912,1.42078,0.821
22.185043,33.741188,41.889374,1.368354,0.763
22.234136,33.784219,42.242016,1.313843,0.767
22.284674,33.835258,42.494524,1.259326,0.758
22.333666,33.91055,42.893918,1.206375,0.75
22.384125,34.094518,43.202671,1.153931,0.752
22.434562,34.13733,43.446444,1.101773,0.759
22.483655,34.333774,43.844772,1.047737,0.735
22.534054,34.486147,44.079682,0.995373,0.76
22.58453,34.66529,44.402471,0.937283,0.733
22.633587,34.879562,44.664842,0.890271,0.76
22.684049,35.019505,44.954033,0.836281,0.755
22.73312,35.270041,45.208076,0.792348,0.745
22.78356,35.532597,45.512921,0.752209,0.759
22.83265,35.798933,45.743071,0.712644,0.775
22.88308,36.05401,45.949274,0.679837,0.75
22.932173,36.315004,46.147942,0.661438,0.772
22.982623,36.575333,46.395735,0.640244,0.718
23.031729,36.918827,46.553802,0.62287,0.731
23.082129,37.160382,46.755856,0.605008,0.75
23.131276,37.528179,47.003144,0.591924,0.741
23.180367,37.801507,47.149912,0.574204,0.738
23.230761,38.151772,47.479178,0.563637,0.76
23.279862,38.366484,47.527618,0.555133,0.714
23.330301,38.707709,47.736341,0.548971,0.756
23.379395,39.013577,47.920066,0.552045,0.772
23.428513,39.31765,48.106746,0.539465,0.738
23.478935,39.622316,48.236428,0.544069,0.775
23.528033,39.96122,48.439725,0.530371,0.766
23.577124,40.282552,48.625562,0.524336,0.774
23.627557,40.539644,48.720971,0.526879,0.765
23.67837,40.916691,48.98384,0.514704,0.793
23.727103,41.155019,49.064894,0.500287,0.787
23.776183,41.525309,49.343525,0.478126,0.791
23.826651,41.901293,49.582122,0.468302,0.806
23.875727,42.110964,49.58303,0.454326,0.796
23.926141,42.429282,49.733288,0.441027,0.799
23.975255,42.709253,49.863571,0.435542,0.8
24.02568,42.964432,49.978826,0.424235,0.807
24.074795,43.355645,50.154387,0.421823,0.829
24.123907,43.621993,50.272101,0.416146,0.801
24.17431,43.889467,50.359777,0.419254,0.836
24.223404,44.235388,50.565214,0.428326,0.811
24.273857,44.553162,50.617124,0.449099,0.827
24.322964,44.801936,50.745621,0.476778,0.814
24.372038,45.217349,50.979652,0.51305,0.822
24.421132,45.374218,50.969975,0.557455,0.792
24.471557,45.628142,51.145702,0.605364,0.799
24.520712,45.966628,51.353751,0.650114,0.804
24.569802,46.272668,51.576799,0.705929,0.792
24.61889,46.498793,51.754905,0.767387,0.818
24.667989,46.674726,51.903991,0.828196,0.83
24.7184,46.929004,52.073319,0.901107,0.774
24.767706,47.134113,52.373059,0.964813,0.801
24.816901,47.273751,52.522157,1.01893,0.775
24.865703,47.492762,52.865748,1.095336,0.781
24.916228,47.655288,53.019372,1.164174,0.796
24.965234,47.796608,53.28385,1.24082,0.784
25.014327,47.951073,53.574434,1.317761,0.773
25.063456,48.079913,53.835586,1.390778,0.808
25.1139,48.23654,54.139342,1.453492,0.808
25.164287,48.258816,54.415244,1.490231,0.78
25.213385,48.350145,54.730273,1.50994,0.791
25.264748,48.366758,55.006574,1.510742,0.77
25.314243,48.315652,55.29113,1.496809,0.758
25.364777,48.397143,55.641801,1.476191,0.792
25.415103,48.393142,55.964679,1.448997,0.762
25.465524,48.353318,56.178082,1.417225,0.766
25.515958,48.446936,56.518624,1.384149,0.793
25.566382,48.509579,56.788243,1.342509,0.749
25.616811,48.542338,57.069655,1.301828,0.795
25.667265,48.640676,57.374171,1.258437,0.781
25.717679,48.742563,57.646965,1.213345,0.786
25.768131,48.868524,57.941131,1.166222,0.768
25.818637,49.112314,58.231489,1.115291,0.803
25.868953,49.016718,58.372427,1.063853,0.79
25.919387,49.203489,58.67079,1.011489,0.795
25.970005,49.403825,58.879971,0.956699,0.818
26.020238,49.521284,59.097263,0.899433,0.816
26.070782,49.733917,59.336401,0.844002,0.781
26.12125,49.822057,59.552077,0.780652,0.807
26.171529,49.976272,59.745029,0.720722,0.803
26.221948,50.243011,59.84488,0.655103,0.782
26.284548,50.449278,59.982568,0.588598,0.783
26.322814,50.635842,60.189488,0.534521,0.801
26.373234,50.928544,60.337506,0.468194,0.75
26.423667,51.017265,60.406756,0.403986,0.759
26.474094,51.364409,60.469854,0.332581,0.798
26.524588,51.611767,60.615904,0.26271,0.778
26.573619,51.85035,60.663065,0.195154,0.788
26.624068,52.091441,60.695024,0.131793,0.781
26.674478,52.362882,60.712461,0.064149,0.777
26.724903,52.591599,60.784723,0.001148,0.761
26.775339,52.839124,60.769386,-0.061883,0.754
26.825822,53.159823,60.84323,-0.119763,0.726
26.876193,53.39405,60.771323,-0.190913,0.743
26.925295,53.675416,60.77245,-0.254764,0.709
26.975723,53.883381,60.656812,-0.311602,0.719
27.02614,54.141287,60.5563,-0.371618,0.714
27.076642,54.443947,60.448474,-0.432,0.714
27.12706,54.641341,60.393312,-0.497158,0.708
27.176107,54.961823,60.232291,-0.548283,0.75
27.226657,55.190272,60.126549,-0.605967,0.767
27.27696,55.443015,59.93028,-0.660281,0.743
27.327414,55.680179,59.781157,-0.716131,0.766
27.376593,55.879068,59.588644,-0.769111,0.751
27.426932,56.057236,59.332753,-0.823586,0.736
27.477349,56.253274,59.173452,-0.873564,0.734
27.526466,56.449281,58.910454,-0.919511,0.745
27.576876,56.654716,58.659288,-0.974094,0.739
27.62733,56.823587,58.383714,-1.021022,0.745
27.676415,56.995383,58.162421,-1.065478,0.767
27.726851,57.190161,57.860372,-1.118536,0.753
27.778515,57.311089,57.576235,-1.168419,0.762
27.826364,57.447211,57.331377,-1.218239,0.745
27.876823,57.484699,56.96932,-1.2685,0.757
27.927292,57.617839,56.759105,-1.307507,0.776
27.976398,57.7022,56.368102,-1.358297,0.781
28.026743,57.755719,56.049364,-1.404438,0.781
28.075858,57.789282,55.771383,-1.45064,0.79
28.126321,57.817542,55.372382,-1.500087,0.769
28.176828,57.82544,55.063683,-1.545219,0.781
28.22586,57.866623,54.710821,-1.590137,0.789
28.276232,57.776787,54.400234,-1.627784,0.733
28.326673,57.773121,54.075774,-1.67097,0.744
28.375803,57.770671,53.720524,-1.713219,0.748
28.426217,57.691667,53.2893,-1.761383,0.765
28.475355,57.611694,53.015143,-1.792385,0.783
28.525728,57.55698,52.695308,-1.829099,0.772
28.576193,57.447893,52.340499,-1.869076,0.817
28.625246,57.381405,52.016417,-1.904101,0.788
28.675749,57.275782,51.628203,-1.944023,0.799
28.726105,57.101002,51.407704,-1.982274,0.778
28.775209,56.931479,50.997195,-2.027314,0.801
28.825633,56.796557,50.751846,-2.073577,0.76
28.876077,56.663063,50.398076,-2.12321,0.749
28.925212,56.435704,50.068975,-2.175352,0.78
28.975604,56.220647,49.717465,-2.233885,0.793
29.026021,56.053851,49.484715,-2.281543,0.781
29.075124,55.777498,49.195529,-2.333506,0.79
29.12555,55.551521,48.921845,-2.393674,0.77
29.176036,55.278515,48.632096,-2.447318,0.753
29.225087,55.056663,48.466567,-2.500576,0.781
29.275576,54.769138,48.219708,-2.548638,0.789
29.325937,54.413299,48.007327,-2.603495,0.767
29.37639,54.112362,47.798994,-2.664448,0.752
29.425476,53.849253,47.603142,-2.723013,0.769
29.47589,53.547477,47.487429,-2.775444,0.786
29.526322,53.211861,47.334208,-2.830679,0.744
29.575422,52.941199,47.262498,-2.882601,0.792
29.625888,52.582934,47.114719,-2.937239,0.799
29.676283,52.282986,47.095185,-2.9806,0.773
29.725387,51.839753,47.066908,-3.012991,0.755
29.775847,51.572616,47.008158,-3.030601,0.752
29.824911,51.136796,46.916763,-3.032046,0.777
29.874011,50.914816,47.042349,-3.01797,0.751
29.923109,50.523029,46.95672,-2.998292,0.757
29.973544,50.128773,46.889177,-2.971921,0.784
30.022696,49.829848,46.857649,-2.940551,0.778
30.071769,49.480276,46.867171,-2.904979,0.775
30.120867,49.145148,46.845787,-2.861788,0.782
30.169949,48.781283,46.672853,-2.817351,0.8
30.220376,48.467752,46.5875,-2.772215,0.771
30.269475,48.15736,46.501829,-2.722662,0.785
30.318634,47.871637,46.357738,-2.674508,0.814
30.367678,47.544519,46.258915,-2.630098,0.801
30.418129,47.34627,46.135344,-2.570889,0.826
30.467228,47.027227,46.016547,-2.513945,0.847
30.516305,46.788137,45.821115,-2.456332,0.809
30.565409,46.468981,45.640868,-2.40067,0.834
30.615874,46.240871,45.344859,-2.343221,0.784
30.66494,45.965819,45.165932,-2.283203,0.803
30.714066,45.743793,44.993095,-2.221358,0.799
30.76447,45.511732,44.72492,-2.162008,0.812
30.813737,45.3664,44.478133,-2.103013,0.813
30.862712,45.114154,44.182716,-2.040543,0.827
30.913239,45.016,43.954967,-1.977716,0.781
30.962234,44.791358,43.598682,-1.915093,0.814
31.012694,44.776597,43.394603,-1.855731,0.792
31.061727,44.620429,43.0734,-1.806617,0.774
31.112185,44.558691,42.770835,-1.77208,0.768
31.161259,44.423113,42.426282,-1.749979,0.796
31.211756,44.376107,42.150256,-1.739473,0.788
31.262117,44.359002,41.791257,-1.738897,0.752
31.312546,44.15499,41.40686,-1.754198,0.757
31.362995,44.243129,41.195356,-1.761704,0.743
31.41342,44.066253,40.779898,-1.78076,0.733
31.463836,44.003012,40.507133,-1.798624,0.819
31.514267,43.885019,40.110019,-1.83429,0.756
31.56476,43.84582,39.832624,-1.865998,0.745
31.615155,43.747099,39.540029,-1.896201,0.715
31.665539,43.693608,39.276309,-1.932155,0.774
31.715974,43.566754,38.973833,-1.967899,0.745
31.766465,43.524128,38.711339,-2.00595,0.832
31.816906,43.315829,38.401069,-2.046173,0.825
31.867273,43.201105,38.111135,-2.086578,0.839
31.917679,43.073733,37.826529,-2.130597,0.827
31.968132,42.91511,37.595794,-2.173058,0.84
32.017208,42.716474,37.334781,-2.221316,0.845
32.067646,42.569527,37.092557,-2.269174,0.827
32.118068,42.37978,36.886653,-2.31538,0.848
32.168532,42.149613,36.659758,-2.363353,0.83
32.218925,41.901044,36.39324,-2.423772,0.81
32.269348,41.669654,36.24739,-2.473688,0.834
32.31981,41.492296,36.068744,-2.525037,0.831
32.370209,41.255207,35.919785,-2.580637,0.836
32.420726,41.006072,35.732288,-2.63543,0.846
32.471071,40.807835,35.605399,-2.694886,0.757
32.521529,40.437915,35.453219,-2.751308,0.836
32.57193,40.248523,35.388947,-2.814431,0.836
32.622389,39.994263,35.269473,-2.874025,0.758
32.672925,39.695811,35.133421,-2.935192,0.761
32.723225,39.4632,35.143812,-2.999621,0.802
32.773636,39.187384,35.120495,-3.057255,0.775
32.824076,38.837009,35.040965,-3.120151,0.738
32.873198,38.560459,35.052739,3.099043,0.759
32.923587,38.316127,35.101541,3.040926,0.755
32.974543,38.033861,35.110519,2.979117,0.758
33.024458,37.695046,35.065748,2.914199,0.741
33.074876,37.499957,35.213243,2.855306,0.742
33.125345,37.113507,35.222383,2.793579,0.711
33.17575,36.864505,35.331845,2.727419,0.732
33.224841,36.661503,35.437388,2.662144,0.762
33.275523,36.399729,35.544973,2.609627,0.744
33.325719,36.10229,35.744928,2.54014,0.75
33.376449,35.869945,35.819101,2.483109,0.698
33.426752,35.726184,36.002263,2.422864,0.706
33.476975,35.53547,36.248945,2.367923,0.691
33.526078,35.23166,36.405467,2.30709,0.723
33.57681,35.087949,36.583503,2.249911,0.721
33.626952,34.871629,36.808068,2.198502,0.722
33.677364,34.742498,37.143349,2.140191,0.698
33.726467,34.52821,37.377062,2.083795,0.759
33.776962,34.408468,37.614377,2.032764,0.721
33.827325,34.250127,37.904958,1.977426,0.79
33.877764,34.052485,38.182156,1.918994,0.735
33.926856,33.950095,38.518936,1.865945,0.747
33.977304,33.928841,38.787555,1.823499,0.759
34.027739,33.844504,39.0561,1.772598,0.788
34.078135,33.762297,39.399576,1.72408,0.779
34.127263,33.732728,39.67801,1.676595,0.789
34.177667,33.712912,40.03426,1.626364,0.834
34.228083,33.580074,40.429127,1.569041,0.79
34.277191,33.623584,40.7362,1.523037,0.834
34.327627,33.733044,41.127611,1.4762,0.765
34.378052,33.72274,41.397317,1.430188,0.841
34.42848,33.72759,41.803716,1.380769,0.802
34.477577,33.809254,42.146112,1.336663,0.735
34.52801,33.932852,42.571729,1.288172,0.747
34.57844,34.024486,42.79102,1.248081,0.75
34.627544,34.060132,43.124174,1.193121,0.765
34.678018,34.212771,43.462539,1.147022,0.765
34.728392,34.377405,43.849131,1.099602,0.742
34.777494,34.610976,44.259288,1.053131,0.758
34.827932,34.677879,44.453783,1.003946,0.764
34.878369,34.845166,44.737521,0.961331,0.768
34.927481,35.04485,44.997733,0.916257,0.753
34.977881,35.318258,45.391069,0.862596,0.752
35.027056,35.5137,45.598232,0.826307,0.76
35.077415,35.858183,46.003063,0.775519,0.77
35.127837,36.101526,46.222991,0.734896,0.781
35.176991,36.334717,46.455616,0.707444,0.749
35.227367,36.612682,46.679316,0.677646,0.75
35.276467,36.963958,47.021501,0.645268,0.754
35.326895,37.312059,47.271891,0.623563,0.732
35.375992,37.611967,47.389154,0.6103,0.757
35.426419,37.959021,47.676134,0.584672,0.732
35.475617,38.297714,47.888948,0.571387,0.75
35.52599,38.677186,48.090691,0.555703,0.762
35.575142,38.983996,48.272827,0.535733,0.797
35.625485,39.615513,48.683383,0.51907,0.792
35.67458,39.783831,48.742329,0.499053,0.77
35.725027,40.16857,48.91125,0.482309,0.776
35.774109,40.526597,49.089622,0.462214,0.786
35.824543,40.965965,49.298285,0.443379,0.786
35.874987,41.31055,49.437059,0.421631,0.778
35.924074,41.705394,49.654098,0.395863,0.744
35.974502,42.014109,49.725674,0.376652,0.763
36.023603,42.418828,49.92369,0.348287,0.791
36.074117,42.89674,50.133755,0.321334,0.783
36.12313,43.279529,50.249825,0.29441,0.78
36.173603,43.593374,50.291204,0.26798,0.794
36.223982,43.981379,50.388429,0.245522,0.802
36.27311,44.360466,50.523184,0.233958,0.802
36.322185,44.790979,50.58307,0.248876,0.798
36.372613,45.203883,50.698744,0.273145,0.788
36.421713,45.553609,50.761188,0.312217,0.779
36.470863,45.881772,50.806325,0.36607,0.785
36.51992,46.246114,50.971416,0.425445,0.791
36.569016,46.52327,51.01664,0.492506,0.796
36.618128,46.899627,51.1502,0.571416,0.818
36.668554,47.297411,51.368503,0.661271,0.799
36.717649,47.559926,51.41079,0.752896,0.833
36.766758,47.954011,51.62891,0.849734,0.797
36.815876,48.175976,51.863426,0.947076,0.793
36.865077,48.470799,51.984189,1.067425,0.812
36.914072,48.754531,52.156208,1.179236,0.84
36.963174,49.08502,52.397633,1.275945,0.789
37.01232,49.18174,52.704022,1.354777,0.823
37.062739,49.411941,52.924277,1.441984,0.772
37.111817,49.63293,53.115741,1.524711,0.796
37.162252,49.786692,53.375115,1.591865,0.795
37.211317,49.897981,53.704304,1.616698,0.809
37.261767,49.969449,53.912174,1.667477,0.814
37.312177,50.044338,54.043258,1.710274,0.758
37.36262,50.030169,54.324724,1.734884,0.81
37.411731,50.020549,54.526558,1.761444,0.806
37.462231,50.015868,54.681819,1.808429,0.833
37.512571,49.908955,54.909722,1.83697,0.789
37.562987,49.939448,55.11789,1.8583,0.781
37.613418,49.905559,55.362562,1.884228,0.783
37.663855,49.861891,55.482883,1.918942,0.798
37.714379,49.788003,55.745752,1.932815,0.806
37.764781,49.607141,56.019382,1.933533,0.785
37.81515,49.568183,56.120968,1.936998,0.796
37.865557,49.523286,56.36386,1.929374,0.804
37.916025,49.400172,56.629322,1.906464,0.772
37.967739,49.338922,56.819712,1.88205,0.786
38.018215,49.282517,56.966722,1.845573,0.794
38.068606,49.302211,57.265222,1.79791,0.83
38.120352,49.184953,57.477354,1.739393,0.806
38.170893,49.163669,57.661737,1.671152,0.778
38.221206,49.15637,57.861604,1.6073,0.771
38.27306,49.16645,58.181445,1.539291,0.79
38.323394,49.143371,58.384752,1.471096,0.814
38.373846,49.093854,58.523013,1.402317,0.84
38.425575,49.132716,58.801795,1.329795,0.764
38.476025,49.181949,59.092036,1.255491,0.765
38.526434,49.230813,59.210342,1.179107,0.786
38.578293,49.342377,59.431831,1.104191,0.776
38.628618,49.441146,59.68977,1.030432,0.789
38.67914,49.533531,59.869477,0.952928,0.781
38.729481,49.691801,60.060407,0.878656,0.773
38.781224,49.764224,60.267946,0.807213,0.755
38.831703,49.969758,60.338262,0.726367,0.808
38.882081,50.080826,60.482981,0.649953,0.817
38.932617,50.257214,60.631529,0.574715,0.797
38.982937,50.502441,60.766671,0.503679,0.803
39.033369,50.707939,60.913568,0.429429,0.796
39.08383,50.877989,61.072841,0.350499,0.779
39.134227,51.176625,61.067435,0.265486,0.765
39.184664,51.300451,61.177351,0.19473,0.777
39.23508,51.570538,61.209553,0.118667,0.767
39.285507,51.884171,61.345327,0.04978,0.767
39.336048,52.082516,61.26435,-0.020974,0.751
39.386377,52.476306,61.230964,-0.094529,0.746
39.43682,52.637629,61.248007,-0.149764,0.709
39.487226,52.927289,61.280144,-0.207784,0.756
39.537656,53.194125,61.206549,-0.269116,0.726
39.588078,53.397133,61.092515,-0.325183,0.677
39.637181,53.701441,61.069892,-0.377717,0.726
39.68761,53.992163,60.936175,-0.431096,0.757
39.738037,54.169208,60.843141,-0.483824,0.703
39.78847,54.422229,60.642526,-0.536194,0.705
39.837587,54.755088,60.565035,-0.587501,0.742
39.887996,54.919612,60.388843,-0.62698,0.752
39.93842,55.221315,60.184829,-0.683821,0.724
39.987521,55.410832,60.053444,-0.731406,0.724
40.03795,55.644496,59.823259,-0.777897,0.72
40.088377,55.882955,59.564335,-0.826521,0.726
40.137474,56.043721,59.438307,-0.865639,0.713
40.18791,56.259117,59.159904,-0.912308,0.743
40.238332,56.37798,58.940347,-0.95899,0.746
40.287473,56.544306,58.623375,-1.007016,0.711
40.337866,56.807157,58.345857,-1.053451,0.737
40.388295,56.933847,58.096153,-1.090068,0.749
40.437394,57.051227,57.74162,-1.145186,0.772
40.487828,57.226267,57.504276,-1.187,0.739
40.538247,57.288064,57.198654,-1.232289,0.749
40.587359,57.410382,56.892955,-1.277762,0.745
40.637779,57.525731,56.554089,-1.323245,0.776
40.688216,57.600511,56.195398,-1.374828,0.761
40.737361,57.677732,55.962824,-1.414265,0.748
40.78774,57.724423,55.536574,-1.461693,0.745
40.836981,57.750171,55.137403,-1.506382,0.743
40.887287,57.828369,54.839763,-1.550025,0.739
40.937727,57.821055,54.483038,-1.591296,0.741
40.986833,57.709659,54.132623,-1.630267,0.745
41.037227,57.75424,53.76327,-1.677486,0.729
41.086348,57.706914,53.443553,-1.717752,0.799
41.136762,57.62982,53.051053,-1.764746,0.782
41.187212,57.582431,52.730051,-1.80624,0.757
41.236287,57.51241,52.333865,-1.853312,0.808
41.286715,57.383284,51.955281,-1.899498,0.776
41.337153,57.309869,51.64735,-1.941735,0.793
41.386247,57.141802,51.336726,-1.985118,0.814
41.436686,56.982641,51.017393,-2.033174,0.779
41.485815,56.829612,50.649875,-2.086213,0.797
41.536207,56.67995,50.36197,-2.139058,0.793
41.586643,56.560777,50.073184,-2.194733,0.771
41.637165,56.262363,49.707488,-2.255227,0.794
41.686159,56.110536,49.477708,-2.3122,0.784
41.736593,55.833541,49.147543,-2.369253,0.788
41.787019,55.580294,48.872731,-2.431237,0.799
41.836118,55.315397,48.615933,-2.489079,0.791
41.886657,55.02227,48.386379,-2.554661,0.773
41.937167,54.851008,48.254219,-2.617889,0.796
41.986093,54.465632,47.980458,-2.676845,0.795
42.036507,54.154099,47.801238,-2.740032,0.768
42.087004,53.835268,47.61297,-2.803894,0.786
42.13603,53.508627,47.474855,-2.863674,0.755
42.186456,53.178901,47.475658,-2.906202,0.787
42.235566,52.892195,47.347043,-2.963267,0.765
42.285989,52.510844,47.220796,-3.002108,0.762
42.335104,52.151445,47.223049,-3.027371,0.756
42.385514,51.868658,47.240296,-3.049427,0.721
42.434657,51.47784,47.123924,-3.039263,0.746
42.483719,51.203802,47.185276,-3.031084,0.751
42.532854,50.844444,47.179405,-3.004768,0.741
42.581924,50.492541,47.120497,-2.975732,0.777
42.63235,50.092047,47.082147,-2.938543,0.766
42.68145,49.792551,47.006895,-2.906976,0.747
42.730578,49.428047,46.931026,-2.858947,0.766
42.779651,49.237083,46.990461,-2.799822,0.792
42.828763,48.830677,46.813654,-2.73124,0.804
42.877859,48.572577,46.764781,-2.668546,0.791
42.927015,48.264817,46.611971,-2.596815,0.811
42.976064,47.926137,46.479617,-2.515532,0.797
43.025207,47.681437,46.392522,-2.440877,0.792
43.074265,47.39729,46.172922,-2.374184,0.786
43.123404,47.143233,45.932347,-2.289843,0.781
43.173819,46.886207,45.743943,-2.227997,0.749
43.222924,46.633106,45.527938,-2.15747,0.793
43.271998,46.46015,45.313611,-2.092265,0.817
43.321211,46.271293,45.002039,-2.036591,0.828
43.371529,46.107959,44.708825,-1.993121,0.805
43.420632,45.918757,44.487153,-1.959055,0.775
43.471244,45.806497,44.187491,-1.929237,0.805
43.526281,45.733591,43.895883,-1.911748,0.788
43.570671,45.580433,43.57602,-1.895243,0.78
43.621052,45.479986,43.263779,-1.882038,0.807
43.670118,45.309716,42.950963,-1.8657,0.799
43.720538,45.306945,42.685045,-1.855384,0.799
43.771136,45.209787,42.346719,-1.850444,0.786
43.821415,45.019405,41.940069,-1.847611,0.763
43.871203,44.848674,41.661381,-1.852906,0.756
43.921081,44.823449,41.32652,-1.862067,0.773
43.971351,44.793212,40.992075,-1.877047,0.742
44.021791,44.563084,40.589784,-1.892333,0.713
44.072211,44.495535,40.271044,-1.902332,0.703
44.122702,44.38796,39.981587,-1.926624,0.741
44.173234,44.237342,39.611028,-1.956858,0.719
44.22218,44.131614,39.304256,-1.991569,0.755
44.272605,44.022868,39.081365,-2.036271,0.776
44.323064,43.731027,38.70348,-2.077042,0.753
44.373452,43.69404,38.407179,-2.120279,0.807
44.423893,43.521034,38.151393,-2.165488,0.794
44.474315,43.361933,37.86706,-2.203648,0.794
44.526107,43.081739,37.523669,-2.255194,0.821
44.575166,42.971475,37.295257,-2.308374,0.834
44.625597,42.741936,37.067727,-2.36059,0.831
44.676056,42.496952,36.849629,-2.414187,0.814
44.727781,42.269025,36.552507,-2.471178,0.817
44.776885,41.994126,36.462229,-2.532963,0.822
44.827309,41.719062,36.29253,-2.588807,0.817
44.877745,41.464962,36.072982,-2.6451,0.822
44.928165,41.172329,35.93578,-2.70317,0.809
44.978609,40.875139,35.81713,-2.761744,0.782
45.027704,40.570977,35.641046,-2.823145,0.783
45.078129,40.289189,35.611692,-2.884717,0.824
45.128562,40.030025,35.478899,-2.946381,0.739
45.179015,39.723807,35.43905,-3.012187,0.769
45.229404,39.330201,35.331931,-3.073276,0.803
45.279868,39.058763,35.257841,-3.1339,0.751
45.330271,38.710016,35.325545,3.085369,0.734
45.380689,38.453616,35.271543,3.024721,0.734
45.429795,38.154206,35.251024,2.95727,0.69
45.480218,37.749602,35.289486,2.868723,0.613
45.530683,37.557862,35.403548,2.832545,0.772
45.581262,37.24637,35.448096,2.760242,0.667
45.631524,36.86697,35.58197,2.694792,0.751
45.680601,36.629291,35.714229,2.633802,0.734
45.731062,36.400638,35.861545,2.56925,0.743
45.781474,36.111224,36.021825,2.504878,0.712
45.831897,35.866202,36.227651,2.442912,0.709
45.882318,35.6542,36.453722,2.389128,0.636
45.931417,35.346311,36.602063,2.33384,0.709
45.981843,35.162136,36.884222,2.267982,0.737
46.032288,34.938441,37.06708,2.215662,0.743
46.081381,34.764818,37.249358,2.159417,0.722
46.131802,34.608611,37.515735,2.101166,0.688
46.182237,34.467574,37.89253,2.036542,0.749
46.232717,34.269844,38.159475,1.975033,0.763
46.281939,34.106683,38.475048,1.912446,0.738
46.332198,34.018513,38.785989,1.847105,0.803
46.382637,33.90706,39.077947,1.781257,0.755
46.433116,33.81606,39.376913,1.712063,0.779
46.482188,33.789781,39.684593,1.656001,0.815
46.532581,33.691673,40.039555,1.590207,0.839
46.583052,33.679008,40.411656,1.527387,0.817
46.632177,33.668408,40.766755,1.465111,0.826
46.682568,33.630911,40.983647,1.408744,0.751
46.732967,33.665604,41.341374,1.353628,0.826
46.782079,33.783362,41.768644,1.301866,0.815
46.832497,33.884227,42.075701,1.253412,0.767
46.881593,33.933548,42.407869,1.207307,0.746
46.932018,34.062572,42.709426,1.166505,0.781
46.983784,34.235751,43.069994,1.123037,0.747
47.03453,34.349773,43.375483,1.08069,0.803
47.082002,34.527423,43.679365,1.041777,0.8
47.131123,34.617831,43.90245,1.005313,0.743
47.181506,34.784548,44.220849,0.96795,0.738
47.230684,35.040135,44.493486,0.933524,0.762
47.281184,35.258979,44.769188,0.899864,0.783
47.330228,35.437933,44.98036,0.867798,0.74
47.3806,35.677214,45.245031,0.835737,0.741
47.429672,35.894645,45.531207,0.800574,0.776
47.480098,36.184248,45.807123,0.7612,0.78
47.529306,36.393822,45.992808,0.725036,0.763
47.579654,36.655387,46.303883,0.693549,0.752
47.62873,36.930512,46.523451,0.67356,0.738
47.677836,37.256413,46.68556,0.6607,0.761
47.728256,37.549042,46.961665,0.648769,0.779
47.777359,37.863443,47.161092,0.642694,0.745
47.826461,38.156374,47.429868,0.633544,0.75
47.876906,38.464024,47.564476,0.628526,0.776
47.92611,38.725761,47.754087,0.626936,0.771
47.976438,39.05092,47.987048,0.621683,0.79
48.025515,39.378741,48.166462,0.616621,0.768
48.074626,39.709934,48.432765,0.609398,0.79
48.125181,39.981266,48.532577,0.604186,0.787
48.174179,40.260633,48.756386,0.594886,0.765
48.224577,40.570593,48.960626,0.582623,0.794
48.273708,40.908276,49.175033,0.565713,0.799
48.32411,41.225173,49.368335,0.547728,0.798
48.373341,41.50842,49.533729,0.528514,0.765
48.423633,41.751737,49.701948,0.507384,0.783
48.472739,42.193112,49.887399,0.488127,0.788
48.523178,42.525615,50.137195,0.470304,0.792
48.572312,42.845338,50.295573,0.45993,0.768
48.622723,43.126403,50.402486,0.448983,0.76
48.671799,43.568859,50.572437,0.458003,0.803
48.720897,43.78949,50.68569,0.474242,0.804
48.771346,44.204726,50.910107,0.495487,0.797
48.820446,44.454425,50.999386,0.525393,0.807
48.869531,44.748169,51.14814,0.556341,0.832
48.919959,45.045311,51.345656,0.586655,0.823
48.969149,45.294037,51.487181,0.629933,0.789
49.018173,45.72278,51.788692,0.658284,0.787
49.067262,45.828783,51.838926,0.709032,0.803
49.117712,46.119287,52.113895,0.757933,0.762
49.1668,46.404334,52.235149,0.799412,0.786
49.215888,46.605549,52.463027,0.847459,0.8
49.266329,46.881252,52.662751,0.898123,0.795
49.315427,47.09565,52.889151,0.951612,0.814
49.36519,47.26865,53.162152,1.005969,0.814
49.414965,47.552423,53.522269,1.061104,0.803
49.464212,47.640157,53.701998,1.116679,0.795
49.513186,47.748853,53.960039,1.172117,0.794
49.563604,47.945734,54.23778,1.225344,0.792
49.612686,48.113732,54.616152,1.269146,0.787
49.663209,48.175743,54.836389,1.296336,0.785
49.713535,48.258769,55.14543,1.308339,0.765
49.762713,48.383167,55.446567,1.301753,0.753
49.813073,48.467068,55.755372,1.305504,0.763
49.86352,48.508513,56.045713,1.308183,0.774
49.913921,48.581737,56.307672,1.298228,0.742
49.96435,48.702291,56.605491,1.275926,0.785
50.014804,48.849901,56.865938,1.238951,0.774
50.065391,48.876307,57.069915,1.206513,0.764
50.115638,48.988641,57.338576,1.174763,0.781
50.166075,49.177358,57.739589,1.130943,0.822
50.216495,49.131004,57.805843,1.082982,0.798
50.266964,49.21065,58.024641,1.035077,0.796
50.31741,49.449727,58.221556,0.987873,0.795
50.367783,49.530788,58.410588,0.930148,0.812
50.418206,49.677183,58.649446,0.866128,0.812
50.468639,49.765867,58.842627,0.794866,0.8
50.519105,49.915555,58.975268,0.725092,0.77
50.5695,50.097829,59.113564,0.649064,0.791
50.619914,50.307875,59.2892,0.562094,0.775
50.670361,50.548795,59.415459,0.482716,0.778
50.720772,50.728944,59.539475,0.404071,0.79
50.772538,50.945769,59.657795,0.323737,0.766
50.822985,51.093145,59.695001,0.247286,0.802
50.873397,51.33266,59.737176,0.1743,0.817
50.923859,51.531674,59.757008,0.099322,0.788
50.972934,51.808929,59.846057,0.032475,0.792
51.023374,52.087831,59.914833,-0.028878,0.796
51.073779,52.327705,59.865477,-0.085051,0.793
51.124203,52.558284,59.861973,-0.140414,0.737
51.174639,52.791122,59.860501,-0.192933,0.738
51.225061,53.065585,59.837688,-0.240439,0.769
51.274174,53.344646,59.754487,-0.289754,0.738
51.324585,53.533453,59.688518,-0.336137,0.728
51.37502,53.790125,59.584895,-0.383709,0.751
51.425443,54.028795,59.52126,-0.436358,0.755
51.475883,54.27646,59.39064,-0.48533,0.75
51.524979,54.451463,59.23705,-0.533711,0.688
51.575458,54.718314,59.11336,-0.57097,0.765
51.625831,54.920124,58.969219,-0.620221,0.767
51.674927,55.171491,58.771192,-0.667257,0.727
51.725427,55.395747,58.614595,-0.715069,0.763
51.778574,55.59501,58.46417,-0.76225,0.76
51.824929,55.807006,58.283877,-0.80843,0.737
51.875318,55.990521,58.072401,-0.856068,0.759
51.926599,56.191366,57.823275,-0.903155,0.762
51.974854,56.372033,57.647976,-0.942784,0.763
52.025435,56.564987,57.353573,-0.990628,0.767
52.075711,56.705696,57.115205,-1.03754,0.726
52.12613,56.855547,56.828841,-1.078414,0.743
52.175271,56.972307,56.48749,-1.130778,0.763
52.225662,57.083458,56.28625,-1.16939,0.704
52.276089,57.211629,55.942997,-1.222994,0.763
52.325259,57.334763,55.688167,-1.262704,0.747
52.37563,57.452727,55.418449,-1.305779,0.78
52.426152,57.540594,55.028217,-1.356252,0.751
52.475168,57.643069,54.668836,-1.408884,0.725
52.525671,57.631411,54.393674,-1.455628,0.779
52.576023,57.650009,54.066197,-1.503256,0.745
52.626441,57.698487,53.819175,-1.549476,0.748
52.675542,57.6998,53.380159,-1.609995,0.751
52.725984,57.740108,53.046777,-1.666559,0.765
52.776415,57.692408,52.727116,-1.718925,0.725
52.826943,57.611309,52.335424,-1.77496,0.788
52.8801,57.521263,51.995136,-1.829483,0.787
52.926504,57.467141,51.688062,-1.884251,0.781
52.976776,57.340455,51.35965,-1.938961,0.803
53.025886,57.207122,51.065234,-1.996036,0.79
53.076303,57.074667,50.74818,-2.050439,0.82
53.126781,56.925425,50.410776,-2.10461,0.794
53.177298,56.735582,50.073913,-2.158543,0.788
53.226262,56.674264,49.870384,-2.208977,0.797
53.276724,56.400758,49.540136,-2.262488,0.798
53.327123,56.181347,49.237623,-2.314156,0.794
53.376238,55.953001,49.013438,-2.365389,0.8
53.426672,55.745289,48.83048,-2.419473,0.793
53.477116,55.478004,48.523142,-2.476296,0.79
53.526184,55.115672,48.267913,-2.527915,0.787
53.576602,54.845694,48.014515,-2.583563,0.791
53.627043,54.565592,47.859781,-2.636894,0.783
53.676144,54.279886,47.641927,-2.691895,0.764
53.726626,53.977128,47.515747,-2.746712,0.757
53.777011,53.713359,47.4218,-2.799432,0.787
53.826092,53.350373,47.238974,-2.853104,0.777
53.876538,52.993317,47.197943,-2.906689,0.739
53.926968,52.504078,46.984765,-2.957464,0.797
53.97605,52.230153,46.944972,-2.997335,0.773
54.026501,51.790308,46.890547,-3.018481,0.732
54.075585,51.508891,46.8847,-3.018322,0.747
54.124688,51.084201,46.825475,-3.003032,0.756
54.174423,50.677856,46.833695,-2.983726,0.745
54.224224,50.326739,46.770266,-2.96287,0.773
54.273487,49.915053,46.713677,-2.945072,0.761
54.32248,49.585699,46.68243,-2.916049,0.778
54.371544,49.167301,46.529997,-2.889379,0.762
54.421953,48.94605,46.561733,-2.847945,0.781
54.471097,48.458115,46.42616,-2.813677,0.747
54.520149,48.177506,46.317796,-2.784689,0.785
54.570611,47.810071,46.197346,-2.750268,0.774
54.619674,47.544756,46.206402,-2.706674,0.78
54.668807,47.189628,46.022324,-2.66338,0.808
54.717873,46.887308,45.84836,-2.619434,0.791
54.767004,46.65206,45.696509,-2.568393,0.803
54.817514,46.360655,45.596152,-2.509516,0.822
54.867839,46.023264,45.376986,-2.457923,0.784
54.91561,45.785133,45.158464,-2.399108,0.823
54.964713,45.537223,44.968196,-2.332786,0.805
55.015187,45.19317,44.696507,-2.263619,0.797
55.064239,44.977934,44.515582,-2.194925,0.821
55.113506,44.811395,44.298607,-2.119944,0.809
55.16244,44.604166,43.99649,-2.040616,0.797
55.212876,44.433283,43.783064,-1.961212,0.784
55.261969,44.234222,43.532464,-1.879207,0.768
55.311074,44.125072,43.199932,-1.805574,0.783
55.361519,43.94228,42.899009,-1.7446,0.746
55.410598,43.917953,42.700494,-1.69273,0.815
55.461028,43.888719,42.373764,-1.645402,0.748
55.51014,43.785236,42.086699,-1.613273,0.753
55.560562,43.779574,41.806756,-1.591017,0.775
55.610992,43.705436,41.530521,-1.578528,0.786
55.661511,43.730976,41.159083,-1.579576,0.747
55.711846,43.72684,40.915918,-1.587802,0.789
55.762277,43.835624,40.631373,-1.610526,0.746
55.812697,43.724678,40.309515,-1.631548,0.688
55.863128,43.610769,39.995488,-1.667436,0.723
55.913552,43.599021,39.656424,-1.70463,0.739
55.964027,43.607686,39.427503,-1.744057,0.742
56.014423,43.544892,39.143153,-1.78814,0.748
56.064843,43.462223,38.834016,-1.832102,0.748
56.115369,43.483368,38.647574,-1.879555,0.825
56.167139,43.396217,38.335016,-1.931593,0.814
56.217451,43.211753,38.019179,-1.981016,0.728
56.267881,43.206435,37.84672,-2.032089,0.846
56.318352,43.054333,37.577978,-2.085822,0.809
56.368736,42.901353,37.284613,-2.138627,0.766
56.419164,42.819992,37.096873,-2.192469,0.813
56.469593,42.598534,36.823266,-2.251245,0.842
56.520043,42.431699,36.639772,-2.308674,0.785
56.570448,42.257543,36.470019,-2.368997,0.821
56.620877,42.020362,36.206362,-2.425497,0.859
56.671398,41.83834,36.067734,-2.490711,0.769
56.721735,41.712011,35.966667,-2.540463,0.831
56.772167,41.447384,35.723643,-2.600484,0.839
56.822631,41.141321,35.611915,-2.668875,0.746
56.873076,40.91309,35.54253,-2.725433,0.792
56.923453,40.623101,35.404196,-2.786244,0.783
56.973875,40.344352,35.319958,-2.848118,0.832
57.024312,40.128755,35.238124,-2.904039,0.765
57.074736,39.804625,35.018024,-2.963567,0.719
57.125186,39.5538,35.069336,-3.025583,0.817
57.174266,39.397321,35.059304,-3.077569,0.748
57.224695,38.991488,35.022959,3.138892,0.734
57.275159,38.797798,35.021941,3.086772,0.748
57.325576,38.519567,35.05336,3.029143,0.744
57.375983,38.187629,35.058161,2.972284,0.752
57.42641,37.946028,35.114132,2.913942,0.736
57.476837,37.627273,35.126483,2.849369,0.703
57.525935,37.317543,35.317684,2.787658,0.732
57.576392,36.899842,35.361391,2.727633,0.738
57.626866,36.722229,35.453334,2.663917,0.753
57.677247,36.48839,35.592269,2.605487,0.759
57.727651,36.240639,35.726097,2.555076,0.698
57.778081,35.982948,35.921171,2.493622,0.674
57.827202,35.763274,36.045876,2.434092,0.687
57.877624,35.591491,36.267179,2.385696,0.708
57.928058,35.229359,36.475171,2.328787,0.698
57.978458,35.041807,36.69793,2.2706,0.77
58.027588,34.920496,36.856939,2.222513,0.759
58.078004,34.696707,37.188478,2.164547,0.712
58.128442,34.532203,37.46668,2.104802,0.688
58.178845,34.327364,37.688578,2.048131,0.75
58.22795,34.162057,37.952958,1.990589,0.732
58.278376,34.037224,38.28208,1.933324,0.783
58.328959,33.949307,38.469339,1.883169,0.767
58.379309,33.866498,38.786714,1.826025,0.708
58.428333,33.796077,39.136495,1.769469,0.796
58.478764,33.697648,39.477845,1.716006,0.813
58.529208,33.669358,39.785347,1.662538,0.809
58.579616,33.65405,40.185054,1.609076,0.819
58.628736,33.581764,40.509293,1.556851,0.842
58.679157,33.60613,40.879693,1.505109,0.82
58.729636,33.647215,41.234119,1.455393,0.78
58.778678,33.61751,41.498387,1.408564,0.812
58.829107,33.751979,41.922899,1.361199,0.806
58.879654,33.829139,42.221904,1.318249,0.757
58.92866,33.824477,42.516345,1.271751,0.754
58.979103,33.991941,42.978117,1.222892,0.768
59.028172,34.042971,43.213354,1.17673,0.762
59.078599,34.182201,43.510337,1.132408,0.773
59.129034,34.327805,43.94009,1.084774,0.759
59.178128,34.462629,44.168926,1.038376,0.727
59.22859,34.731704,44.653801,0.993016,0.754
59.279011,34.995296,44.965381,0.941603,0.75
59.328099,35.094233,45.208724,0.898729,0.742
59.378532,35.33904,45.424117,0.854444,0.748
59.427659,35.664647,45.765824,0.80952,0.768
59.478043,35.832911,45.994716,0.767108,0.749
59.528467,36.167097,46.350765,0.728479,0.731
59.577626,36.485527,46.615963,0.694441,0.756
59.627997,36.743594,46.818411,0.665206,0.752
59.677106,37.029894,47.031339,0.63947,0.725
59.72621,37.395289,47.290551,0.617009,0.767
59.776627,37.70207,47.550842,0.596016,0.759
59.825731,37.993002,47.705023,0.574901,0.831
59.876161,38.393554,47.954707,0.557413,0.753
59.92528,38.789546,48.240438,0.536464,0.761
59.975706,39.188697,48.435204,0.518854,0.743
60.024784,39.485008,48.547575,0.511301,0.737
60.075238,39.816787,48.775147,0.493628,0.78
60.124312,40.229563,48.941576,0.470681,0.765
60.173463,40.526106,49.115313,0.458386,0.779
60.223862,41.025874,49.398505,0.440258,0.767
60.272945,41.293257,49.486459,0.420294,0.777
60.323473,41.688082,49.65374,0.400754,0.788
60.372524,42.079391,49.870944,0.367883,0.776
60.422904,42.399396,49.906897,0.34946,0.783
60.472003,42.805695,50.089734,0.315957,0.771
60.522459,43.118953,50.137658,0.300635,0.762
60.571662,43.529416,50.261731,0.282854,0.788
60.621957,43.871429,50.363383,0.2889,0.79
60.671108,44.22519,50.428511,0.313583,0.811
60.7202,44.620976,50.523813,0.34261,0.793
60.769303,44.993054,50.670641,0.375858,0.822
60.81838,45.383594,50.812187,0.417098,0.798
60.868796,45.62144,50.897978,0.460327,0.782
60.917898,46.014515,51.015491,0.514668,0.797
60.967006,46.351354,51.231222,0.569637,0.828
61.018517,46.659304,51.343542,0.621359,0.806
61.065206,46.876935,51.519714,0.680508,0.793
61.114305,47.239351,51.815957,0.746833,0.802
61.163494,47.463705,51.939292,0.820437,0.818
61.213833,47.723731,52.140996,0.895296,0.793
61.263081,47.994073,52.402219,0.973988,0.808
61.31204,48.190456,52.603718,1.057027,0.806
61.361141,48.393315,52.831673,1.147095,0.83
61.410242,48.570243,53.109152,1.238713,0.797
61.459346,48.731059,53.432327,1.332538,0.754
61.508451,48.916392,53.669997,1.42499,0.747
61.566594,49.173935,54.023172,1.530761,0.787
61.607971,49.20115,54.268675,1.636192,0.797
61.657071,49.311725,54.583643,1.743994,0.757
61.706194,49.404876,54.803947,1.844816,0.81
61.755281,49.474431,55.093114,1.948116,0.838
61.805729,49.510602,55.417713,2.046465,0.811
61.854806,49.492282,55.728764,2.139218,0.796
61.903907,49.44646,55.999744,2.222784,0.786
61.954328,49.492799,56.248868,2.281979,0.79
62.004767,49.4318,56.468222,2.340255,0.79
62.053922,49.404712,56.730092,2.381835,0.827
62.104291,49.240982,56.982853,2.403465,0.774
62.154721,49.140184,57.171898,2.427283,0.799
62.205163,49.088287,57.376335,2.443174,0.823
62.255578,49.044437,57.568853,2.447973,0.761
62.30603,48.890202,57.696178,2.45148,0.788
62.356458,48.866915,57.87008,2.457068,0.784
62.406888,48.730424,58.019075,2.455439,0.778
62.457315,48.630818,58.137448,2.457567,0.782
62.507767,48.647321,58.27896,2.456184,0.786
62.558167,48.58567,58.329942,2.450639,0.768
62.608619,48.487248,58.411778,2.447948,0.824
62.659001,48.445366,58.503591,2.441144,0.788
62.70949,48.35411,58.581516,2.434827,0.798
62.759902,48.382274,58.614273,2.431431,0.794
62.810283,48.349543,58.642467,2.430525,0.795
62.859392,48.349543,58.642467,2.429668,0.794
62.909818,48.349543,58.642467,2.428362,0.79
62.960248,48.349543,58.642467,2.429397,0.791
63.010671,48.349543,58.642467,2.4327,0.779
63.061099,48.382243,58.614236,2.429411,0.779
63.111533,48.321311,58.609787,2.429085,0.799
63.161961,48.321311,58.609787,2.429245,0.795
63.212386,48.349553,58.642477,2.429075,0.794
63.26153,48.330722,58.620686,2.428952,0.783
63.311955,48.358962,58.653378,2.429117,0.803
63.370583,48.358962,58.653378,2.429144,0.81
63.412777,48.330719,58.620689,2.429006,0.814
63.463236,48.358962,58.653378,2.429009,0.794
63.51234,48.330719,58.620689,2.429021,0.787
63.562732,48.3634,58.592437,2.428767,0.777
63.613217,48.360449,58.63306,2.428729,0.778
63.663582,48.3322,58.600376,2.428847,0.792
63.71402,48.351031,58.622166,2.428907,0.792
