0,32.83344,39.78197,-0.93737,1.0
0.060466,32.815702270668176,39.733173965753856,-0.9366598774875474,0.763892412185669
0.121039,32.815702270668176,39.733173965753856,-0.9359871689284006,0.7633407711982727
0.161369,32.815702270668176,39.733173965753856,-0.9352723833225266,0.7689128518104553
0.221931,32.815702270668176,39.733173965753856,-0.9345791510931578,0.7530392408370972
0.262256,32.815702270668176,39.733173965753856,-0.933854919733943,0.7538760304450989
0.321784,32.815702270668176,39.733173965753856,-0.9331900740021108,0.7405208349227905
0.362225,32.815702270668176,39.733173965753856,-0.9324652960531911,0.7310694456100464
0.422761,32.815702270668176,39.733173965753856,-0.93176174914713,0.7406800985336304
0.462698,32.876725251944,39.724502510598995,-0.9395538464946122,0.7414005398750305
0.523185,32.862824494862124,39.76786573179566,-0.9388298484358812,0.7265689373016357
0.563478,32.8279857836084,39.74232157007171,-0.9381263874854592,0.7445465922355652
0.622974,32.8279857836084,39.74232157007171,-0.9374076220232952,0.7507445812225342
0.663444,32.85357897741489,39.70751886283817,-0.9367182577976859,0.7548270225524902
0.722933,32.836499301080266,39.73070775363322,-0.935961764314416,0.7420575618743896
0.763287,32.87126457721495,39.75635176999726,-0.9352571676222705,0.7483765482902527
0.822833,32.83651808362503,39.730682309870375,-0.9345250970159701,0.75702303647995
0.863257,32.83651808362503,39.730682309870375,-0.9338203037531418,0.7546991109848022
0.92286,32.83651808362503,39.730682309870375,-0.9331249635640522,0.7516217827796936
0.963213,32.80182529762463,39.70494030918025,-0.9324357741634717,0.7571999430656433
1.02369,32.83722349483488,39.731012079394475,-0.9402142234326476,0.7279798984527588
1.064062,32.86048118602029,39.74799795001462,-0.9400010534476712,0.7274827361106873
1.124517,32.85822608973797,39.79986889121253,-0.9393459456889631,0.7335410714149475
1.163869,32.84044058149629,39.7510902514551,-0.9376392075549387,0.7293596267700195
1.224352,32.85751147367771,39.727894893295975,-0.9363405201762283,0.7642328143119812
1.264677,32.89225434640548,39.75356925394278,-0.9343840532802161,0.7410487532615662
1.325182,32.8866687936271,39.68987955890322,-0.9409373053242831,0.6987248659133911
1.365525,32.889020183858946,39.63801289365494,-0.9374894555467856,0.7364453077316284
1.426125,32.88943001322703,39.63831465033959,-0.9389495367126334,0.7321861982345581
1.466449,32.906622595862316,39.61521482606317,-0.9427532886320561,0.6925831437110901
1.526055,32.9843302361368,39.58202855212008,-0.9505704283219165,0.7286600470542908
1.566416,32.98677603896496,39.492294714326476,-0.9600105519006618,0.7378243803977966
1.627229,33.03681627140321,39.421867663484626,-0.9645082199477819,0.695927619934082
1.666748,33.054451497188836,39.347523945113096,-0.9760887653372643,0.7275362610816956
1.727231,33.13214376539899,39.36365583117636,-0.9881589958097606,0.7138442993164062
1.767519,33.142328073263904,39.2624680428612,-1.006194159392179,0.69957435131073
1.827983,33.18120981549268,39.229888553866836,-1.0118707638973718,0.6665219068527222
1.868352,33.20328591864304,39.10420027315013,-1.0310770763278192,0.6926470398902893
1.908748,33.24140755975695,39.043118343841364,-1.0381295046564258,0.6316908597946167
1.969181,33.28604739978169,38.96915567262652,-1.0556050146342861,0.6432526111602783
2.009545,33.36006410050489,38.92766057594931,-1.0692786003015644,0.6769283413887024
2.070119,33.327355353401465,38.821966015812876,-1.0835147709478377,0.7229146361351013
2.110477,33.44614207372787,38.69618570661703,-1.08797122271501,0.6310457587242126
2.16998,33.42607059149623,38.632783234343115,-1.098744134837734,0.6937814950942993
2.210394,33.501061937732544,38.48248147874756,-1.1126093187416466,0.675812840461731
2.270005,33.55901009524675,38.37370409274054,-1.125293915701157,0.6780418753623962
2.310489,33.60020042411842,38.2255811282419,-1.127719145010497,0.7638568878173828
2.370095,33.63744433136487,38.14938752982813,-1.1357879985511024,0.7300878763198853
2.410464,33.772150003232085,38.02826334008135,-1.130229773509277,0.7189403176307678
2.470029,33.772167113958105,37.91236717672076,-1.1298267962820325,0.7653168439865112
2.510383,33.838405117260486,37.805137760877564,-1.1256474297503625,0.7359477281570435
2.570987,33.9237056076603,37.52440202106468,-1.1096168906779924,0.7304105162620544
2.611318,33.96970122414056,37.43290935511451,-1.1010797265716539,0.7138789892196655
2.671789,34.06382903511306,37.2759955883799,-1.0914731731480807,0.7392586469650269
2.71216,34.09707670011181,36.98995345089792,-1.077130960078085,0.7492792010307312
2.772816,34.32340609045666,36.9830067922729,-1.0648508075667995,0.7484428882598877
2.813151,34.251827072283824,36.81406324406266,-1.0451129338976926,0.7054186463356018
2.873682,34.42669060436371,36.667537629496174,-1.0128628909747472,0.7296638488769531
2.914075,34.60639238502409,36.3648082455459,-0.9703932125095519,0.7256228923797607
2.974614,34.73088494270326,36.24461609917273,-0.932037936806469,0.6946095824241638
3.015025,34.687602383102416,36.21058015030964,-0.8993853388621922,0.6219814419746399
3.055392,34.86859431070197,35.95996266285871,-0.8347627649645664,0.6451557278633118
3.114891,35.05977915454958,35.79072474467731,-0.7832745580833831,0.5979763865470886
3.155267,35.23526379776493,35.597291222265575,-0.7311745975930554,0.6250690817832947
3.214799,35.35989445845703,35.40990641065841,-0.6723694600139031,0.6580252051353455
3.255223,35.49577709354324,35.2600993857992,-0.6182901000627572,0.6580213904380798
3.315752,35.70622115693799,35.13806550814933,-0.5717542929549639,0.6420773863792419
3.356058,36.022777885247315,34.929313905591414,-0.523714305140681,0.6082314252853394
3.416594,36.17021292108772,34.87533121505359,-0.4679548721475603,0.5804744362831116
3.456918,36.40917719704363,34.6158366785363,-0.40270677536212574,0.5594366788864136
3.517434,36.613141969595716,34.59508489097551,-0.3460207683936471,0.5689198970794678
3.55687,36.669933909736365,34.69158485867357,-0.29992941567693565,0.5230829119682312
3.617441,36.91107121308468,34.4587060503116,-0.22431855493076663,0.48028045892715454
3.656765,37.170309848629174,34.480348046005425,-0.15434995785263894,0.5175424814224243
3.717297,37.453455424895104,34.386388451646525,-0.07335706191443851,0.5095457434654236
3.756656,37.72905141373697,34.28661531179752,0.007199875408145582,0.5111484527587891
3.817541,37.97574931921279,34.38170586630786,0.0777498142484935,0.5008789896965027
3.856523,38.22870876233198,34.3475077142848,0.15405956543608473,0.4693180322647095
3.916976,38.51102729056737,34.32505452424385,0.21809753989261352,0.5023096203804016
3.957359,38.78703576993168,34.35173473142454,0.27272477291457314,0.5209932923316956
4.01676,39.0499186420995,34.42127915052904,0.3134840160241245,0.5764356851577759
4.05724,39.263461019856564,34.577644346246565,0.3382837679721443,0.55909264087677
4.117734,39.58900385422179,34.682430278156325,0.37480511564822727,0.5644033551216125
4.157987,39.8246310229242,34.70506448025957,0.4135062110119577,0.6161536574363708
4.218505,40.11641555617015,34.86935038615827,0.4343411593838158,0.6293563842773438
4.257832,40.389663721044435,34.95617092608619,0.46939958287486566,0.5714836120605469
4.318412,40.7769094630655,35.13373498184898,0.5165534497078499,0.5608054995536804
4.358742,40.887433185754055,35.3244949401245,0.5728902797998959,0.5754462480545044
4.399054,41.27290349165347,35.39477149202229,0.6440549215880799,0.5670157074928284
4.458726,41.54490581465025,35.75688787678287,0.7032758693158448,0.541488528251648
4.519192,41.8869449826704,35.81228930680661,0.7686900991139757,0.5482756495475769
4.559472,42.07665831860061,36.07478497289943,0.8277295576835811,0.5746957659721375
4.618897,42.295051445576995,36.30340037623318,0.8836585669481192,0.5612936019897461
4.659176,42.545194817967534,36.60150883622264,0.9330661433627928,0.6164305806159973
4.71871,42.72240881463981,36.80894988700306,0.977122916776551,0.6477610468864441
4.758999,42.93113452650716,37.05666046897848,1.013955619309584,0.6670897006988525
4.819542,43.14147709289704,37.356530973267375,1.0450063590149692,0.6187316179275513
4.85981,43.227003512854196,37.590568251235446,1.0690430512376006,0.6665974855422974
4.920348,43.48840352712412,38.002222582529086,1.100618963287561,0.6456708312034607
4.960779,43.676087665492076,38.167738874206925,1.144981071959127,0.5843853950500488
5.001159,43.879795724191,38.554505315511165,1.1832040353755413,0.5822200775146484
5.06064,44.07906362917927,38.82521849639414,1.2220404979092951,0.6208333373069763
5.100964,44.14470360522972,39.23265478642221,1.267310000150244,0.6129311919212341
5.161399,44.319385467645155,39.5334195180998,1.3240128909794149,0.5917860269546509
5.200739,44.446326606978275,39.79884132191847,1.3817866200014424,0.568863570690155
5.261183,44.499149652270894,40.28651592214109,1.427261386197705,0.533272385597229
5.301467,44.63643059532436,40.694429766543486,1.4766574015789191,0.5755465626716614
5.361921,44.63505806782742,41.05954289988766,1.536511995841147,0.552656352519989
5.402337,44.72179274565167,41.33298854598845,1.5987577939313804,0.537373423576355
5.461827,44.73426334037477,41.67673695005461,1.6363624417264644,0.5953319668769836
5.502153,44.76547903250208,42.09936677717495,1.668779823087616,0.6213959455490112
5.563533,44.755618567724255,42.47621591911478,1.6897967166665817,0.6554428935050964
5.601924,44.80260158426587,42.71106250765858,1.702415514942816,0.7441664934158325
5.662303,44.7835147683917,43.075042478995975,1.6922090814053172,0.7680386304855347
5.721832,44.73959261399441,43.39201113286534,1.6594033426647377,0.5995986461639404
5.762256,44.8225915421148,43.67362408963471,1.605991661559393,0.5412891507148743
5.821671,44.78092786206744,44.028691575604235,1.5329056745581506,0.5598397850990295
5.861965,44.850491023743054,44.17781896736609,1.4500547375108772,0.44878047704696655
5.922429,44.85335050204377,44.38723209460907,1.347701150525334,0.4179583787918091
5.961751,44.83008730642353,44.74268146821135,1.2241602315209277,0.4092489778995514
6.022114,44.72477844699514,45.102996816533654,1.0969784505557538,0.3962196409702301
6.062419,44.851201376241846,45.09277427255333,0.9721123554392821,0.35053977370262146
6.122845,44.820653283336625,45.4289615765572,0.8207583353250182,0.3679863214492798
6.163494,44.9485559327674,45.78715295118127,0.6887987654174792,0.38008198142051697
6.222828,44.91154908625993,45.95052296814482,0.5534081880154984,0.3629557490348816
6.28332,44.988947766553196,46.20348941379591,0.4334174680970913,0.38880422711372375
6.323763,45.11137588985781,46.38619903917066,0.3169475299412205,0.39214640855789185
6.384341,45.25590005545463,46.58419913852607,0.21084569945503095,0.36777812242507935
6.424751,45.45739724339456,46.60990876914333,0.13436337316403033,0.3725178837776184
6.485162,45.72807028780644,46.60725089041936,0.05763550169658498,0.4306027889251709
6.525516,45.77664980457827,46.668018484359415,-0.027472614805245345,0.46383732557296753
6.586018,46.035561542044306,46.67856324005649,-0.08750741121166955,0.48801273107528687
6.626329,46.08118979863193,46.76005230808543,-0.14956703551577444,0.5637545585632324
6.686766,46.291875638706756,46.80177652311661,-0.1986832652917071,0.6258634328842163
6.727044,46.49300320015539,46.722970482154416,-0.23176790100431752,0.6578091382980347
6.787537,46.59559107824878,46.668430413347195,-0.2650270795699396,0.7302296161651611
6.827836,46.825538547225406,46.65638128226831,-0.294959609472883,0.702322781085968
6.88836,46.93583728292575,46.6092252776463,-0.3232180298663537,0.7180635929107666
6.928717,47.103434529410734,46.52717065703497,-0.35862579276734735,0.7274860739707947
6.969455,47.319478453528696,46.45172801635393,-0.3811885533264092,0.7756280303001404
7.029902,47.472873038955164,46.301217733805444,-0.3997716467667274,0.7601050138473511
7.070216,47.72903269823316,46.27749983434906,-0.41515335511996493,0.7692917585372925
7.130829,47.90050613550391,46.17278482446475,-0.4295135511579006,0.767275869846344
7.171127,48.13254608203828,45.975680898828266,-0.4411341515838301,0.7564387917518616
7.230673,48.27663210441065,45.98725957095734,-0.4351952016405308,0.6982505917549133
7.270916,48.492265427726956,45.93878983099682,-0.4107298199938112,0.6513487100601196
7.331484,48.66712201091375,45.901754961249324,-0.39027742392401793,0.7062691450119019
7.370831,48.849158604606004,45.81873652774225,-0.35327851626770307,0.6750668287277222
7.43129,49.04510646929676,45.71582240625573,-0.3018723459942301,0.6748673319816589
7.47086,49.17010980845056,45.771987252183855,-0.2635975483048205,0.5643921494483948
7.531252,49.46060827767062,45.635316275941136,-0.20864518048787112,0.5909534096717834
7.570696,49.79573371967964,45.62440740858112,-0.14260528025902947,0.5618425011634827
7.631156,50.06183775417335,45.57186781039605,-0.07769437664841417,0.5231499075889587
7.671516,50.205748887223315,45.53063991484875,-0.012121523181133131,0.5518422722816467
7.711812,50.414711407817734,45.435085030888615,0.05811321675335527,0.5809215307235718
7.772331,50.76340917498389,45.47050210449085,0.11638189983424992,0.5903282761573792
7.812614,51.17633495271,45.505559744170654,0.18893377129600744,0.564940333366394
7.873143,51.29948416808943,45.554825424171646,0.24900596127062957,0.5515391230583191
7.913445,51.64501673067611,45.593952528784335,0.320777097662411,0.5805454850196838
7.97294,51.96148213356254,45.648784700114746,0.38740863220952,0.5933167338371277
8.015138,52.09908334076342,45.70096218131868,0.43504158833518175,0.6271288394927979
8.074497,52.498401884177696,45.84110490104138,0.4952203633022921,0.6721706390380859
8.114855,52.66522059110731,45.993440494766524,0.5374566292993849,0.6137199401855469
8.17528,53.035976763772645,46.06081144817416,0.60066454975301,0.6672067642211914
8.214607,53.36093423294336,46.27962013495435,0.6517180949986564,0.6416229009628296
8.275124,53.52036463459421,46.444426818143555,0.6984863025532062,0.6890336871147156
8.31549,53.871171695500365,46.66619652778353,0.7440785787036871,0.6729166507720947
8.355743,54.118129937278,46.83022373215912,0.7835753187060901,0.6978490948677063
8.416151,54.28678015653923,46.982929807413555,0.8209450374287848,0.7151344418525696
8.456386,54.51512041420184,47.21838921180523,0.8506175183267798,0.71710205078125
8.515787,54.82057663665158,47.558968071288334,0.898434121760973,0.6773911714553833
8.55609,55.05579462355251,47.768625046861416,0.9389034881658866,0.6645485162734985
8.616398,55.20917792734591,48.112881629764715,0.9747479323188424,0.6897440552711487
8.655713,55.45234584488467,48.32449854375317,1.0145069393851656,0.6689143776893616
8.716081,55.669805513402785,48.70925010824494,1.0629296815206875,0.633400559425354
8.756264,55.8024193383696,48.95662557795849,1.1119877040479447,0.6325051784515381
8.815692,55.96629961865734,49.268791052863584,1.1589963180829927,0.6322820782661438
8.855902,56.10854574713368,49.57391692645926,1.209963396253483,0.6352372765541077
8.91623,56.32740845882487,49.983733889753225,1.2530638662082132,0.5957022309303284
8.956455,56.46722819288911,50.26542126938278,1.3058037677139875,0.5994283556938171
9.016769,56.67632990969338,50.632022370650674,1.349845574818384,0.5985854864120483
9.057009,56.715936048662705,51.065852816993456,1.4091018182665025,0.6032602190971375
9.117468,56.80691678827463,51.26369811452001,1.4535348533576493,0.5966684222221375
9.156693,56.950070114613766,51.7824727180734,1.5048515303035008,0.60630863904953
9.217118,57.028652674078764,52.13744559064567,1.567221438504836,0.5657858848571777
9.257399,57.1145663521644,52.444807318328785,1.613749567775089,0.5851064920425415
9.316881,57.093459863600515,52.86470419156933,1.6729065479475458,0.6005313992500305
9.357164,57.03905684953338,53.301902217734956,1.7248620652759379,0.5800539255142212
9.417626,57.09814854691623,53.752238623100425,1.786507208654584,0.5736902356147766
9.458019,57.11414141743232,54.14070983232181,1.8448032392006566,0.5751699209213257
9.499677,56.965584720928916,54.42129247080663,1.9069340164861912,0.5389760732650757
9.558811,57.02830812247766,54.7558025280829,1.96204156633154,0.5396735072135925
9.599066,56.861886579567255,55.1613046548963,2.0317966856564755,0.5701087117195129
9.658515,56.71951525152481,55.62683547103839,2.101839417461602,0.5573390126228333
9.698855,56.502985917070795,55.873665432793004,2.179968348655305,0.5248978734016418
9.759314,56.352136524179066,56.213328747895794,2.2492694521062084,0.5557215213775635
9.798622,56.19175922599675,56.491951247941635,2.310850332152387,0.540316641330719
9.85906,55.96869514638836,56.80972492962039,2.3823022464916663,0.5253355503082275
9.899349,55.64930915345082,57.110963304928184,2.4752003286411295,0.46816378831863403
9.958833,55.49241214970352,57.47068721826356,2.5685393131168976,0.5069435834884644
9.99908,55.29401035772023,57.681114623926746,2.6432971689689158,0.5496360063552856
10.059471,55.01245097956123,58.046605662093995,2.7094320348605563,0.563546359539032
10.099771,54.78076054767597,58.06811977620877,2.773368496036321,0.5317471027374268
10.160133,54.50055571516084,58.237355682265715,2.8638937313379165,0.5122499465942383
10.200384,54.330243338428986,58.536710902792244,2.9605504497182533,0.45493245124816895
10.260731,53.908001258393774,58.74728245177611,3.034971555485773,0.5868002772331238
10.301057,53.563212449337655,58.66147487653145,3.0713138863162825,0.5113071799278259
10.341377,53.12023079671942,58.90035220493584,-3.136259037474385,0.5325100421905518
10.400988,52.95537257695645,59.00729471518463,-3.0539976284802606,0.5290077924728394
10.441267,52.5978378488028,59.07711914457873,-2.988732631336356,0.5647162199020386
10.501816,52.305138860712916,59.0245649715793,-2.955645941360831,0.6232285499572754
10.542187,51.99860397158713,59.027050521768594,-2.924376975227671,0.608415961265564
10.602672,51.66376587920448,58.91878726247887,-2.886984837195586,0.5819323658943176
10.642964,51.31009724381725,58.9649287883622,-2.82451222104207,0.5746819972991943
10.703595,50.98494366793421,58.95784081804157,-2.7988914093685824,0.7600955367088318
10.744042,50.55353311801549,58.8370531497069,-2.802897789757261,0.607482373714447
10.804442,50.28659685074174,58.622765654905024,-2.794230742272256,0.6672587990760803
10.864074,49.93931180324768,58.4157950712685,-2.760588654937001,0.5809326767921448
10.90428,49.72728206897693,58.438153582816696,-2.7154075736613947,0.6561220288276672
10.944683,49.311343889084505,58.3813673855397,-2.6892075169641476,0.6459781527519226
11.005661,48.962804652195395,58.17479735379292,-2.6623726134053927,0.5956125855445862
11.045885,48.63952224191185,57.92845950552323,-2.6266581141224457,0.5628165006637573
11.10622,48.251110459708606,57.802791501744814,-2.551209706668994,0.5803384184837341
11.146426,47.93157641886845,57.59570547645416,-2.516949293146067,0.6587178111076355
11.205758,47.588231656549816,57.3442732558606,-2.4852763191366183,0.6507002711296082
11.246027,47.34427337732281,57.28204292688372,-2.4567775068615942,0.5989151000976562
11.30636,46.91860608341034,56.874202773204054,-2.371090786114828,0.5894338488578796
11.346652,46.626266854092385,56.67125991136532,-2.334347247723916,0.6218092441558838
11.406957,46.26887808371681,56.39589243545654,-2.31360123027292,0.6403944492340088
11.447212,46.02571976580072,56.1416949242545,-2.2829206751943416,0.5765023231506348
11.507667,45.951072729736374,55.85136336503761,-2.2249446567386544,0.5333333611488342
11.548128,45.52312288347569,55.51777798642031,-2.1327571650357573,0.5700632333755493
11.607601,45.31034068744583,55.3280445161304,-2.103604504199726,0.5840013027191162
11.648051,45.13941537490969,55.044351392201904,-2.0640035163969372,0.5523744821548462
11.708476,44.96540663623239,54.7149439154025,-1.998177695402461,0.5003878474235535
11.748678,44.67132051947194,54.16961711616071,-1.860760291146164,0.4447345435619354
11.809194,44.54949563658268,54.010825446208294,-1.8289395764870995,0.4689834713935852
11.849481,44.401747185227975,53.66278933714162,-1.7529804492779753,0.4534090459346771
11.910059,44.28631219460137,53.391102761114226,-1.6794614995162294,0.442690908908844
11.950258,44.244376788995346,53.040654627344004,-1.5898429725947794,0.4184815585613251
12.010676,44.1608472494906,52.67634133992253,-1.499412202583644,0.4402635991573334
12.05099,44.08533383838948,52.437155339565166,-1.4186173948237546,0.457288533449173
12.111444,44.024463807314795,51.914041576208355,-1.3379531190630458,0.47787269949913025
12.150759,44.05162058830564,51.57656040491173,-1.2685761958916297,0.4712074398994446
12.211171,44.17609398035376,51.37385711657588,-1.1824603096902595,0.4156435430049896
12.251406,44.199263469052305,50.92842037629339,-1.078779724085503,0.4679665267467499
12.311856,44.22099984080246,50.6519172107392,-1.006113540219302,0.5021798610687256
12.352137,44.455925845764135,50.29450673911636,-0.943199636200545,0.5199275612831116
12.411608,44.5626367012535,49.9288245548496,-0.8840998658290851,0.5023529529571533
12.451926,44.70174628884112,49.67092866475627,-0.8211889105811779,0.574160635471344
12.512288,44.78127582589643,49.53552683703082,-0.8076731249578686,0.7416824698448181
12.551562,45.08744901142872,49.15619413116855,-0.8171137574362706,0.7030724287033081
12.612128,45.309132549046005,48.958447565371564,-0.848951597955145,0.6642736792564392
12.652322,45.53995259609649,48.63000850710025,-0.8772656932389191,0.7109115123748779
12.71291,45.759508082338755,48.43824999761132,-0.9087390053095022,0.5744559168815613
12.773552,46.00798908934018,48.054035511239235,-0.9430945459382247,0.6137999296188354
12.813885,46.1913207327847,47.76834651018703,-0.9930804908761383,0.599958598613739
12.874342,46.33394856947723,47.55981950442555,-1.046854586333322,0.5751731395721436
12.914587,46.47832710467753,47.208169421568996,-1.1012849273339502,0.5769039988517761
12.97505,46.65744392990937,46.88301850824407,-1.159306952577499,0.5830795168876648
13.015321,46.81077679881021,46.4841938251018,-1.2161910881468454,0.5523057579994202
13.075763,46.938839354249495,46.214445993855335,-1.2815000035419466,0.46932876110076904
13.115999,47.133697429108516,45.98781896185553,-1.3627434780312095,0.42436671257019043
13.176382,47.27862109875649,45.570590370292614,-1.4735383628335992,0.4234527349472046
13.215818,47.18994812596419,45.397551649058435,-1.5953010582521228,0.3658905327320099
13.276298,47.34845706071594,45.1022396534695,-1.7253045951449788,0.3648586571216583
13.335814,47.96082284719891,45.248746666175414,-1.8552297605946457,0.2809583842754364
13.376016,47.82838381233651,44.31298158271423,-2.039080079374916,0.2821252942085266
13.436542,47.79647353596142,44.152043128994706,-2.1738113807717583,0.2696692943572998
13.476805,47.426075637960686,44.09661192245573,-2.3377113649153616,0.383965402841568
13.537237,47.49962375955342,43.91508826535138,-2.4701299379357127,0.3464463949203491
13.576588,47.474545751615324,43.8082705343702,-2.6063189120875148,0.3668059706687927
13.637109,47.705920524032464,43.689678095301595,-2.7260434451755438,0.33519554138183594
13.677297,47.50789442076582,43.510678222857614,-2.852336002774816,0.33949097990989685
13.736709,47.088917962760725,43.3827144032755,-3.036180582037832,0.3513188362121582
13.777034,47.09929336086778,43.34121124525251,-3.141094251722115,0.3705076575279236
13.837913,46.8896709529,43.213558573340684,3.0491577352696386,0.39555275440216064
13.878204,46.86599145888662,43.160520972561926,2.9553674717422003,0.4316594898700714
13.938724,46.70539051996423,42.97480710321693,2.883266514012553,0.44682374596595764
13.979025,46.605559501214785,42.91588720823927,2.820988809949667,0.48625385761260986
14.03959,46.4542803135563,42.83608988733028,2.7633112294729467,0.5193768739700317
14.079876,46.42561357416708,42.84207614608459,2.7128747690897552,0.609940230846405
14.140356,46.24218864770467,42.92184234074392,2.6940863414679335,0.6152707934379578
14.180697,46.24141257870419,43.10353923142923,2.6859107015530572,0.5795148015022278
14.24128,46.13058063601212,43.15287035474099,2.649507286495818,0.6010337471961975
14.280612,45.97916255222753,43.19270606359678,2.62369559886495,0.5364599823951721
14.341087,45.82676812415564,43.27097830124317,2.59184512715235,0.5633271336555481
14.381417,45.77713848941947,43.33977900938541,2.553722829511481,0.5533718466758728
14.440964,45.66597300312531,43.403916939290646,2.5190260449955177,0.574999988079071
14.481346,45.52764305787929,43.552284835621684,2.4951750907870403,0.5589776039123535
14.541842,45.35260559958651,43.60499433082673,2.464409558520982,0.5678879618644714
14.582121,45.351196950243626,43.652844280384556,2.4076180038603887,0.5915430784225464
14.642714,45.22990502497792,43.81568569277684,2.387930030294046,0.6642170548439026
14.683216,45.029257939251885,43.96187523379569,2.3747306780555473,0.745164692401886
14.743794,44.85800082466224,44.06562167326406,2.368015024141347,0.7517447471618652
14.784155,44.7176968607764,44.145751497335745,2.3782584006311174,0.6972153782844543
14.844827,44.58643810478482,44.25637991927341,2.388092997888004,0.6514235138893127
14.884918,44.49940005379607,44.523390872192955,2.404559828237216,0.6331603527069092
14.925339,44.23631270061839,44.72260582819864,2.419642137599259,0.5827839374542236
14.985811,43.97796509566364,44.858413283900205,2.448697739476506,0.5735971331596375
15.026164,43.900940156403536,44.95704573188013,2.4847452046662495,0.5695027112960815
15.085627,43.67016717025747,45.05211199801675,2.5174851439571957,0.5809021592140198
15.125933,43.51003113666557,45.23791298640015,2.5500337009912455,0.5916815400123596
15.186374,43.331257182827535,45.32944123037927,2.585584715293407,0.5879234671592712
15.226826,43.1586629565258,45.52523484122967,2.6207776394752753,0.5730524063110352
15.287397,42.9571733117139,45.67416663126468,2.6609997141917714,0.5242844223976135
15.327693,43.113369558871995,45.59648871754897,2.6411319924407994,0.47636857628822327
15.38819,42.8904432870855,45.85215086058957,2.6731098612517123,0.49147728085517883
15.428476,42.32785993712861,45.97150476771581,2.7617412779114807,0.47933635115623474
15.468976,42.33868085918992,46.11030756710069,2.7444623038469347,0.48113736510276794
15.529513,42.11980649906886,46.122312783625866,2.796305980352255,0.4940961003303528
15.569871,41.94134607836557,46.209943998563915,2.8529562483112354,0.5396056771278381
15.630348,41.58954208903931,46.2787777632587,2.899082651105464,0.5194570422172546
15.670697,41.30381417268057,46.45209696638268,2.943679775370285,0.48442375659942627
15.731139,41.10325309211002,46.45243250786825,3.011655858553321,0.5226045250892639
15.771432,40.85134534169513,46.52771273365335,3.0593726273778836,0.5389385223388672
15.830891,40.63787609237505,46.49047977262796,3.111555218566875,0.5566524863243103
15.871195,40.21546150536013,46.58022040041952,-3.1341674622217175,0.5616208910942078
15.93168,39.940893235084395,46.46785672569913,-3.0698316992741503,0.5084568858146667
15.972052,39.735747158045626,46.54317662875088,-3.0235731463780673,0.5096979141235352
16.012404,39.370436145333805,46.393621593318045,-2.972887507717914,0.5625484585762024
16.071896,39.04089627483484,46.58394059616199,-2.936135702491,0.5597010254859924
16.112202,38.72205106693176,46.444856721399496,-2.8771473042483287,0.4643116593360901
16.172768,38.446504611298984,46.336015558073775,-2.826316798348021,0.5426658391952515
16.213056,38.243931576841184,46.176354084882355,-2.7660069443372644,0.5022326707839966
16.273508,37.88758441159806,46.11209362468048,-2.7127607237440676,0.5293205380439758
16.313825,37.62595862293676,45.920103504152415,-2.645084100593479,0.5740782022476196
16.374288,37.26286948502805,45.74850341427636,-2.5859254144485853,0.5487581491470337
16.413901,37.021868553032206,45.54664702581503,-2.5261394178674834,0.5610198378562927
16.474244,36.73879490767245,45.385017018623984,-2.479584070177734,0.5249283909797668
16.513557,36.42243973829335,45.20661484356694,-2.424755202021673,0.5475192070007324
16.574088,36.11485601078286,44.95103790392292,-2.362875508216105,0.544442355632782
16.614382,35.875573306170566,44.79221481126564,-2.311596610450823,0.5053237676620483
16.6739,35.70123211908176,44.630622319539754,-2.250123240207392,0.5043525099754333
16.714225,35.52649423578146,44.256740489393366,-2.1885704070454546,0.5560462474822998
16.77551,35.20249810409844,43.93839702320253,-2.129199561995669,0.5383736491203308
16.815858,35.06077068958682,43.632994366871394,-2.0684166358374254,0.5520184636116028
16.856454,34.76271079403558,43.46340681962317,-2.0068506344714736,0.4908781051635742
16.915959,34.53517618852333,43.13972870016025,-1.931508362878781,0.5062769055366516
16.956454,34.39033162411975,42.868421418157624,-1.8569462762534894,0.47709110379219055
17.016097,34.24908926626898,42.61157877120539,-1.7938052687768513,0.46371954679489136
17.056427,34.08140043027325,42.30602919933391,-1.7303020782870915,0.4848010838031769
17.116839,33.99693899438349,41.96921302350356,-1.6511741908366182,0.4328414499759674
17.157214,33.89522471108541,41.539602558761246,-1.5533957381044066,0.449122816324234
17.217724,33.838359535206685,41.284387434917214,-1.4848942458361538,0.49194973707199097
17.25835,33.74358881112859,40.867814549859986,-1.425431810839391,0.48526865243911743
17.318847,33.75096277950309,40.57331913083721,-1.3712599884072618,0.5424493551254272
17.359116,33.72733625604163,40.285839362904376,-1.3052161922185965,0.5513402223587036
17.419739,33.769297971085436,39.909509689788095,-1.2411652732952168,0.5525925755500793
17.460099,33.829357095627074,39.42189129294538,-1.1877388409742644,0.5436156392097473
17.520568,33.88770512680383,39.13545572447093,-1.1463393646544775,0.6005658507347107
17.561015,34.01260560083022,38.711586526977,-1.0951592038637588,0.5930176973342896
17.621604,34.073542742240626,38.36117465427936,-1.0484012318618259,0.5969813466072083
17.662002,34.420972527459625,38.045354643583735,-1.0010012536196244,0.5976232886314392
17.722463,34.58571529956238,37.761185280763705,-0.9614045872916912,0.6511213779449463
17.762893,34.85701830186293,37.445213024475606,-0.9151550497095557,0.6063492298126221
17.80323,35.13615559223235,36.945284383922576,-0.8365351191501523,0.5918219089508057
17.863698,35.33247573135879,36.69364571091009,-0.764514608258204,0.5920693874359131
17.903997,35.43790160762574,36.49011753935848,-0.7009613080185036,0.5814342498779297
17.964651,35.74087258736636,36.22208310373165,-0.6194757173346734,0.58912593126297
18.004912,36.02188970437509,35.8926542045584,-0.5429315717480296,0.5459709167480469
18.065493,36.27404771297082,35.66891631617374,-0.4597089669339661,0.5110797882080078
18.104835,36.532248454336326,35.611599537662826,-0.387075218818888,0.5284619331359863
18.165287,36.84676456392581,35.47739972511925,-0.31066100504036637,0.5385710597038269
18.205675,37.21334662060724,35.26980302536283,-0.2264781414385055,0.477256178855896
18.26627,37.37263722383075,35.21194010502846,-0.146072421574014,0.48315995931625366
18.305549,37.83997994461499,34.957763324308985,-0.04823084410537639,0.47654998302459717
18.366201,38.12097297390266,35.00836387843812,0.02234689358824488,0.5008901357650757
18.406477,38.30238948544252,35.04004470301017,0.09981442815011268,0.5006930828094482
18.465907,38.6563467020461,34.98909152657049,0.17318485285692492,0.45050936937332153
18.506164,39.05233623079753,35.044436134707375,0.2527313295048217,0.46693867444992065
18.566701,39.345396721816606,35.06734778026174,0.3387015691169288,0.46629106998443604
18.607008,39.615554258747416,34.943207918561924,0.42961825049212676,0.4858802258968353
18.667513,39.911620374334646,35.1041191396971,0.49305531211978626,0.5724267959594727
18.7078,40.406954555778626,35.10093694141851,0.5532319965479179,0.5138630867004395
18.768359,40.73553759285695,35.37307397918892,0.617054376472362,0.5263400673866272
18.808565,40.841720611739646,35.50799050516213,0.703352945830769,0.4398573935031891
18.86911,41.08841747108044,35.441970580370125,0.7726961706448722,0.5620157718658447
18.909359,41.58748348128304,35.754733206686126,0.822279235855532,0.5483004450798035
18.969822,41.85179813899957,35.95929308848963,0.8681089173880909,0.5535836219787598
19.010108,42.12964000264829,36.23605068201849,0.9218270874459423,0.6138561964035034
19.069535,42.27955302748483,36.374002157050526,0.9871162532899905,0.5725172162055969
19.109894,42.72042728241226,36.608003449326226,1.0280306625483238,0.6812748312950134
19.17028,42.76252642761622,36.814685898515144,1.0384157975008363,0.6731725931167603
19.20963,43.03572724475213,37.208339548908675,1.0752227149677687,0.6488053798675537
19.270105,43.08466885886752,37.536730217562564,1.1151240135282843,0.5838057398796082
19.310426,43.41881738267173,37.77497703198575,1.1485336567590876,0.6541666388511658
19.370918,43.43869204531573,38.145706175378386,1.158496244827787,0.6529011726379395
19.411185,43.65084388041014,38.615835875488905,1.1931648105482304,0.6074343919754028
19.470613,43.818068528050254,38.976202960898384,1.250710838784491,0.5992859601974487
19.51091,43.96443491062323,39.125942094363204,1.302410883750885,0.5971689224243164
19.571457,44.18481773462476,39.52696350797531,1.3376842837522076,0.6132791638374329
19.610759,44.23407128837727,39.771425897594796,1.3759703142710262,0.6346014738082886
19.671263,44.41227444364354,40.37342284980392,1.4210241487912563,0.5723059177398682
19.710553,44.47256827875566,40.766397084969064,1.4781320758103602,0.5318152904510498
19.770987,44.63020808601676,41.12982521105204,1.5369491386776066,0.5238803029060364
19.811303,44.627826025293636,41.5737495415956,1.5850831661426945,0.560442328453064
19.870814,44.675536554920015,41.93985688994314,1.6386441779395933,0.5708820819854736
19.91123,44.75181401907814,42.263108100895536,1.6860451402761858,0.6217500567436218
19.971727,44.674386581662695,42.56514894570841,1.6827458906545405,0.7585886716842651
20.01205,44.72702183070397,42.90039228174396,1.6786717963002071,0.7421692609786987
20.071821,44.80922249812412,43.235610302965,1.6655044985949368,0.714077889919281
20.112259,44.72511570595494,43.6426476123917,1.6062150959188743,0.5306379199028015
20.171798,44.70313513719498,43.97790687299674,1.5360525333572737,0.480464369058609
20.232404,44.79819005938914,44.1880696654173,1.4558745304701926,0.48628664016723633
20.271784,44.865264902300275,44.52379859219501,1.351186615358882,0.4113033413887024
20.332234,44.724839788294624,44.76095039342335,1.2321898004954273,0.4127424359321594
20.372583,44.80090694855726,45.181341348288214,1.098312921293176,0.36807355284690857
20.432,44.71478814808057,45.37794468615114,0.959352256830567,0.37440207600593567
20.472485,44.82823945440576,45.598739852717394,0.8209197465759074,0.3980889320373535
20.53202,44.90489210427829,45.943531851654846,0.6940303130187013,0.387442409992218
20.592769,45.08526359592982,45.98427922981578,0.580487185758387,0.3683377206325531
20.633088,45.08558887005258,46.2640322027715,0.45909043214740625,0.3890383839607239
20.693645,45.21563214180412,46.532612739052304,0.35405705068735005,0.389218270778656
20.734016,45.36103401912063,46.76760415728939,0.24174538655846609,0.3670850396156311
20.794617,45.67222479484618,46.81498683139215,0.1593866884296331,0.4248432219028473
20.83502,45.86705474173617,46.86144715413387,0.08498576949215653,0.4269300699234009
20.894666,46.063234927199375,46.824927357565095,0.005984539283768009,0.4285149574279785
20.935017,46.15902706064242,47.04886176043266,-0.09346991720697453,0.43039482831954956
20.995486,46.49153441295157,47.01512274170613,-0.14777510411095476,0.44456520676612854
21.035855,46.66028318074677,47.045676896241,-0.22022536454654026,0.5023031234741211
21.096381,46.846803164345005,47.03429060260322,-0.29403405071138783,0.5030228495597839
21.13565,46.89958005951173,47.09817080821085,-0.3678863317530873,0.5555275082588196
21.196466,47.090693835779796,46.951207478197766,-0.4092520054038277,0.574472188949585
21.235881,47.31514715024902,46.89070921583408,-0.4524403063280667,0.6838796734809875
21.296435,47.514235156285366,46.7764414365979,-0.4773914212165683,0.7648663520812988
21.335764,47.663174951980885,46.69876448594601,-0.4970503569248143,0.7534924745559692
21.396209,47.81782259787663,46.56258760637691,-0.4950498876629327,0.7562538981437683
21.437855,48.04667477133205,46.49782257386895,-0.5108823650417491,0.7420167922973633
21.496128,48.232223047216415,46.360889315248784,-0.5105564132623956,0.7474231123924255
21.536415,48.416233356249585,46.25396898682207,-0.5043024427269277,0.7225977778434753
21.595938,48.580689349611845,46.24029601964827,-0.48477285505605944,0.682408332824707
21.636205,48.81782462047887,46.07243315712675,-0.46323850898369445,0.7098814845085144
21.696673,49.002911983123035,45.9414586435774,-0.43994302656299145,0.6724705696105957
21.736977,49.174944456407495,45.93792581164387,-0.40717135729936643,0.6215312480926514
21.777376,49.327134656244255,45.85886444096619,-0.3575776509809486,0.5960549712181091
21.837969,49.70499147613163,45.62418355291855,-0.28033055385744965,0.5888818502426147
21.878449,49.770529709678975,45.662601368836526,-0.23680017707534254,0.571298360824585
21.939021,50.08048958649776,45.68763556844255,-0.16905838097894546,0.5050488710403442
21.979328,50.394532924912326,45.5428818412501,-0.08542765090077103,0.5182135105133057
22.038848,50.61410088935601,45.43522033206279,-0.007942226599215748,0.52923583984375
22.079252,50.85117567195855,45.538019377571516,0.04759670998635855,0.5674301385879517
22.138796,51.09460656334508,45.49307057346608,0.12181391046440244,0.5517518520355225
22.179153,51.40793208650699,45.58664634653498,0.18928284410385776,0.5408971309661865
22.238564,51.70990490244608,45.59990859382942,0.2847404658618624,0.5112251043319702
22.278984,51.97289147451277,45.66818365791694,0.36373832201846384,0.5612503290176392
22.339474,52.22392996704124,45.66611688944739,0.43807957786244406,0.5763118863105774
22.378834,52.52954287756765,45.7867405081542,0.5064150081766918,0.5735758543014526
22.439288,52.87860519409053,45.97454347127185,0.5743523507123858,0.5539215803146362
22.478584,53.07460437679728,45.97461480391934,0.6537284373442344,0.5624902844429016
22.538832,53.33023386721537,46.1666016131035,0.7141173348231162,0.6419306397438049
22.579105,53.67446734365791,46.348149056072614,0.7753621441891342,0.6771999001502991
22.619344,53.872711459531324,46.546991617953445,0.8279377034704438,0.6619383692741394
22.679844,54.116439834307364,46.68568055947824,0.878863265486543,0.6817616820335388
22.720149,54.396912015552715,46.919191791590194,0.9083003528160704,0.7331644296646118
22.780552,54.54814786035287,47.109640925775736,0.9303421292626308,0.7431859970092773
22.820821,54.74397626040673,47.366771724031,0.9389692961962803,0.7652593851089478
22.881168,54.904359952652634,47.65632332752294,0.9619416621128325,0.709947407245636
22.921476,55.17176126517997,47.89585921958167,0.9921182629120989,0.7422246932983398
22.980968,55.32459712563816,48.19992932307359,1.0194306542390312,0.7134301662445068
23.021372,55.53431263701216,48.62276603730946,1.0568766267249492,0.6680527329444885
23.081977,55.6657501431585,48.82143961974826,1.0939262362700517,0.6039995551109314
23.122261,55.93221863272973,49.16599704778844,1.1586015656077582,0.6264795660972595
23.18186,56.06889439426696,49.5361063306501,1.2148547394788707,0.6251474618911743
23.222047,56.138467438893635,49.828920910783246,1.260427478918521,0.6237102150917053
23.281595,56.272253779243556,50.20130548028062,1.3132736505065785,0.6058300137519836
23.321931,56.353189374992446,50.49003006864423,1.3700210225048601,0.5925811529159546
23.382458,56.55032883140447,50.87034479768484,1.4249934124287822,0.6134811043739319
23.421739,56.613596044373814,51.312860622456995,1.474436325206691,0.5875760912895203
23.482255,56.7879605840558,51.552235590036794,1.5111639024496348,0.6099761128425598
23.521562,56.815660520376404,51.86415142567886,1.5638619431033405,0.5600383877754211
23.582024,56.858222999046724,52.351548074875566,1.6318419216986324,0.5652536153793335
23.622447,56.92031974319975,52.60612347595656,1.6799956509263279,0.5926403403282166
23.6819,56.78153716404766,53.0731307290682,1.739326354098476,0.5591970086097717
23.722219,56.84092855158757,53.367394144938594,1.7883006461271447,0.5749974250793457
23.781757,56.90619123858931,53.794929401053864,1.8515525794847034,0.571751058101654
23.822082,56.69126732855448,54.25612012194105,1.917704327604535,0.5671470761299133
23.882694,56.58998599514067,54.62368256801679,1.9695780949033657,0.5696027874946594
23.922931,56.524484799812235,55.03403829632028,2.0354348548491847,0.5532755851745605
23.96322,56.53089275229611,55.21661328106321,2.1030158687237734,0.5298861265182495
24.023561,56.33865491401158,55.56720613048016,2.1862185065843858,0.5405917763710022
24.063899,56.195667238264704,55.89925162572976,2.2518462778000425,0.5855180025100708
24.124267,55.90627469261342,56.2824365074305,2.313329106125905,0.5033178329467773
24.164569,55.54087023451978,56.50956783588271,2.3666275265126124,0.5370834469795227
24.224991,55.35264264329923,56.90271590174037,2.448582820870573,0.5072554349899292
24.265291,55.33789242911628,57.071481133126106,2.516162755897067,0.5405653119087219
24.32473,54.99607090257615,57.46505149409161,2.5849842429480026,0.5667312145233154
24.365024,54.62405288038173,57.70068993054537,2.6399867979103036,0.5730947852134705
24.424528,54.428167595121806,57.85226900386164,2.699526588320259,0.5512505173683167
24.464882,54.253966718486765,58.08479393957817,2.7884790760221856,0.5150394439697266
24.525276,54.057932278802056,58.39575284285592,2.863305737686123,0.5151139497756958
24.564622,53.63272756960757,58.43471682251529,2.914767503452999,0.6142308712005615
24.625212,53.151478338821114,58.66784713131195,2.966938127127601,0.507900059223175
24.664546,52.90541609013914,58.689329078594426,3.028376688879323,0.5231690406799316
24.725027,52.529146057963025,58.92670282047486,3.1158165497898027,0.5515530705451965
24.765338,52.27176057792989,58.934676597653215,-3.1239758752479863,0.6038101315498352
24.825832,51.94368801125028,58.89166192592896,-3.104425078896702,0.5714104771614075
24.866147,51.53111424403542,58.850017882081126,-3.0559229583847562,0.4990033507347107
24.926941,51.06878773299601,59.03286877557201,-2.9760864467905654,0.48538899421691895
24.967247,50.82382920648373,59.112193551018066,-2.9115392414959125,0.5612015128135681
25.027633,50.4172515466753,58.86816178370328,-2.8884117192592056,0.6628272533416748
25.067999,50.085709972687724,58.871166263338125,-2.867677009606745,0.5829042196273804
25.128383,49.85089213814522,58.7283354338186,-2.8043488155607084,0.5523900389671326
25.169908,49.39741938426517,58.84966459288157,-2.721573578081964,0.5448610186576843
25.228131,48.96044817644445,58.626742820984504,-2.6821669930359477,0.6428698897361755
25.268361,48.639221443553424,58.47141596547196,-2.6592803201588016,0.6826412677764893
25.328864,48.3036129100039,58.27022996859743,-2.6055945794881774,0.5303894281387329
25.369138,48.046220012643715,58.23352224247826,-2.52345951177622,0.5081831812858582
25.428722,47.622406805897,57.99701675345819,-2.4637546847423737,0.6177858114242554
25.468765,47.31704284747348,57.79272057707502,-2.436667441213903,0.6188777089118958
25.529314,46.967443209638404,57.41273341689385,-2.3956351163567327,0.5797870755195618
25.569689,46.651880614546535,57.333004639558965,-2.289208318436328,0.46437084674835205
25.630273,46.44586793760266,57.07945372684299,-2.226037324149499,0.5578485131263733
25.669913,46.14407115560636,56.79818214162267,-2.192218705420436,0.5929138660430908
25.730421,45.84229872413883,56.53028569575493,-2.146997402895636,0.5899769067764282
25.769801,45.597535999987976,56.12645238751668,-2.099228140962273,0.5009719729423523
25.830334,45.33147260833745,55.84601886426323,-1.9854153536709636,0.5669063329696655
25.87092,45.12990215012229,55.543227465770876,-1.9382729003142583,0.5933127999305725
25.931315,45.00664947756179,55.244450165939625,-1.9151336913643213,0.5817102193832397
25.971548,44.899545251804284,54.89481027488734,-1.8781834560770017,0.5427668690681458
26.03203,44.663186241013726,54.29166354329127,-1.7919518857037342,0.4730701148509979
26.072339,44.597326552784466,54.02792855570046,-1.7332142286558916,0.5566926598548889
26.13281,44.488955150876535,53.642826441365344,-1.6824328251553662,0.5571428537368774
26.173152,44.33362170282024,53.403742890626646,-1.6563485971609677,0.5156082510948181
26.233638,44.367326397864026,53.177168316434134,-1.6043905450228184,0.45352306962013245
26.273966,44.310541908461325,52.52600883716869,-1.4831372136736596,0.4325312077999115
26.33445,44.32927768426649,52.20182354052223,-1.448781629362563,0.5520422458648682
26.374871,44.329682870001996,51.76224381329433,-1.3930697870202198,0.489503413438797
26.435447,44.284441050212564,51.51285176648756,-1.3563632129737895,0.47904348373413086
26.474833,44.278724975310546,51.086637582373214,-1.2910847793884457,0.4142872393131256
26.53528,44.34337953644692,50.788663025109926,-1.2194418114501313,0.5102596879005432
26.574697,44.47852425046364,50.33430889538828,-1.1587829599126886,0.49485161900520325
26.635269,44.580920520448984,49.935590639121116,-1.1104080287595117,0.5080153346061707
26.67467,44.69649762351882,49.62379070323439,-1.0443144149541803,0.48150360584259033
26.735313,44.96694796393405,49.254149012620935,-0.9724314975515269,0.5051928758621216
26.775582,45.07033576001534,48.88277665795736,-0.9214292463335155,0.5166866779327393
26.836003,45.16891374443732,48.76097625999886,-0.9040443669982349,0.6383275985717773
26.876254,45.44776332463974,48.285769334888265,-0.8845426261496872,0.7327094674110413
26.936696,45.75203525489481,47.82022152306975,-0.8835458511627649,0.7675187587738037
26.976995,45.96105763076606,47.523654950668295,-0.9084782710973697,0.6403433680534363
27.037491,46.248325456161226,47.18800274174055,-0.9670851501971016,0.5569053888320923
27.077846,46.5522077719715,46.7139235633401,-1.0325816280811024,0.46258947253227234
27.138285,46.68826598232567,46.62682870518135,-1.1297804796683133,0.4503394663333893
27.197762,46.62100470335349,46.50038119243101,-1.2357615324290334,0.3522908687591553
27.238035,47.02699039961642,46.00017480682101,-1.3526018763009513,0.38852500915527344
27.298401,47.33989214370917,45.69941634801172,-1.5194319105923468,0.3637857437133789
27.337732,47.31524846726693,45.65401641158048,-1.6362632736917495,0.3374493718147278
27.398248,47.497445177417895,45.26693064594725,-1.7779760966494,0.36493274569511414
27.43761,47.70557314281758,45.41276956399927,-1.6244973647945606,0.10830602794885635
27.498143,46.70951441148153,44.56253637600349,-1.3642560405954072,0.05661243200302124
27.538498,45.93322817166702,43.369507614984215,-1.486679829429839,0.0578068271279335
27.598049,46.85595728225062,42.082759262790056,-1.5709888293187264,0.054679986089468
27.658597,47.3393419114239,41.747804563376064,-1.7694846161363786,0.052835188806056976
27.699133,46.87993564371985,41.465053459550354,-1.8261607342606567,0.0473734475672245
27.759589,46.785928859250376,40.87204668929382,-1.957781091432697,0.05543769523501396
27.799832,46.82492491206768,40.08976385883061,-1.5571318351442776,0.06808865070343018
27.860706,46.9551177325461,40.23050644724912,-1.6147733407004639,0.06323013454675674
27.899665,47.09077686333071,41.59494223297841,-1.5302818606758095,0.06550195068120956
27.960123,46.145174154822165,41.73869252895838,-1.4321627052919723,0.05580615624785423
28.000535,45.74779829367007,40.83632255913598,-1.5757666512465922,0.06088289991021156
28.059996,46.083119663276115,40.927343630123126,-1.6229910989153757,0.062288619577884674
28.100369,45.82998387416244,40.47543018914614,-1.7369416167318146,0.06481568515300751
28.160891,45.9052482124874,40.41918350440553,-1.760056229619533,0.06755893677473068
28.201142,45.86328711439402,40.391026050188444,-1.7866360275117843,0.06942296773195267
28.261739,45.62459497094136,39.4733438619729,-1.9205246310632094,0.06654848158359528
28.302065,45.775989854198805,40.18636586583145,-1.7986868980626793,0.06613791733980179
28.342412,45.87950251355023,40.3125726400996,-1.7689392804330133,0.06819935888051987
28.401946,45.868804425776155,40.02767120806114,-1.8009807276435763,0.06346666812896729
28.442114,45.58722325511783,39.17496058159735,-1.9107173438084528,0.06480739265680313
28.502439,45.55674838399855,39.08388897419203,-1.9461253982398268,0.07011588662862778
28.54171,45.59672925015467,39.362309359927934,-1.916860908154026,0.06956426799297333
28.602153,45.73077165268287,39.895545814203246,-1.8079039658068277,0.0682099238038063
28.641603,45.567233195002764,39.77000872144143,-1.8289718655669012,0.0702783539891243
28.702099,45.59596264280997,39.738611901447776,-1.8495647522718253,0.07012687623500824
28.742507,45.485928014216384,39.65308154253955,-1.8665002112953093,0.07446536421775818
28.801985,45.573503013591484,39.48879873234706,-1.8796283355748395,0.0714523121714592
28.844189,45.3056937565458,38.573037514078294,-2.0361486570071623,0.06604180485010147
28.901739,45.15153907430161,38.20531513657046,-2.096685017096882,0.06737765669822693
28.9421,45.51331004572136,38.87243248134505,-1.9619676047444177,0.06781496852636337
29.001644,45.44590700803493,38.77267618079159,-1.9692509125644448,0.07179995626211166
29.042034,45.34385147354242,38.81394230400826,-1.9900921352896956,0.06530264019966125
29.102434,45.13891822930261,38.46868123721395,-2.0151484189774314,0.06970853358507156
29.142858,45.32661958096064,38.59359522891755,-1.9883389625856331,0.06930969655513763
29.203307,44.833912677547055,37.785880981854184,-2.121884184819592,0.06651788204908371
29.243637,45.1055442029292,38.32058877501112,-1.9995881419981087,0.0653630718588829
29.304102,44.666770542902746,37.49987171391362,-2.1156272233200157,0.06829795241355896
29.344413,44.5315650224904,37.44834340502741,-2.1010134882311986,0.06624533981084824
29.40386,44.4858683551002,37.13531894579118,-2.114956137561062,0.07134796679019928
29.444179,43.68462429103131,36.27322765341237,-2.271964491526825,0.06718237698078156
29.484507,43.244325072515295,35.319029005183495,-2.45553848871407,0.06602232903242111
29.544957,43.12434388318862,35.284290653148226,-2.423764703065893,0.0652557909488678
29.585294,43.00874218339511,34.978018116413054,-2.3829116080638486,0.07576657086610794
29.644732,43.24959046405116,35.49506372926898,-2.192396178649546,0.072513148188591
29.685083,43.61669033283078,35.88739700701854,-2.064628751216718,0.07376284152269363
29.744711,43.20462064975248,35.5665088379573,-2.055135581219102,0.07602708041667938
29.785134,43.0692969951534,35.21212167369483,-2.0410485092244177,0.07567259669303894
29.845584,42.919063813505986,34.92928013617452,-2.0083404519213226,0.07623393833637238
29.885867,43.004010943971316,34.89803608382588,-1.9277172035069834,0.0712192952632904
29.946412,42.71439649148507,34.588434611516654,-1.9030421491678036,0.07715713977813721
29.985694,42.74978111382993,34.38148051890232,-1.8481338077836755,0.0720386803150177
30.046191,42.46919140040141,34.004163025809994,-1.8188676868815221,0.07116615027189255
30.086591,42.32107243850216,33.826492711138144,-1.7761465566548817,0.06573578715324402
30.126938,42.05757804192636,33.38874658073595,-1.7588856500463796,0.06788694113492966
30.187496,41.086305795519586,32.76256125045785,-1.91190402321189,0.06895250082015991
30.227758,41.06555543328655,32.604440961883846,-1.8667049832162956,0.0703829750418663
30.288294,40.97871735626027,32.38315804054537,-1.800756851426626,0.06411091983318329
30.328472,40.74898337354306,31.941583543222592,-1.7629620730537054,0.06476279348134995
30.388788,41.07554534369872,31.956597570895894,-1.6181885659652495,0.060016170144081116
30.429202,40.714299646311105,31.464356221435175,-1.6522450706991936,0.06660649180412292
30.489649,40.69069918424537,31.236799547197606,-1.6164423723349624,0.06709998846054077
30.529972,40.696618452211744,30.945031913940262,-1.5917890014781972,0.06175664812326431
30.570226,41.11025508714772,30.968411117558034,-1.524035683864532,0.05954425036907196
30.630687,41.21372619433674,30.576709816913695,-1.4857435153590848,0.06036452576518059
30.670959,41.512384765548916,30.2734869447339,-1.4168109322898113,0.05468529835343361
30.731441,41.00591718953886,30.15237316236186,-1.4189897071779243,0.059225741773843765
30.771841,41.12979228797821,29.734810578935182,-1.3658348485540004,0.048006534576416016
30.832348,41.18953752403021,29.442665314557797,-1.3189795664801636,0.055263444781303406
30.872661,40.63241806868426,29.49827232806932,-1.32822763136816,0.04995926469564438
30.933201,40.71443778190863,29.295257290520293,-1.2723285610666906,0.05406758561730385
30.973551,40.57813465122756,29.046602812163247,-1.2512730435567656,0.048910994082689285
31.01388,41.17372557139661,28.46263011708985,-1.1587322810955345,0.05747934430837631
31.074277,41.27080930294167,28.213132446908528,-1.1056037903245053,0.051720745861530304
31.11353,41.074210862063026,27.975013287246092,-1.070665482584611,0.05759653449058533
31.173951,41.34288028017592,27.598610682207408,-1.0049850567677405,0.054543204605579376
31.214236,41.452746269600574,27.330912782651428,-0.9414472730932576,0.055986158549785614
31.273776,41.880689653138,27.40416929066257,-0.8445219896534333,0.0473128966987133
31.314064,42.02300931196779,26.6711876875289,-0.8119469513242261,0.06242746487259865
31.373647,42.01218064562995,26.487148254510757,-0.7750299068635307,0.06223304569721222
31.413948,42.996945179058024,25.98790012526021,-0.6668918378035337,0.06678549945354462
31.474616,43.07220869607475,25.88928338421425,-0.6302564961781676,0.05981855466961861
31.514784,43.4708716684012,25.609839872128244,-0.5557668207321474,0.061685215681791306
31.575123,43.300078106378045,25.48298976194084,-0.5007780994886805,0.05661296471953392
31.615417,43.860484707730116,25.095101709900145,-0.4088791866529454,0.05437428876757622
31.675133,44.56677288011946,24.714074018327977,-0.3307731712326276,0.05895040184259415
31.715496,45.70760453372771,24.954660561466252,-0.19646087427080888,0.04414598271250725
31.775041,46.28023312823762,25.621634025693243,-0.07547259031264617,0.060038838535547256
31.815317,45.8382264326356,24.968948994363146,-0.034229203534554796,0.05958160385489464
31.855698,46.720234481116115,24.68600592074851,0.06367681772577606,0.07207871973514557
31.916272,47.46633085803625,24.81868999599256,0.14676743258407973,0.07161587476730347
31.955549,48.450617738882364,25.84879334223663,0.13735488568802212,0.0766039714217186
32.015987,48.975486243933986,25.905988764051866,0.2245393598319784,0.08781562000513077
32.056412,49.40767496020037,25.839272765951723,0.2956302175092039,0.08812513947486877
32.115973,49.767396516633546,25.892011373741113,0.35986018622179394,0.06942341476678848
32.156359,49.855949424856185,25.62990570995175,0.374915760514888,0.06936430931091309
32.21678,50.675441410786036,26.09478697926903,0.4594021653890604,0.06259030103683472
32.257014,51.06113613526031,26.208727187484833,0.5057026173614246,0.06872715055942535
32.317476,51.15999998349741,26.213785247622607,0.5536707971378632,0.06195560842752457
32.356793,51.31466303807416,26.130063865645567,0.5729871781353724,0.05978494510054588
32.417198,50.8554541872799,26.28296046693581,0.5904347607450038,0.061363335698843
32.457614,51.563187256500505,26.88250819739018,0.661772414253223,0.06474589556455612
32.518146,51.0169024680857,26.37488056784464,0.6742268706254695,0.06868554651737213
32.558439,51.04764780121345,26.80977400193423,0.7132522029910272,0.05573462322354317
32.617947,50.39717736038064,26.821677369665302,0.7255347910628864,0.059444207698106766
32.658208,50.85237103022409,27.212183237199497,0.7856310099059391,0.053159043192863464
32.718802,50.4967489390385,27.419825847081242,0.8105849738427929,0.05984072759747505
32.75906,50.72902336426571,27.685695348903526,0.8719551469738537,0.05749395489692688
32.818658,51.727028501417905,27.784449811024057,0.984436460560641,0.05574881285429001
32.858913,52.69754116237224,28.528295485843127,1.0919991800245799,0.05736875534057617
32.918619,52.95279714929425,28.79553171155053,1.1647056521442942,0.05040078982710838
32.958857,51.22883370118603,28.655309485514,1.1105739894146915,0.05403050035238266
33.019915,50.38159702620504,29.37716774508761,1.1210332298577277,0.06705882400274277
33.059172,50.41713310922551,29.26805261841556,1.165782685180108,0.06225196644663811
33.099529,50.348303671973824,29.45897496196703,1.2360961272775897,0.055762793868780136
33.159858,50.90931144657529,30.440641772343756,1.3829707473558719,0.05332015082240105
33.200115,50.85480402539186,30.166000116471945,1.4366010979157853,0.05565359443426132
33.260658,51.28798050090433,30.58703546578672,1.5410779435204993,0.05780252814292908
33.300871,51.09706950357303,30.742299366137154,1.5790450500040645,0.051066819578409195
33.361334,51.50745969023257,31.275068469855338,1.663181547403917,0.05656565725803375
33.402027,51.225899032426895,31.65414850684988,1.7075278732977492,0.049669500440359116
33.461972,50.079414660045614,32.688323851021174,1.5638131104680095,0.05403304100036621
33.502322,50.41764568000254,33.05055668090977,1.6714980352914837,0.0531410351395607
33.56284,50.15487378694076,33.24905970979873,1.6668379617782454,0.0746210515499115
33.603272,50.19602705822576,33.487054185862526,1.7844182685906167,0.05785822123289108
33.662852,49.81981380488001,33.403102875125924,1.868887319241653,0.046832580119371414
33.703113,50.91902467080938,32.12746258063932,1.8169775583039465,0.0618814192712307
33.750883,50.09953124556216,31.99032212602688,1.8609720428365413,0.09043412655591965
33.811464,50.61547310485225,31.18672729838267,1.7633604798604292,0.07294117659330368
33.851718,51.485782790244166,32.34526916409455,1.511302516270566,0.07770787179470062
33.911901,50.27796760974524,31.016490781485448,1.4471343538554493,0.11557794362306595
33.952233,50.80407940761754,30.88121054730515,1.3577779371946934,0.12347913533449173
34.012931,50.9251357951179,31.38265791449782,1.362130068900468,0.1289890855550766
34.053265,50.66957618026606,31.506985955755525,1.3018511747959929,0.10657071322202682
34.112712,50.24441394475018,31.385842732954885,1.258819209072838,0.12207677215337753
34.153008,50.23320575986982,31.604942065353406,1.3946746753449188,0.11537667363882065
34.213419,51.614278958956056,32.516801583271445,1.4806790156555372,0.13413776457309723
34.252798,50.81928254569504,32.97443319427237,1.4944664392993061,0.13081389665603638
34.313247,49.614613698765446,33.854800316606486,1.3021295959491532,0.23461656272411346
34.372757,50.24782751030003,34.71597823876038,1.3588893019988961,0.2469063252210617
34.413032,50.86535557593541,35.49562970467892,1.421608707903617,0.24434226751327515
34.453311,50.5514977870891,35.636012676986944,1.4821721744683465,0.20422406494617462
34.513859,49.65741305891792,35.01204145290634,1.5399560290646606,0.20116834342479706
34.554202,49.70371100214415,35.41774219566868,1.587090891880849,0.22353971004486084
34.613774,49.68909661208719,35.745693126062285,1.6372929562677552,0.22214052081108093
34.654088,49.79269164408907,36.18407775180379,1.6927428046623925,0.21764159202575684
34.713558,49.900468472883325,36.35369681940298,1.7165840529993932,0.2370976209640503
34.774005,49.87945309335461,36.471885625231884,1.7201087084406412,0.22273477911949158
34.814311,49.09126699429328,36.15370128743842,1.703711799415326,0.223224937915802
34.874834,48.0157795822407,35.72514165826765,1.6416946871015858,0.20193743705749512
34.915128,48.20529867440954,36.17562021310201,1.5923023242060899,0.19950979948043823
34.974934,48.33927901358069,36.840218086351406,1.4993143837259197,0.2002660632133484
35.015149,49.013985305790854,37.78630540629055,1.5144221402549196,0.1884108930826187
35.074663,49.48914153326484,38.865516460593454,1.4378438430602658,0.18874585628509521
35.114982,49.846448099662226,39.64114453093665,1.3392686311874036,0.20201745629310608
35.175476,49.18646817681769,38.55221237644185,1.436061248610063,0.13124622404575348
35.214851,49.240962782433,38.04873811749615,1.6067790020694495,0.08151009678840637
35.275457,49.376441763781415,38.272711369167475,1.4721777583945421,0.08815861493349075
35.334931,49.78244104473882,39.21423225040266,1.424094373949266,0.07315940409898758
35.375208,50.69532823649043,40.312549984019064,1.47269328162138,0.05819235369563103
35.435637,50.35634194016632,41.050520097490455,1.6980670630688433,0.058666665107011795
35.475935,50.413493836932005,42.547400917265634,1.7587902945413827,0.05033532902598381
35.536496,49.765228757780065,43.51393729538402,1.6635717032937756,0.051107775419950485
35.57579,49.19857058429074,44.53797238848337,1.6114089559773697,0.06511190533638
35.636329,49.60541219784138,45.149993580666134,1.6603259606381764,0.065699003636837
35.676722,49.506219905999245,45.30176107571055,1.5726504066398523,0.06037047877907753
35.73733,49.899053068618294,46.0206369398949,1.391997470530638,0.07449974864721298
35.777684,49.7522470979048,46.11564994391273,1.293753286629599,0.07125777006149292
35.838102,48.950049632887996,45.63145561941881,1.1941805388624476,0.06915400177240372
35.87838,48.87590035208342,45.74232924365555,1.0895008765975842,0.07634392380714417
35.937988,49.67460206298081,46.56875484535005,1.0297755173918925,0.06416396051645279
35.978393,48.94304163455844,46.011343562836146,0.9511278162426781,0.06394732743501663
36.037986,48.99505515785687,46.20656565732704,0.9115931659107621,0.06951871514320374
36.078311,49.33245361417941,46.54439739306416,0.9374152836444667,0.06516606360673904
36.13881,49.25899628423123,46.595207006388705,0.8936581472908409,0.06571972370147705
36.17916,48.8407950150003,45.97100255254324,0.6432681640369322,0.06856513023376465
36.239689,49.120365583447146,46.31320141356472,0.6437837012650828,0.07447028905153275
36.280084,49.609284033631546,46.589228637371335,0.6581787057176706,0.07137653976678848
36.339556,49.7886164849257,46.67213874787874,0.6718636358664782,0.07516510784626007
36.379861,49.390495690906214,46.49469751092852,0.6970349458312604,0.07833003997802734
36.440386,49.58233647021721,46.525364645832454,0.6805245985854312,0.07568423449993134
36.479757,49.58576166045897,46.55013031630708,0.6925561789999809,0.0736452043056488
36.520055,49.77929331046862,46.76347921540002,0.7294168154031131,0.07628016918897629
36.580529,49.73453620776014,46.92605824899215,0.8580540271294028,0.07220548391342163
36.620851,50.01973012630033,46.990842874402475,0.7760136521796364,0.08007346093654633
36.681318,50.16383916428898,47.129431896798536,0.7994940455379652,0.0825829803943634
36.72169,50.239919707867024,47.25803159950134,0.8460965167137874,0.07645047456026077
36.782052,50.30849619337169,47.71035078177262,0.9752860924749576,0.07370884716510773
36.822372,50.76656410674154,47.741415208975795,0.9022966214542151,0.08007864654064178
36.882751,50.72326504412756,47.68939590075077,0.9245348244318089,0.0781930461525917
36.922961,51.11671403084362,48.066019078335046,0.9468119376611078,0.07344215363264084
36.983383,50.805123289301825,48.05000930568202,1.0060009305787545,0.07761391997337341
37.023776,51.39258621709447,48.54748991482776,1.0219973394826247,0.07654901593923569
37.064037,51.172628909194295,48.066906285407164,1.0262808243377044,0.07189906388521194
37.124877,51.015741600201366,48.901070439865414,1.216971368242146,0.07617221027612686
37.16482,51.413383853677495,48.50109554353865,1.1113205932131016,0.07708468288183212
37.225463,51.53513309182456,48.68723129241082,1.1687760328013115,0.07855753600597382
37.264776,51.55223521013961,48.80077593919981,1.2201758802031604,0.07592824101448059
37.32518,51.54595648210209,48.96449359965428,1.2849974974430567,0.07081202417612076
37.365443,51.63887063253671,49.5051029405672,1.3807288069149457,0.08118940144777298
37.424881,51.53838091798443,49.67028035047728,1.4447188520547125,0.07392049580812454
37.465131,51.688142788430945,50.13702677202986,1.5207838981001218,0.08085153996944427
37.524584,51.63526990998033,50.22887182717086,1.6079610957686294,0.08066128194332123
37.564897,51.64493680580089,50.54272534591933,1.6494315843396614,0.08208061009645462
37.625354,51.60537645720922,50.88212194307272,1.7623787238503128,0.08466767519712448
37.665678,51.571931699720594,51.08916563936336,1.8391434013020231,0.07993628829717636
37.706828,51.4826488271608,51.479197637709596,1.910073334673626,0.07896613329648972
37.766145,51.42531874702992,51.670818987192696,1.9765485594167138,0.07769889384508133
37.806415,51.57406036884837,51.71415432958986,2.015785699533767,0.07514417171478271
37.865837,51.27365574687379,52.156020008030154,2.1057485658727524,0.07370900362730026
37.906136,51.282073780991375,52.3071934228051,2.12156555129003,0.0722251683473587
37.965652,51.03841310417959,52.572847756579094,2.1708371103157913,0.07638196647167206
38.005999,50.8541172906805,52.93899605771159,2.218626775662002,0.0797848328948021
38.065531,50.73840014910969,53.01012830172894,2.2580982626989177,0.07518637180328369
38.105936,50.602803178649005,53.33925941936432,2.2806354409486786,0.07325724512338638
38.166473,50.44163530323966,53.50783939455935,2.305044548067421,0.07490077614784241
38.205789,50.163298217298006,53.81472062630052,2.3602643674381905,0.07745392620563507
38.266206,49.87951523587473,54.06827240053022,2.3979684900757317,0.07745098322629929
38.306588,49.53666987427381,54.33984905031115,2.4452487978723685,0.07075873762369156
38.367008,49.68116888671345,54.51465009985155,2.416604411047093,0.07734717428684235
38.407352,49.221695312189816,54.67993316429109,2.479161274838269,0.08029497414827347
38.466879,48.86953968001983,54.87316253840869,2.534189107991319,0.08622711896896362
38.507275,48.54428719851139,55.105925363344745,2.577388263313705,0.07071255147457123
38.568256,48.581543659788295,55.378637354556155,2.5783635159949725,0.07442662119865417
38.608579,48.072099287305875,55.62652883614961,2.6445763239803406,0.0788235291838646
38.648948,47.68654895904231,55.63838511373288,2.7028938585161253,0.08075441420078278
38.709463,47.26353570705282,55.91076234178145,2.755498792737851,0.07630815356969833
38.748783,47.05085291683446,56.05072376543864,2.8013935173252524,0.088126040995121
38.809397,46.62287722039071,56.16424830933763,2.845922861949455,0.07880046218633652
38.8488,46.36673857040239,56.34520224549627,2.8773900094506946,0.07875082641839981
38.90917,46.031413492818835,56.44088214798533,2.9244999587174143,0.06929212063550949
38.949395,45.67212850952839,56.5891013403871,2.964727808243749,0.07251078635454178
39.008779,45.06213550927485,56.65282292867352,3.0501630074412778,0.06630630791187286
39.049106,45.66014187649775,56.89306752900294,3.015217252416652,0.0620783194899559
39.108627,45.012735164850255,57.04994392691087,3.0905648228539957,0.06595265865325928
39.148907,45.146913298417466,57.81732070458849,3.063363413934864,0.05812613666057587
39.209402,44.0758152664301,57.223751035958216,-3.0789967817597783,0.06774812936782837
39.248701,43.24671101946074,56.84319355369961,-2.9491897939733445,0.06740256398916245
39.309236,42.84562115597255,57.000393278481255,-2.894051199134152,0.06289439648389816
39.348591,43.46816518651811,57.482962363655005,-2.921198478709353,0.06070345640182495
39.409018,43.10711320527594,57.482896900584436,-2.853668959838338,0.0626225471496582
39.449321,42.955382163503955,57.242240502269574,-2.7764390730562734,0.06544487178325653
39.509707,42.31110021273746,56.829386809680095,-2.6575604987699695,0.06766488403081894
39.549998,41.682577072731405,56.61384286148533,-2.5650780331003613,0.069510318338871
39.610457,40.98411787318225,56.26724837549093,-2.461126594151758,0.07443355023860931
39.65076,41.28843869484376,56.413493885666675,-2.452451873913768,0.07267835736274719
39.711144,41.21102021096095,56.443931436859984,-2.3965737145727295,0.08112744987010956
39.751462,40.8909864617222,56.22036646179483,-2.3209376218793003,0.06951110810041428
39.810894,40.23312742649982,55.55256824926887,-2.2156258759471954,0.06979767978191376
39.851128,40.010150214447684,55.40086647641612,-2.1846389540060627,0.07374340295791626
39.910612,39.77193461697955,55.142879063457926,-2.1163561667767663,0.06750990450382233
39.950884,39.81526912225496,55.23054891292124,-2.0612052702014436,0.06728202104568481
40.011607,39.515583059465484,54.87611993650541,-1.9789118556008178,0.054820261895656586
40.050877,38.45271963305909,54.90246043746711,-1.8938469694643933,0.05619567260146141
40.09121,39.03503149015165,54.1927451497991,-1.88922850632452,0.06543535739183426
40.150768,38.84916718724689,53.69852982574827,-1.8077584686944137,0.07568523287773132
40.191118,38.78145196007,55.04944667230365,-1.809158196108265,0.05681220814585686
40.250585,38.67732424798288,54.66327944301677,-1.7772368790663189,0.04681103304028511
40.311125,38.516370450337064,52.993555766985914,-1.6615324746208249,0.07238562405109406
40.351427,37.961495470576594,51.66468252770935,-1.5262496382956783,0.08131389319896698
40.411109,38.028913127431444,51.49935049563007,-1.4772752300032028,0.0790242850780487
40.451477,38.398152161649634,51.96470164280302,-1.4931643659171947,0.044499922543764114
40.511991,38.1178300027253,51.38218073782932,-1.4464499868739604,0.075423464179039
40.552319,38.36555300066278,50.93647643761525,-1.4162893257729559,0.08254686743021011
40.612839,38.040760568458516,49.62710763949807,-1.2646712343276318,0.08677160739898682
40.653171,38.0078233160881,50.81050815292364,-1.305454337765223,0.06480629742145538
40.693463,37.97514021060515,49.85180427126476,-1.2122063253870685,0.06678783893585205
40.752795,38.44640970206291,49.397993686843236,-1.2195015351979235,0.08969982713460922
40.813147,38.53227437327582,48.42993463382181,-1.101881665206176,0.08534658700227737
40.853388,38.9943868196153,49.071293721510486,-1.1386685056147772,0.0746309757232666
40.912992,38.88867936359366,48.8827283588093,-1.083177827131847,0.06458072364330292
40.95333,38.90050707292324,46.90404986716524,-0.8922847273312643,0.08682329952716827
41.013845,39.14675856003804,47.43885205825886,-0.9469243246491762,0.0768737941980362
41.054107,39.373484532524216,46.4331774888027,-0.8073210197117133,0.08638917654752731
41.094469,39.71014573000298,46.504988642023164,-0.7538978543662439,0.0839151069521904
41.154227,40.02079440587801,45.41184890790773,-0.6319712627697305,0.09129458665847778
41.21437,40.27568268450567,45.66949805338234,-0.6577569274037038,0.09135521948337555
41.254624,40.53363378168661,45.3610088267456,-0.5883938885868495,0.09758975356817245
41.294954,40.742431101417814,44.79560676804533,-0.4805731730924437,0.07705830037593842
41.355335,41.35037032901934,44.09561311319588,-0.33008435206052206,0.08257196843624115
41.4161,41.34294332356326,44.52024991478347,-0.41776397954084205,0.09500788897275925
41.456362,41.68983576092583,44.30952125560359,-0.3542457518408848,0.0873841866850853
41.496659,42.081877417685035,44.233763933543294,-0.27760346682259046,0.08585688471794128
41.557151,42.227457087849295,44.297578493007634,-0.2706132677319058,0.08631882071495056
41.597458,42.555404510749106,44.1094434561209,-0.23012831114478186,0.08505967259407043
41.657901,43.140524476842295,43.984084931228345,-0.11557341710679829,0.08849852532148361
41.698198,43.49096909111136,43.85629910554282,-0.02939584983574509,0.08196476846933365
41.758607,43.76713022074802,43.719684008655825,0.05694320221001435,0.07479752600193024
41.799045,44.26265714242472,43.70649979293352,0.12637920099196467,0.08392808586359024
41.859306,44.66707098398202,43.824548747195166,0.19079479679179817,0.07685422152280807
41.898659,44.727041467769524,43.93046261110332,0.17616334194798006,0.07786364108324051
41.959027,45.40707952149809,43.78185944307186,0.35782313344228167,0.08071085065603256
41.999325,45.42136624903093,43.983899445146065,0.32405367704100346,0.07488328963518143
42.060123,46.212130428004485,44.01792056365652,0.4850007281076747,0.08811479806900024
42.100395,46.17493447284874,44.24360886029035,0.45482343692372557,0.07918389141559601
42.159914,46.957846659347844,44.296472838085585,0.6613200722920604,0.0850166454911232
42.2002,47.15129713977752,44.38038417888323,0.6981588352750411,0.07849496603012085
42.260645,47.19598260974775,44.72473478079921,0.62305549673477,0.07353460043668747
42.300931,47.63404944922362,44.881451282076185,0.6477066070286822,0.06635604798793793
42.361323,48.43770592640785,45.3452680803155,0.6624361200655895,0.06844393163919449
42.42171,48.02841617077783,44.98631362327155,0.6581838229694456,0.06784506887197495
42.461935,48.42927178734795,45.33006782107691,0.6623475916973368,0.06684118509292603
42.522348,48.80417726215377,45.5932275714852,0.550936456958692,0.06641963869333267
42.562684,49.64755209345387,46.129326389617916,0.4553131655275134,0.06761429458856583
42.623149,50.00988691716807,46.43084163848021,0.39803208122284905,0.07157626748085022
42.663452,49.96876958775484,46.83299525949218,0.5852071856125484,0.06673634052276611
42.72386,50.275863506164775,47.14801093069897,0.4994432161236073,0.06592615693807602
42.764087,50.49527810750776,47.85379648958543,0.47885489002653503,0.06681465357542038
42.824452,49.62297834217395,47.01913555697981,0.7339353404060701,0.06833385676145554
42.864873,49.23752397346216,46.49564325175782,0.7588889846855518,0.05860215052962303
42.925274,48.781538550571895,46.011889658382714,1.198423072792411,0.10967428237199783
42.984643,50.211598198154675,46.55023969709361,1.2529467737344633,0.23880402743816376
43.024863,50.64040160923798,47.85811295387041,1.122013179885889,0.2158539742231369
43.085337,50.829654370849646,48.09099189453612,0.9710184582181263,0.29641687870025635
43.125788,50.867838221580485,48.45204332808989,0.8527817906918882,0.2972370684146881
43.18627,50.83682305239694,48.664786734478355,0.7092087859021579,0.26334348320961
43.226473,50.247289158592515,47.93442030621603,0.5766475879477297,0.22997964918613434
43.287111,50.16942626362295,48.57706898352999,0.8100801881200621,0.0963745042681694
43.327519,50.000658532650505,48.92928081035181,0.6932246042643537,0.08488298207521439
43.388304,48.74181031477979,49.01171070697138,0.6147619091558539,0.08214936405420303
43.428634,48.83885862120158,49.174856721813754,0.5195019996988526,0.07084488123655319
43.489102,48.676182460040714,49.40164416727406,0.4074487673178088,0.08669846504926682
43.529374,48.43087101528695,49.54521321070962,0.23045764374066097,0.08203684538602829
43.589788,47.32146455245509,50.9219873706332,0.20461611231189603,0.08583035320043564
43.63016,47.17655148948201,50.737659350552455,0.13985971772177272,0.08004074543714523
43.690647,47.136870276560295,50.96462508574513,0.09282518166996179,0.08997941762208939
43.730986,47.189162200953,51.061280688024794,0.021011677743666222,0.09015163779258728
43.791409,47.70899639263933,50.505394043163534,-0.04227206948685525,0.0963919460773468
43.831775,46.07494142519965,51.38972822186585,-0.11752548106302389,0.10003286600112915
43.892312,46.59456312755319,52.89428585455386,-0.15785515646251738,0.12450432777404785
43.932595,47.257136470567076,53.45959255292194,-0.16545052145499617,0.13153594732284546
43.993129,47.53073634736008,53.50332525870731,-0.1840124674638503,0.13008341193199158
44.033431,47.54599126491084,53.577302176159016,-0.20427992537813194,0.12875817716121674
44.07284,47.5763244545349,53.60582747230894,-0.22649496588093365,0.11774349212646484
44.133314,46.98899378382855,54.985688281002076,-0.5104328980803501,0.44692736864089966
44.172651,47.032030554326006,54.850104487220506,-0.5311692240766529,0.4246138632297516
44.233171,46.38556336098302,54.048669571917586,-0.5536112402747188,0.44397300481796265
44.273576,46.24473260841615,53.76937065800254,-0.574269277056301,0.4557827413082123
44.334137,46.52050054641486,53.86226101989434,-0.5956518733749332,0.4555448293685913
44.37445,46.84086796767596,53.84337335169181,-0.626409671744073,0.45481207966804504
44.434001,46.635166933720626,53.556193356117596,-0.6436042207356248,0.4655172526836395
44.474297,47.00490173800227,53.641814457337915,-0.6687201163362622,0.455453097820282
44.533851,47.306503314791385,53.632668964019615,-0.6945519467241854,0.4752120077610016
44.574235,47.24068838093923,53.33197453876554,-0.7201224338168698,0.4745210111141205
44.634857,47.143487436609306,53.03088601659446,-0.7303113535021938,0.5030974745750427
44.675184,47.11004984474439,52.74583261321461,-0.7422545477447813,0.5151474475860596
44.735784,47.304409576377125,52.592830351727095,-0.7535419365153507,0.4665088951587677
44.776127,47.52602179462311,52.60060882999023,-0.7503130657122103,0.449913889169693
44.835556,47.45442225117797,52.23010443679301,-0.7494950258948634,0.45588234066963196
44.875816,47.702544553935084,52.32958998846781,-0.7428154973039367,0.44010084867477417
44.936386,47.52011223431862,51.72314060990492,-0.7445579019677224,0.4331509470939636
44.976655,48.46230966847004,52.24763398916197,-0.7295249405835537,0.42456957697868347
45.037134,49.24643195650547,52.74253035467756,-0.7169086082539656,0.3981092572212219
45.077423,49.58115190128287,52.784698882550515,-0.6962571849838024,0.40918081998825073
45.136945,49.36730518433964,52.2122254040015,-0.6771378358000278,0.3983210027217865
45.179673,50.05111809125512,52.48077821585123,-0.6481518357605484,0.4113236665725708
45.220185,50.21275875821963,52.243424411929155,-0.6132261865413235,0.4084262251853943
45.279691,50.5821006387352,52.266908234664065,-0.570569673466379,0.3713579475879669
45.320191,51.406964778038144,52.63585965156084,-0.5259174264099482,0.37731093168258667
45.379588,52.36433408923378,53.11654246974825,-0.47957079607849623,0.3335130214691162
45.419937,51.308813316416675,52.33938988617702,-0.5282007016606375,0.3013720214366913
45.480334,52.292726762481266,52.642481333716525,-0.3637832251732976,0.26224151253700256
45.520732,52.5766247911885,52.86042721328597,-0.4218613833505564,0.28115636110305786
45.581209,53.06352017651676,52.76001945490116,-0.3777522773887236,0.30800241231918335
45.62154,53.154738909334505,52.68253340840715,-0.32219548344867005,0.3474573493003845
45.661793,52.88526914335459,51.89561502371687,-0.2723021905857341,0.3284212648868561
45.722316,52.340234100967756,51.07183458901216,-0.2035793714301756,0.35808560252189636
45.761639,52.23151867807374,50.660676163288336,-0.15166860613388589,0.3671491742134094
45.822206,52.15775388171069,50.21383138927925,-0.10699181893674103,0.4056479036808014
45.862713,52.42175446338516,50.21439394170093,-0.05430250492929553,0.40252649784088135
45.923155,52.736395514056156,50.16732966853017,0.006745914755691472,0.3768647611141205
45.963593,52.98166334150871,50.04412341227966,0.055435559851229374,0.35146787762641907
46.023945,53.99477513079134,50.56709537374829,0.10362291410631695,0.38184845447540283
46.064548,53.537681707205856,50.14877261237402,0.1639287246973294,0.38038092851638794
46.104906,53.915578432682636,50.17679297097443,0.22797964362070908,0.3456733524799347
46.165394,53.17333290521413,49.12187318874908,0.27560917770439586,0.3508942127227783
46.204718,53.28636071068263,49.136305898355054,0.3238662342704857,0.365257203578949
46.265088,53.7220724030725,49.26870237012162,0.3713144815855638,0.3796261250972748
46.305304,53.88018034008663,49.31746005250271,0.4241591876299744,0.38366013765335083
46.365838,54.381988238952694,49.530202394093706,0.46716794829799596,0.36394649744033813
46.406209,54.59078712399253,49.646860360913635,0.5171218776231217,0.3748997449874878
46.466722,54.988290111330585,50.10431821935375,0.5789378424852644,0.36056578159332275
46.507077,55.09619098159467,50.20749575991487,0.6406662986461881,0.3687005341053009
46.567509,55.517522577141115,50.445759140158465,0.6908681057589746,0.37576767802238464
46.607984,55.71781774306997,50.82645209951787,0.750320009143384,0.35567110776901245
46.668457,55.83179942932805,50.95765665518243,0.8179007565554918,0.37504351139068604
46.708005,56.09251434671755,50.98265570315822,0.8801690414795063,0.37649407982826233
46.768485,56.716910545553624,51.66565050683635,0.9422467785393991,0.36826789379119873
46.808862,56.5478468523061,51.582568765066334,1.0017456300752619,0.3900543451309204
46.849278,57.29584007233506,52.394732576256295,1.0615956654966305,0.3575330972671509
46.908784,57.142082770811236,52.10282124899823,1.1219336031562932,0.35555556416511536
46.949046,57.61491836511416,52.86820170599521,1.1877872739963704,0.36527666449546814
47.009533,57.70867715797417,53.07691733746913,1.2464105240885666,0.3598945438861847
47.050028,57.82957304511763,53.23043999944525,1.3067648791316797,0.3477970063686371
47.110432,57.94881349469433,53.5861348807667,1.3749514649461296,0.34015047550201416
47.149885,58.21149082604487,53.944980475432224,1.4380151403765873,0.33571386337280273
47.210368,58.30200658558568,54.50284255020979,1.5122801175068343,0.32436802983283997
47.250783,58.54790808134363,55.089829229248224,1.5954294098174486,0.30031919479370117
47.311255,58.60315072414885,55.35481994339619,1.6679795344696071,0.2912936210632324
47.350579,58.37109749109735,55.328383896379165,1.7466438531066117,0.3382216691970825
47.411031,58.54667592466992,55.89989100461093,1.8263009085640454,0.3236951231956482
47.45135,58.65973491884229,56.37286930462508,1.9043179255156357,0.319227933883667
47.511805,58.75749613113025,56.61320521130593,1.9731154977615366,0.34741970896720886
47.552208,58.68101254928541,57.0217359405636,2.0543690815842037,0.40466123819351196
47.611782,58.511526641684945,57.43588048745468,2.136787976737101,0.4167497456073761
47.652177,58.45863878880237,57.70135055738433,2.2070864265685595,0.4328482747077942
47.69254,58.54230343587981,57.99757448624588,2.2701814600836974,0.4843013286590576
47.752983,58.35238158086388,58.373464951756155,2.3388312593386993,0.5010973215103149
47.79329,58.337391241320866,58.6696194811981,2.4065354472033254,0.45009613037109375
47.852978,57.89269691697557,58.739435559292914,2.47915671685261,0.5108785033226013
47.893405,58.17176742102053,59.49176433598984,2.545799154215142,0.5070787668228149
47.953817,57.66785378890077,59.693976538934834,2.622574912151882,0.5517619848251343
47.994247,57.6785328269219,60.210618291283126,2.7073458203837277,0.5034242868423462
48.05383,57.38829238117667,60.540581646874706,2.8023812178375636,0.45702099800109863
48.094041,57.0134269853609,60.55226776093351,2.8775641398388925,0.4067796468734741
48.154376,56.00179767457907,60.031146523750955,2.952312994458313,0.37907135486602783
48.193704,56.35866844939465,60.884003803927705,3.033736467769826,0.42119839787483215
48.254196,56.13503971777141,60.88159434320265,3.1024724632692657,0.39819005131721497
48.294479,55.83766742116649,61.249501729987855,-3.0766306854576104,0.36875173449516296
48.355025,55.56128131457639,61.17002688677618,-3.0132432581124697,0.3645886182785034
48.395335,55.14907797520389,61.253222364790965,-2.9442047312190502,0.3825119137763977
48.454892,54.58469186122067,61.218837855529316,-2.8634331986470554,0.3615163266658783
48.49521,55.098577498551855,61.508150827776255,-2.7883489565846054,0.3675841987133026
48.554788,54.9541053066075,61.89581694216931,-2.7063249724936194,0.33320391178131104
48.595142,54.343263945417114,61.580057211768626,-2.637970029262919,0.34792816638946533
48.654753,53.68597093928157,61.183717331690374,-2.555212392332276,0.29591166973114014
48.694989,53.81500919997645,61.37122810955165,-2.480598445088428,0.3132515847682953
48.755464,53.85913623617489,61.49546249249802,-2.402368391383102,0.3214944005012512
