0.013159,33.56934,38.32862,-0.93091,1.0
0.053518,33.56934,38.32862,-0.9300781374414397,0.8478129506111145
0.09383,33.56934,38.32862,-0.9293640179917688,0.7944996356964111
0.154446,33.546275333199766,38.31137293806486,-0.9287240564055154,0.8015294075012207
0.19487,33.546275333199766,38.31137293806486,-0.9280007082552755,0.8331366181373596
0.255474,33.511714101186136,38.285454580831036,-0.9273427508978003,0.790533721446991
0.295811,33.53474295368719,38.30274943418354,-0.9266503852703666,0.7941372990608215
0.356305,33.56070828517692,38.26822347929988,-0.9259828967549092,0.8066080808639526
0.39684,33.58371307479648,38.28555032709629,-0.9252603393266663,0.8058441281318665
0.45741,33.59520966285345,38.29422145522638,-0.9245903765167405,0.7890554666519165
0.49675,33.59520966285345,38.29422145522638,-0.9239538945445523,0.7877925634384155
0.557283,33.53778611188726,38.25078718541056,-0.9232218001681821,0.7910861968994141
0.596565,33.48651946698416,38.32033737699168,-0.9309969499019433,0.7887766361236572
0.657089,33.52682194521935,38.31445602951837,-0.9303054797631761,0.7997821569442749
0.697495,33.51528186935647,38.30584286232627,-0.9296224259393645,0.7931470274925232
0.758065,33.56712645257151,38.30863914401079,-0.928910082906235,0.8007302284240723
0.798319,33.578654598242565,38.317268272436465,-0.9282385974535592,0.8053239583969116
0.85877,33.521044321239884,38.27408197850338,-0.927533149325311,0.8061062693595886
0.899135,33.54407568694387,38.291373484909975,-0.9267957144085331,0.8103519082069397
0.939529,33.54407568694387,38.291373484909975,-0.9261431071452049,0.8071616888046265
1.000091,33.54407568694387,38.291373484909975,-0.925403007603615,0.802980899810791
1.040674,33.57008432052214,38.25688013802407,-0.9247281149257696,0.7963218092918396
1.101162,33.57008432052214,38.25688013802407,-0.924022690567591,0.8310089707374573
1.140546,33.62751347644099,38.30030699665382,-0.9233508556559236,0.8109881281852722
1.201189,33.54107523934149,38.28880193660778,-0.9311150394337268,0.8051462173461914
1.240689,33.549904318899245,38.34925462351385,-0.9304222369825534,0.8004544973373413
1.301127,33.51528277053193,38.32341689163487,-0.929673542401173,0.8081876039505005
1.341447,33.59881719560243,38.33191629326919,-0.9289784817933792,0.8098692893981934
1.401973,33.5258048709261,38.277266129085,-0.9282520543148137,0.8089560270309448
1.442356,33.56421220526145,38.30605634737616,-0.9275499256767976,0.8162204623222351
1.503056,33.56421220526145,38.30605634737616,-0.9268402472684802,0.8243137001991272
1.54345,33.56421220526145,38.30605634737616,-0.9261794203150534,0.8124426603317261
1.603045,33.63621208844334,38.30618604623665,-0.9254938439650657,0.8094663023948669
1.643435,33.583376308752165,38.32045420604882,-0.9247990917884201,0.8091638088226318
1.703119,33.56039159985651,38.30310072925073,-0.9241022924000285,0.8131593465805054
1.74342,33.586445873760134,38.26864184343945,-0.9234042906809289,0.8084967136383057
1.802902,33.53827420605338,38.286118997824154,-0.9311874655559106,0.7994999289512634
1.843265,33.55571133427601,38.33502325693671,-0.9305063614575714,0.7950498461723328
1.902718,33.55571133427601,38.33502325693671,-0.9298126707981273,0.8158742785453796
1.943107,33.521105031975964,38.3091651084895,-0.9290837055816454,0.814682126045227
2.002702,33.512397486553446,38.24869479632961,-0.9284121298027049,0.8108348250389099
2.043088,33.55080990836677,38.27747822646632,-0.9277266550697653,0.8092280030250549
2.102758,33.55080990836677,38.27747822646632,-0.9276331673856759,0.8109622597694397
2.143102,33.51627260391227,38.25152799330712,-0.9264201286616436,0.7849026322364807
2.202585,33.539270447212004,38.26886405986101,-0.9248595467299621,0.7723598480224609
2.24305,33.55433538416711,38.29855276214311,-0.9313271305732311,0.8092123866081238
2.302669,33.57156847742954,38.275477656583035,-0.929329550172348,0.7908452749252319
2.342732,33.62635303580636,38.20256612002361,-0.9264100779101551,0.7690370082855225
2.403167,33.565186706359135,38.24037202894546,-0.9362323591808334,0.759917140007019
2.442534,33.63091590916275,38.153660869107426,-0.9393614280978058,0.7721595764160156
2.503062,33.67017860444781,38.101108086184524,-0.9385264531094302,0.7379819750785828
2.543249,33.66485315425694,38.040248463724836,-0.9445607214649219,0.7656794190406799
2.602846,33.712289012967425,38.05007661792536,-0.9554060936083305,0.7752735018730164
2.643174,33.693491397636116,38.03089068221445,-0.9725894111870738,0.774703323841095
2.703691,33.73000947787663,37.927845101560635,-0.9828122355426238,0.7508672475814819
2.744062,33.77077523076803,37.868508870513054,-0.9931781726518065,0.7549691200256348
2.803569,33.840246171972375,37.8442961204149,-1.0118988495532617,0.775399923324585
2.843988,33.874582218770605,37.70785732984625,-1.0190512354741825,0.759559690952301
2.903623,33.93609018868922,37.69401708486366,-1.034171959843935,0.7716354131698608
2.944049,33.95333195779756,37.57159315032784,-1.0494504459232843,0.774085283279419
3.00457,33.99593969444868,37.529592887281595,-1.0708967329200758,0.792401134967804
3.045072,34.021986813430914,37.42599404259597,-1.0736248879975403,0.7834545969963074
3.105615,34.05232773117489,37.28092656653224,-1.0792446493994918,0.7980043292045593
3.145926,34.10221754604756,37.25842753606489,-1.0847071302645124,0.819837749004364
3.186305,34.18338298663518,37.15153699371646,-1.0681736662297423,0.8020370006561279
3.246838,34.22377481325598,37.084775824545126,-1.0634002483085316,0.7596619129180908
3.28717,34.33119801653308,37.02556790972885,-1.0528111592865266,0.7801298499107361
3.34647,34.35652530076321,36.812503974834016,-1.0328995388991644,0.7913348078727722
3.386768,34.3947103659526,36.717231788495745,-1.0091489089535945,0.7575651407241821
3.447313,34.51865256847569,36.53496237686865,-0.9806844411975897,0.757977306842804
3.487693,34.63593048121506,36.41670425047358,-0.9494962766396875,0.7554621696472168
3.5482,34.751453760788955,36.36274989993306,-0.913433685472652,0.7712854146957397
3.58766,34.8683163463614,36.200353724367346,-0.8724293169151509,0.7784313559532166
3.648154,34.898900196803574,36.0751419133426,-0.8398282598139871,0.7608118057250977
3.687553,35.03805735827419,35.97228359632965,-0.8007355491941262,0.7698419690132141
3.748081,35.13079735253883,35.88079178281328,-0.7568952765463597,0.7611693143844604
3.788439,35.25003692384822,35.69915764659288,-0.7096278395972725,0.7361640334129333
3.849055,35.40132297281391,35.61515121615064,-0.6711027773319367,0.7371001243591309
3.889382,35.51249295380025,35.461279154318,-0.6288301581201609,0.7389992475509644
3.949038,35.70499963051315,35.371895098624535,-0.5863656836817845,0.7103250622749329
3.989373,35.8315132864636,35.284968879592135,-0.5396123099580746,0.6884233355522156
4.049085,36.004888852108145,35.1311439473483,-0.4852462101677111,0.635244607925415
4.089444,36.227536011195795,35.09783031478349,-0.43771476599883746,0.6001060009002686
4.15004,36.34291161471114,34.894714389654204,-0.36692568167577494,0.5894057154655457
4.190352,36.5196701774724,34.9039984612517,-0.3021269928979529,0.6299341917037964
4.249816,36.67173174092827,34.798640065307104,-0.23350012886735547,0.5928967595100403
4.290137,36.94660779286011,34.72716362704494,-0.1567544044136683,0.5913552641868591
4.330401,37.22480607825252,34.63221569972119,-0.0682199715929423,0.5824161767959595
4.389876,37.37450163362402,34.6757708654017,0.008739820922972761,0.536227285861969
4.43023,37.5782392459561,34.6205865445181,0.08839493078133723,0.5829637050628662
4.489808,37.84261120796247,34.68533392380301,0.17126815737030568,0.597149133682251
4.530213,38.0087367976493,34.70812515171638,0.25385183432139263,0.569733202457428
4.590582,38.26665928343066,34.75743986805132,0.3441624473030827,0.5629268884658813
4.630883,38.58895537948872,34.8058372322765,0.4307278197852228,0.5541895031929016
4.691278,38.75322860569683,34.917993894016035,0.5071955627156735,0.5256493091583252
4.731651,38.91457209791238,34.95516663155935,0.5879193965386902,0.5779034495353699
4.792206,39.059911211823106,35.09575830263575,0.638560263476843,0.6530225872993469
4.832533,39.35603619120614,35.35749043893978,0.6742946791221686,0.6559333801269531
4.893068,39.570974243610834,35.42025795184752,0.7138546600963925,0.6525490283966064
4.933406,39.76019211446203,35.63804165667332,0.7312683004613924,0.7282399535179138
4.993075,39.93352587229674,35.74611067646015,0.7476034275893072,0.6864365339279175
5.033411,40.168434807762985,35.96335743161385,0.7696725164401929,0.7120431661605835
5.09292,40.314366104994065,36.167787524594964,0.7887263602640007,0.695905864238739
5.133233,40.65974579478196,36.36131772420643,0.8088547086274261,0.73380047082901
5.192765,40.79285204016831,36.489211603325565,0.8138169084421119,0.7414975166320801
5.233198,41.06471376817419,36.78257028500361,0.823020088767336,0.7469080090522766
5.293683,41.3223429801773,37.00024640363539,0.837294839169627,0.7356446385383606
5.33413,41.450252543773516,37.19870824010295,0.8497066615448783,0.6943457722663879
5.39481,41.65716079642472,37.431857168838576,0.8639112434937812,0.6880616545677185
5.435199,41.84218116679219,37.68560256948149,0.8772322423540418,0.709515392780304
5.495775,42.109650685420775,37.95949991363789,0.8914691389347582,0.7380391955375671
5.536174,42.28861620972057,38.13490787440516,0.9090074551914176,0.7109960913658142
5.596678,42.573181104769766,38.36314607860105,0.9183721809235246,0.7363717555999756
5.637009,42.838485754177306,38.63387369633286,0.9224874770579092,0.7653108835220337
5.697471,43.14803347236674,38.8081948713427,0.9149665735254604,0.6960942149162292
5.737906,43.44313080659296,39.0838514889766,0.8950851723910661,0.6578918695449829
5.798482,43.69707234222416,39.23324803610588,0.8621279700767025,0.562167227268219
5.838903,44.01189957270642,39.54488555865047,0.8264619669653376,0.5556614398956299
5.899387,44.23908897942706,39.75419447822412,0.7763552262549098,0.5277209281921387
5.938931,44.48336324766002,39.9925863078237,0.7255914794547047,0.5059893727302551
5.99953,44.77880136827918,40.2969934321977,0.6768445710459811,0.5188483595848083
6.039958,44.876278423968884,40.70463382995469,0.6145516383424536,0.48014959692955017
6.100471,45.36424284957043,40.70290702170454,0.5787116216819119,0.48076847195625305
6.14083,45.52423170718085,41.015524751258816,0.5113756439721048,0.47835835814476013
6.201346,46.026183995272945,41.21501357643284,0.4669638426099303,0.5305127501487732
6.240714,46.23306952865956,41.410122761690296,0.425740631221471,0.6279464364051819
6.301617,46.50696207947879,41.65598982174712,0.3990367261315008,0.6635993123054504
6.341669,46.801154866935946,41.941084945311225,0.4005445416595293,0.7375403046607971
6.402117,47.02154901508407,42.07657288199882,0.40486867788652287,0.6360237002372742
6.442448,47.42506636113291,42.23727213838155,0.43634250876930136,0.6693748831748962
6.503084,47.82788956733704,42.38916094523864,0.4540586599746126,0.7084562182426453
6.543455,48.22001854839356,42.542944670420006,0.4790305943454568,0.7524911761283875
6.604039,48.656997019531744,42.76719403566359,0.4973219581166423,0.6368767023086548
6.644332,48.99131278885626,42.89849537117846,0.5249566340093096,0.6530589461326599
6.704687,49.3344648411984,43.14012670075459,0.5473775233382614,0.7139805555343628
6.745015,49.7586232584605,43.38486536330554,0.5731058082125078,0.689422070980072
6.804501,50.3110422283562,43.67827580699032,0.6137235537340988,0.6698199510574341
6.844894,50.55832654751137,43.89443800033781,0.6473224593439248,0.6650431752204895
6.905311,50.921682297043574,44.126624507335066,0.6884691407580521,0.6584986448287964
6.945687,51.32005953404725,44.379333215091634,0.7265278881299503,0.6502640843391418
7.006126,51.740591396837914,44.744118744714136,0.7593605956784977,0.6622114181518555
7.046462,52.138159234651376,45.05490899357694,0.8031298790459225,0.6410617828369141
7.105917,52.39695579342908,45.31637151850297,0.857319782860706,0.6577642560005188
7.146237,52.758411584594995,45.659898469669265,0.913564574190796,0.6553711295127869
7.205752,52.98359844709325,45.93653190656265,0.959235956512396,0.627227246761322
7.246101,53.26572817595016,46.26471105945489,1.0228038219351425,0.5866463780403137
7.286398,53.55664688648746,46.535541343436094,1.1005603069038121,0.5676348209381104
7.345849,53.90859825546619,46.89965533976302,1.1872409824842363,0.5071339011192322
7.386113,54.16872566800281,47.37885674618592,1.2918328356129103,0.47111570835113525
7.446623,54.319524898735594,47.48734223265926,1.3925721290249655,0.46400758624076843
7.486992,54.57086104427593,47.75104137910659,1.5139589473920034,0.45122477412223816
7.547479,54.74908793108139,48.10792565246973,1.6216875968496054,0.4995989203453064
7.587866,54.9190296467833,48.46835851676453,1.7185463933686904,0.4687596261501312
7.648383,55.027305267475725,48.64245816012049,1.8092158990708322,0.47037097811698914
7.687815,55.11806352195551,48.983337560458594,1.9084627987616536,0.5604546666145325
7.748279,55.288869564791305,49.2592330388075,1.972514059303599,0.6439634561538696
7.78859,55.230706359347614,49.67560168307035,2.0241419644275163,0.6206743121147156
7.849256,55.283420700418105,49.88172611163877,2.0629782341550844,0.6126253008842468
7.888639,55.31160950928785,50.175121560336535,2.108075232685114,0.6311199069023132
7.949425,55.23217310284119,50.489272520307715,2.1480498452969874,0.6887710690498352
7.988817,55.15954023051092,50.80864655158112,2.169973449670437,0.71546471118927
8.049371,55.07435758067431,51.08650898572385,2.187951340200283,0.7065539956092834
8.088825,55.00444018300269,51.40330602185223,2.2184108685725508,0.6915287375450134
8.148584,54.9196455547118,51.59797770306927,2.2361311131210635,0.7163849472999573
8.188947,54.82129449138033,51.75195078536548,2.2383991529403855,0.7138711214065552
8.249404,54.45075908833305,52.22382973521273,2.2619939182210933,0.7027555704116821
8.289745,54.326015042450486,52.38018277315898,2.2815207942048104,0.696503758430481
8.350141,54.116307554181496,52.52521986082628,2.300020586398023,0.6946347951889038
8.390364,54.03344339772631,52.87147057974318,2.3162462247756417,0.695850670337677
8.449778,53.83654509950333,53.04588782705331,2.324952753118281,0.7476229071617126
8.490094,53.635819684652525,53.22303511476385,2.3328658894230867,0.7358496785163879
8.549483,53.33951715961736,53.63800768570092,2.3509255790603536,0.673569917678833
8.589744,53.2159964148465,53.86479089850833,2.3520888406791904,0.7710596919059753
8.650278,52.93425521197668,54.1486768969771,2.345867911939418,0.7644528746604919
8.709693,52.71083204597413,54.42812323897668,2.3231418598410833,0.7285782694816589
8.750015,52.53381291555763,54.74384051979042,2.296216294047864,0.6247627139091492
8.809453,52.21731419663139,54.83185036877197,2.255292646212646,0.5758892297744751
8.849622,51.890998414446585,55.12398943878136,2.2085252646182667,0.5449565649032593
8.910105,51.643195779545906,55.43787026910288,2.153683785840324,0.48805615305900574
8.950426,51.515984805783766,55.74039563211538,2.0887908454762876,0.48481735587120056
9.010884,51.40972013277889,55.99252000068983,2.0207541632858623,0.4846923053264618
9.051148,51.23598892479789,56.26003919861,1.948366339760508,0.42952367663383484
9.111604,51.09916902239799,56.514264619092415,1.8688438281667448,0.42718952894210815
9.151933,50.94421786907749,56.83558621660438,1.7951595672919376,0.48356330394744873
9.21245,50.974730018042315,57.05772176328313,1.7093847912690359,0.41494303941726685
9.252795,50.83710463385416,57.37495371874434,1.6336409933098222,0.4258410632610321
9.313226,50.894833437083776,57.65561350778421,1.550541585189638,0.41335201263427734
9.353433,50.87426983435365,57.8342556239269,1.467814671971197,0.41408786177635193
9.414074,50.848358706762646,58.2694547835315,1.3869253577641432,0.41884785890579224
9.454453,50.86260982511938,58.480590578306966,1.2973375046056954,0.3996850550174713
9.515266,50.87248114527205,58.75294116132804,1.212513170646365,0.3879460096359253
9.554661,50.98831106140574,59.03321027002931,1.1116214290808588,0.4088500142097473
9.615232,51.04677615395854,59.295046452740294,1.0147837966328244,0.39426612854003906
9.674747,51.225294686046425,59.48242408556283,0.9221099220808731,0.3820772171020508
9.715116,51.25702642713226,59.77306253535701,0.8265781105309359,0.4251001179218292
9.775461,51.41930476994837,59.93262994420289,0.7269590660367506,0.41557392477989197
9.815693,51.57056423584928,60.02270951351116,0.6279607933138577,0.36860671639442444
9.876099,51.70636515782454,60.27209076341189,0.5320993214362059,0.385114461183548
9.916426,51.91883242244545,60.47653129847948,0.43314116839766476,0.377701073884964
9.976961,51.99988248570008,60.72061561157282,0.3439820227938391,0.37000203132629395
10.017368,52.27850718225962,60.742976019781175,0.24013749541547202,0.36995625495910645
10.077767,52.41307997951826,60.911921994441116,0.14144343402530576,0.3199957013130188
10.11807,52.73999832323365,60.920657344036876,-0.07295321098339946,0.41401901841163635
10.177683,53.09238826867018,61.20273211826854,-0.16507368081991317,0.3984701633453369
10.218033,53.32986559389777,61.30001003699967,-0.26441155997512167,0.4150947630405426
10.277612,53.63774194654179,61.21686788286498,-0.33444047433841867,0.4598555266857147
10.317855,53.82297938322339,61.07319422414761,-0.40300516618415705,0.43838420510292053
10.378234,54.131259242051236,61.204701956019456,-0.5050146681789376,0.4034496247768402
10.41755,54.279617419473176,61.04178803303845,-0.5670504935514004,0.44882693886756897
10.478167,54.48665826836272,60.94000454445972,-0.6419389987348425,0.4523666799068451
10.518543,54.62088198586337,60.62533605227484,-0.7032314667041003,0.46481218934059143
10.579051,54.74615166233059,60.52304899558337,-0.6849796024419685,0.43470799922943115
10.619449,54.94612696232353,60.347020575026605,-0.8475215827552379,0.45524245500564575
10.679043,55.20265253596173,60.29190791770006,-0.9271493654058062,0.4432392716407776
10.719408,55.3844396797583,60.07837850921182,-0.9877762414455022,0.46863892674446106
10.780002,55.3972866084183,59.850266049789624,-1.0624755598301077,0.4678581655025482
10.820438,55.52301737996139,59.520991363737956,-1.1382043302242169,0.4271649122238159
10.880831,55.65144193284448,59.28883229510701,-1.1737118769800827,0.4802244305610657
10.921071,55.85156842974828,59.156538098794954,-1.2793529553744443,0.43573975563049316
10.981551,55.796385989160854,58.92442035667018,-1.3473653195872806,0.49663448333740234
11.021904,55.8071615683284,58.7244764554473,-1.4021793165991514,0.4824097752571106
11.082478,55.82638535026553,58.382058218468195,-1.5051593119694981,0.47843137383461
11.122754,55.88971631964905,58.07649939354931,-1.582848839699297,0.4453221261501312
11.183338,55.86831115849505,57.836178392036665,-1.6635882819803303,0.5040522813796997
11.222714,55.83253036541321,57.519487253863026,-1.7340289712033776,0.506341814994812
11.283252,55.9692305741534,57.13829525820942,-1.799113764553893,0.5618280172348022
11.322492,55.826402328153556,56.89554461807791,-1.8396342786344069,0.6698489189147949
11.382842,55.74419139462092,56.54141507271322,-1.8737331300837623,0.6542596220970154
11.423139,55.67728993386333,56.30762438497911,-1.9108653429980433,0.6657516360282898
11.482723,55.54275457749377,56.04836222333886,-1.9524607915521741,0.703497052192688
11.523092,55.503305459010306,55.73600449659933,-1.989074436070401,0.6811807155609131
11.582625,55.37021161909103,55.493242026711066,-2.015920181895633,0.7220575213432312
11.622917,55.300060645155924,55.22616854881266,-2.0399851754666765,0.786640465259552
11.683368,55.02751740717814,54.84209931646636,-2.0588850843380393,0.7773476243019104
11.722736,54.878178406451624,54.5591218907789,-2.0797069067247453,0.7602823376655579
11.783188,54.8482821191352,54.40646236994934,-2.095897669431004,0.7405211925506592
11.822561,54.58757217851614,54.0023569356811,-2.108918358575844,0.7815399169921875
11.883027,54.52407417565683,53.740796172297244,-2.1245593786056833,0.7987681031227112
11.923432,54.304501850546835,53.38800035444139,-2.13142478443433,0.7719586491584778
11.962897,54.07540663395313,53.10287606271253,-2.1292766527315568,0.8136940598487854
12.022684,53.90107709750387,52.82503939716713,-2.131157877848974,0.7796977162361145
12.062932,53.69046728552821,52.51855690625896,-2.1240952548383247,0.789055347442627
12.122653,53.51684013601574,52.15562460823056,-2.1245988689278317,0.804657518863678
12.162997,53.42880998263451,51.93159074450528,-2.1256431262033733,0.7796810269355774
12.223436,53.11553391901364,51.570287066192684,-2.1238197615104504,0.7952245473861694
12.263728,52.896797148516974,51.28186518575257,-2.128409412358968,0.7974514961242676
12.324206,52.670874366750404,50.96792800841576,-2.13146412555499,0.8319297432899475
12.363576,52.37886265995393,50.62859065393155,-2.1400868238822017,0.7979924082756042
12.424186,52.07702513138505,50.29136253956014,-2.1558293638292616,0.7694295644760132
12.463531,51.826124904515744,50.04930195410814,-2.1834278808262204,0.74289470911026
12.524029,51.49584987150865,49.74283980864459,-2.2196169399192405,0.6539342999458313
12.564434,51.21066279434962,49.46176283150371,-2.2691190073679803,0.5809914469718933
12.623933,51.022324339308106,49.204120792381815,-2.309556154436839,0.5730697512626648
12.664252,50.82743477013369,48.83468197253992,-2.3609296083883047,0.5083667039871216
12.724756,50.52757751263298,48.57328799722324,-2.4300371626471553,0.47790777683258057
12.765063,50.38345220152792,48.28344711314438,-2.499744851650434,0.46237313747406006
12.825556,50.15200288542203,48.05514420848359,-2.6001525408165485,0.43962526321411133
12.865785,49.94193883865302,47.76296502022537,-2.698322061027087,0.39646750688552856
12.926224,49.75009148215882,47.56929042241054,-2.8014150626988954,0.3573404848575592
12.966478,49.50527475728221,47.36245840352948,-2.913657687057833,0.3942462205886841
13.026944,49.313777448175344,47.198287633964625,-3.0304715080438887,0.35287827253341675
13.067223,49.140273250571894,47.02440522503033,-3.1344329490080636,0.34713301062583923
13.126876,48.8231896383937,46.855360697182185,3.040432421969008,0.35585546493530273
13.167192,48.46932795671873,46.81580026111311,2.933419940664417,0.37860870361328125
13.22758,48.38861484510322,46.71521319959808,2.8334818206084025,0.36621031165122986
13.267814,47.91485844217199,46.999380487516945,2.669579860201397,0.3955409526824951
13.32825,47.67562306023079,46.935286751682774,2.574694385121384,0.4116641581058502
13.36742,47.471213369791805,46.87738475047382,2.478866927104188,0.38304275274276733
13.42791,47.20404985246193,46.86152090903737,2.385971444588688,0.38569962978363037
13.468206,46.891079162679944,46.8391463244827,2.2995146411315064,0.42668992280960083
13.527725,46.66304975238964,47.02099004355117,2.2194566172269656,0.4310111999511719
13.588276,46.33524530769729,46.88611293655548,2.1380850909945783,0.43101418018341064
13.628605,46.34677134608904,47.13407870002817,2.0577752976233263,0.4224948287010193
13.66899,46.17096921870469,47.21690399367428,1.9837452699574112,0.42940187454223633
13.729497,46.18194278242836,47.38219137791021,1.9096044827201357,0.4316926896572113
13.769915,46.02998613520548,47.539525623269064,1.8385745619545992,0.4291776418685913
13.830343,46.150306032613706,47.70147782350139,1.7026660395642819,0.44358599185943604
13.869601,46.09033013656979,47.919464376937825,1.6239260210803135,0.4406091272830963
13.930013,46.072279556804176,47.92609390625977,1.5669237580405222,0.46921467781066895
13.970318,46.02743030660515,48.26263071895769,1.4916019885893634,0.48440852761268616
14.030881,46.02780532903688,48.41740243827667,1.419586678013581,0.5084235072135925
14.071258,46.21051416891474,48.36751864613527,1.3722023373820533,0.4768238365650177
14.131727,46.136358260796634,48.666815536286286,1.2980659038707423,0.48849573731422424
14.171997,46.14526823445137,49.021948072332144,1.2143155845200133,0.5067967176437378
14.232424,46.196710185708476,49.23161148605789,1.1466086026563183,0.4839549958705902
14.272713,46.26570645054576,49.38020067420781,1.0826636025692236,0.48215991258621216
14.333191,46.36779085641172,49.59922047493005,1.0163023651128351,0.5173218846321106
14.373431,46.47101356755775,49.836662909327956,0.9415879101498315,0.4705120921134949
14.433908,46.63629511373053,49.81744384065666,0.8871867770955436,0.4685884416103363
14.474228,46.76102755777014,50.12248175089235,0.8026607786296103,0.4798806607723236
14.533635,46.93319974445974,50.1835891290217,0.7616760955722568,0.5841302275657654
14.573879,47.076067706697394,50.34134169287306,0.7353939240203803,0.6856661438941956
14.634248,47.22813790271611,50.42644386053758,0.7012066883208978,0.6834734082221985
14.673618,47.36100969500285,50.709801872663164,0.6827699412745337,0.8135399222373962
14.734086,47.57257463073255,50.89248980950762,0.6679591571808542,0.7974310517311096
14.774673,47.72573283153327,51.21685517889191,0.6681889193296002,0.8266351222991943
14.814949,47.82736754460987,51.54203606263628,0.6813480420777792,0.6633922457695007
14.875216,48.05276190032439,51.61553972770017,0.7140128285837121,0.6000475883483887
14.914557,48.20900492631087,51.72004047370329,0.7606426491207768,0.5571957230567932
14.975002,48.355466061409786,51.8329686686056,0.7842925266415032,0.4972758889198303
15.015447,48.5664654055729,52.01784222443573,0.8414007981121071,0.4819011986255646
15.075017,48.8168257078942,52.103121792143554,0.8965976128886647,0.43896880745887756
15.115326,48.97174127320138,52.384799078725884,0.9604953158853426,0.4727143943309784
15.174829,49.06889460143202,52.519015459509795,1.0301290618726762,0.4787141680717468
15.215187,49.38273813292527,52.88212340602541,1.1700627220938968,0.3845455050468445
15.27481,49.373601283864616,52.963343151114294,1.18671006077332,0.41462790966033936
15.315076,49.597885412113676,53.19238173752513,1.252887121900427,0.452099472284317
15.355542,49.63718014670243,53.46811511557676,1.3336986933696993,0.4188401699066162
15.414906,49.799232912520246,53.779516035660556,1.478943449141539,0.3919129967689514
15.455332,49.82735042775859,53.763786765736654,1.4847851812734205,0.4328610897064209
15.515884,49.810819772673334,54.07408912285364,1.5819700478781495,0.3899925649166107
15.556287,49.86687993858567,54.310779929659866,1.68549754587147,0.4034690856933594
15.615834,50.07164410581079,54.297096338117285,1.7866293836814957,0.39408424496650696
15.656239,49.95988487971724,54.713175327376376,1.89529078505461,0.43166089057922363
15.71582,49.93520514499487,54.85901647581329,1.997835673402548,0.4291359484195709
15.756179,49.87884149186486,55.07747932379575,2.102005221564556,0.3966459035873413
15.816751,49.87284988678196,55.31341697500573,2.1936299608211445,0.4136292338371277
15.857087,49.77157240989381,55.36772013724451,2.27297769140395,0.4770497977733612
15.91773,49.72082841060228,55.33531005075319,2.334086819041061,0.40008169412612915
15.958231,49.634710418043014,55.68800339887022,2.437229807267821,0.4393351674079895
15.997599,49.56036741271702,55.776115603573025,2.514079452089184,0.5188193917274475
16.058129,49.32392459352197,55.95384479735643,2.5834019293950083,0.5020527243614197
16.098526,49.21447919574074,55.989124656685476,2.6350937855144183,0.5036560297012329
16.159113,49.00087428512507,56.13208849498338,2.714002193725727,0.5089400410652161
16.199537,48.89954632782648,56.24742121422281,2.7832936048898906,0.5816993713378906
16.260019,48.71453474523674,56.3620994618243,2.838286575868315,0.5497270822525024
16.300424,48.69993851823187,56.28172253768855,2.8738318714756868,0.5246210098266602
16.359969,48.37316013667204,56.46477145715623,2.9634052668789193,0.490798681974411
16.400411,48.13854527619246,56.571551536570645,3.034470947267855,0.5235973596572876
16.459843,48.15783915165655,56.371760642322336,3.0594207903967585,0.5422618389129639
16.500259,47.67651129059433,56.40601833197556,3.1368479634002853,0.4924077093601227
16.560761,47.56526483735428,56.58195555875786,-3.0665594073364466,0.5097932815551758
16.601199,47.546820713300974,56.39744662722653,-3.0267280627186426,0.5527238845825195
16.660688,47.18906224148139,56.34314483809594,-2.9631132821048762,0.5320261716842651
16.700917,46.94228515234069,56.26557946859365,-2.8928989527596256,0.5542586445808411
16.761275,46.83447994966261,56.33105588155582,-2.842368294970242,0.5187493562698364
16.801928,46.5384107392334,56.27213674325123,-2.755012807905458,0.5354311466217041
16.862285,46.38555999539018,56.13048712248784,-2.694305193733952,0.5499590635299683
16.902622,46.11161917317602,56.152418064432894,-2.6446216780241905,0.5434474349021912
16.963129,45.921540565777825,56.108097904148316,-2.57046526194669,0.5313205122947693
17.003362,45.76517178955778,56.026032736579126,-2.48898919220419,0.5420202016830444
17.062804,45.51412290576276,55.75453098154023,-2.4020085321044924,0.5596553683280945
17.103048,45.377974374961624,55.665961576198214,-2.336503394189852,0.5647754669189453
17.162565,45.224023545082375,55.52497727732425,-2.2643311106445236,0.543902575969696
17.202844,44.97036159222632,55.364547077374155,-2.194400549038302,0.5324506759643555
17.263218,44.931948523125875,55.12342707374163,-2.1073733475415146,0.5489317178726196
17.302513,44.64241217496585,54.89977813836804,-2.0432327537446473,0.5605026483535767
17.363048,44.53020231795557,54.72853218226783,-1.9703003442527647,0.5621134638786316
17.403389,44.3730367614498,54.45120158438781,-1.915844108182785,0.6969870924949646
17.462959,44.17136342661807,54.136548667983334,-1.8843135937473359,0.7155370712280273
17.503374,44.0841587139821,53.94019830990069,-1.8736690837787797,0.7351386547088623
17.562999,43.99918366086914,53.644854243139655,-1.8606318739601038,0.7497425079345703
17.603504,43.8366561531555,53.37427590787863,-1.8511259581738029,0.7616209387779236
17.664002,43.79394337906539,53.12914668081648,-1.8473398701382158,0.7300004959106445
17.704357,43.629586079074905,52.80965540090444,-1.8441623050496612,0.7621637582778931
17.764791,43.60811927174799,52.564776952144314,-1.8480444144115125,0.7776449918746948
17.805071,43.42326577834317,52.18052350662281,-1.846358239830349,0.715140163898468
17.864579,43.27562502824288,51.970882351041666,-1.8654543555354726,0.7682947516441345
17.905016,43.11710928579886,51.66712011427887,-1.8857553185678784,0.6925978064537048
17.965503,43.04789934963503,51.40125747606708,-1.9148843953254306,0.6671777367591858
18.005872,42.83522877659129,51.068625793913675,-1.952279791932596,0.7004687786102295
18.06648,42.72187161607405,50.67479495500328,-1.9838673519205927,0.6850792765617371
18.106809,42.58977713916299,50.50873762416487,-2.031355470558889,0.6662253737449646
18.167157,42.39369946321242,50.03822406894432,-2.0688171507822593,0.623012363910675
18.207508,42.3367633748248,49.92841566597621,-2.1216697918314886,0.6409778594970703
18.26804,42.06716619768981,49.58842712021451,-2.172619222322895,0.6510500907897949
18.308234,41.83450089350273,49.2161543573259,-2.22305470784335,0.6351069211959839
18.367657,41.59509248042854,48.977036674267836,-2.277981861083475,0.6083905696868896
18.428182,41.41989587638463,48.59913274510544,-2.325856083238099,0.6252291202545166
18.467471,41.14873589171497,48.41532478776882,-2.3820865816954258,0.6054881811141968
18.527995,40.903277696311186,48.05897980860504,-2.4348173750291147,0.5687588453292847
18.568314,40.68252421304729,47.88680696006125,-2.492374814617463,0.578841507434845
18.628758,40.37341371984213,47.61413342051177,-2.543363624972178,0.6115572452545166
18.669005,40.06829835895387,47.48582963033216,-2.5942175378817875,0.6946053504943848
18.728646,39.73579945770364,47.17560054726073,-2.6183765446457015,0.7568936347961426
18.768999,39.49129662462047,46.97485573602542,-2.62613602091967,0.7413164973258972
18.828663,39.142195078025644,46.77959152997347,-2.6316118249087515,0.8042598366737366
18.868905,38.78975289092603,46.584844257123535,-2.6263197402481153,0.7377989888191223
18.929416,38.53392000884063,46.29822243425835,-2.6026942292409494,0.7066538333892822
18.969277,38.17811398639688,46.18948645180068,-2.577480897915133,0.6856993436813354
19.029876,37.814484767293294,45.974697745581885,-2.5445047003204486,0.6709677577018738
19.070122,37.48619380229359,45.69097933598697,-2.5029714048507676,0.6369386315345764
19.130595,37.263028936331565,45.4166567511353,-2.4489434379966406,0.5757447481155396
19.170895,36.95645205131639,45.11893699418378,-2.392115489986621,0.5694011449813843
19.211163,36.665209861337566,44.877717103306466,-2.3217568585191,0.5921328663825989
19.270651,36.31526418703758,44.66711740675433,-2.258080712063386,0.5783160328865051
19.311024,35.992792059609336,44.35145241897513,-2.1964200135892336,0.5598522424697876
19.371512,35.78913743753059,44.04315288241999,-2.116787507285589,0.5470942854881287
19.411896,35.49301852800447,43.6960161967264,-2.038509801206539,0.5744982957839966
19.472423,35.277631465083466,43.35494422842447,-1.9774553163279314,0.6304968595504761
19.511803,35.091902869896195,43.029206304051264,-1.9204189093148505,0.5960784554481506
19.572411,34.85153829203722,42.90500602432686,-1.8628303717172712,0.5497497320175171
19.611834,34.595325208583574,42.52938380537378,-1.7885024601451678,0.5755244493484497
19.672401,34.49441184769884,42.07955814683655,-1.7363572921313168,0.5963046550750732
19.711711,34.35388062216984,41.62359791108348,-1.6851989105532155,0.6016349196434021
19.772148,34.28708600955718,41.31102328456543,-1.6149323941709333,0.5727385878562927
19.811498,34.16076700972481,40.92642894659139,-1.541545534130728,0.5194745659828186
19.872037,34.07328501366803,40.61125359531334,-1.4912279011591096,0.6310300230979919
19.912436,34.05461976087834,40.098793930242024,-1.4443211870139323,0.6366541981697083
19.971958,33.97636598645192,39.678804876223694,-1.3859492497215646,0.6135715842247009
20.012234,33.9083943665007,39.442061295281256,-1.326826757622454,0.5790898203849792
20.071651,34.00472463647615,38.91575997804245,-1.266430904553976,0.6367698311805725
20.111883,34.076951920516,38.56325870866939,-1.2249040373269788,0.7052076458930969
20.172307,34.099969222318244,38.22852968167971,-1.1915064713912673,0.6712439060211182
20.212684,34.252290257657634,37.87802635569957,-1.1376055524817121,0.6459530591964722
20.273186,34.40118878222066,37.36918165903603,-1.0753685768992411,0.6329731941223145
20.312576,34.53852969240263,37.00842394045027,-1.0234731941989368,0.618838906288147
20.372837,34.715783099286504,36.734099125968655,-0.9661675338546584,0.6165067553520203
20.413235,35.05100802220438,36.33701699353676,-0.8813938277667597,0.5588366985321045
20.472758,35.14163335395717,35.96508297098526,-0.8045746928994963,0.6129963994026184
20.51305,35.392429849689286,35.76028973209923,-0.7355378459699282,0.5990772843360901
20.573416,35.528215045852754,35.526676763022,-0.6750549279938042,0.6043458580970764
20.612744,35.856332545061356,35.251139788694864,-0.5922831344169392,0.5803423523902893
20.673298,35.956667151455655,35.03983824730356,-0.5181207365286359,0.5926453471183777
20.712587,36.26142182461271,34.861227007103984,-0.45117677652001875,0.6034671068191528
20.773058,36.46262822216246,34.651564747955284,-0.38246045483377616,0.5601286292076111
20.813362,36.82827980576108,34.489794380018424,-0.30266175819031166,0.5776585340499878
20.872765,37.04687253479912,34.34271372586497,-0.21140993045718628,0.5433381795883179
20.913066,37.284773892060954,34.35330600456802,-0.1409220773749627,0.526092529296875
20.973604,37.618581046558894,34.20581840531392,-0.054322873581668096,0.5186945199966431
21.014223,37.91302150996619,34.162293244858084,0.029266406777205416,0.5771949291229248
21.073717,38.257883189136265,34.09927815001191,0.13338505692148733,0.5204958319664001
21.114034,38.456744129961905,34.07654230671936,0.2199302835735588,0.4901113510131836
21.174408,38.77493286690912,34.01245215480039,0.30739793437922325,0.5525727868080139
21.213746,39.10420073977066,34.06611567992297,0.38594132521566726,0.5504618883132935
21.279937,39.3268700439656,34.12806928743154,0.46359050328091744,0.5390172600746155
21.320211,39.62930056362848,34.22009031357826,0.5566020814497735,0.5640285015106201
21.360462,39.95694151629251,34.31201587971281,0.6369240876847482,0.5727859735488892
21.420885,40.277562978091936,34.3706720360176,0.7066513065333995,0.6005619764328003
21.463168,40.47032358722178,34.63050786196303,0.7634099602821572,0.5873686671257019
21.520717,40.648349219944635,34.85856065011261,0.8294237781718488,0.5431668758392334
21.560979,40.95606069036124,34.98497490189944,0.9135566039263433,0.5307429432868958
21.620518,41.08998312807913,35.048254906435105,0.9940660737464588,0.5877896547317505
21.66085,41.35420268971453,35.35636033343745,1.053580698636095,0.5802592039108276
21.721474,41.672115820890205,35.59266313028171,1.1149262366763324,0.5876498222351074
21.760886,41.799991163778294,35.74632206051916,1.1497932323806892,0.6982870101928711
21.821392,42.05218330691138,35.93574804270908,1.1673233362169297,0.7747719883918762
21.86055,42.30932968812675,36.12452505872707,1.1521131117591885,0.7182838916778564
21.920917,42.324389669732234,36.36066579241707,1.1421849354166353,0.7303662300109863
21.981531,42.511656431608934,36.788508260025786,1.1396264514927832,0.7683190107345581
22.021936,42.6761757779325,37.05211063538695,1.131002347794487,0.7908244132995605
22.082454,42.762726429080374,37.351941616279944,1.1282986622034774,0.7422117590904236
22.122778,42.9038125933158,37.71213862749602,1.131989966955825,0.7314367294311523
22.183235,43.00174186636344,37.91892184122566,1.1285037494931902,0.7571220993995667
22.222649,43.29656819931165,38.26688366873021,1.134126774003146,0.739778995513916
22.283235,43.479784709263875,38.56743100115985,1.117292748885123,0.6712384819984436
22.322555,43.663739027917416,38.785625719503145,1.0948406922343699,0.6404722929000854
22.382872,43.90818519231041,39.024365499927654,1.0670741359178375,0.6555351614952087
22.423172,44.041921070883916,39.37644355534894,1.02169011288512,0.5509433746337891
22.482673,44.29403652590302,39.64110647441074,0.976848612058348,0.5458952784538269
22.522978,44.449731897283115,40.09664511087728,0.9054243383271816,0.46696755290031433
22.583437,44.52196957358086,40.462402070236536,0.8312887915187034,0.5064722299575806
22.623738,44.811537112726455,40.554403047052645,0.7832206157805142,0.4741113483905792
22.684275,45.02587157350616,40.78043973323663,0.7235262964570707,0.48584628105163574
22.72458,45.126441115548644,41.11762874947267,0.6272917856941089,0.48137253522872925
22.785047,45.57577886541412,41.34697748782202,0.5713696219776004,0.5024234652519226
22.825481,45.8483414205368,41.583329300788165,0.5025911677854298,0.48459842801094055
22.885807,46.1248576351048,41.751240524017156,0.448178391780343,0.5383176803588867
22.926138,46.44814215744148,41.85295053590027,0.41447020142633606,0.58753502368927
22.986599,46.8919963207184,42.036272882751604,0.38680553370106047,0.6260383725166321
23.026942,47.06532680787863,42.142136412993494,0.3564959593871901,0.7191928625106812
23.086627,47.42853956906115,42.36480391546253,0.3430623525452883,0.7760421633720398
23.127055,47.677985107982494,42.49912875721653,0.3408875745943935,0.7774171829223633
23.186629,48.00444041155668,42.61250455846069,0.3478450329617447,0.6979302763938904
23.226998,48.45106548956092,42.89980913269764,0.3656577222135308,0.7007229328155518
23.287686,48.90211490854473,42.965634425291775,0.40147840679524444,0.6749754548072815
23.328024,49.2371655482123,43.07104908821226,0.43185512965438233,0.6518396139144897
23.388353,49.71030484036536,43.286320239138284,0.4707930441630598,0.6251023411750793
23.428655,50.02718609160269,43.44287479582848,0.5167188825208333,0.6187111735343933
23.489294,50.399025094950886,43.64626524078228,0.5719432642492082,0.5900877714157104
23.529646,50.72029368098601,43.846395803464596,0.6195907803937377,0.6313379406929016
23.590433,51.199580632323716,44.06066284552701,0.6845678113594058,0.5744702219963074
23.629826,51.42627014134162,44.293050740758886,0.7289455851730955,0.6736086010932922
23.690386,51.891764891301875,44.579535141923685,0.7800129135676525,0.6559703946113586
23.729827,52.1373528410018,44.86982225103859,0.8202865239362636,0.6946585774421692
23.790412,52.465477632507074,45.14140878852302,0.8771167813882065,0.6453883051872253
23.829826,52.71980143515892,45.37839290416545,0.9338329892383125,0.684407114982605
23.890226,53.02994476699095,45.73699289326615,0.9824607159260927,0.6625502109527588
23.930481,53.31372917478168,46.1494787672637,1.0295226532030557,0.6750165820121765
23.990889,53.6502312786556,46.47637422080136,1.0766658506161977,0.6096116900444031
24.031354,53.850713849374706,46.82253841659816,1.1485554295808817,0.5928524136543274
24.071693,53.99126336061385,47.20527549038452,1.20183426273155,0.5555161833763123
24.132325,54.19950271544772,47.53971006407567,1.2896069339238796,0.5178408622741699
24.172668,54.459381159817035,47.933671509416975,1.3710513139662606,0.51871258020401
24.233153,54.52245273387275,48.25637806119214,1.4587315863002275,0.4855147898197174
24.273379,54.646329168236434,48.59557627959998,1.5599348360552203,0.4813835620880127
24.333806,54.83804315686149,48.96376378411318,1.6469337843481326,0.48364192247390747
24.37416,54.94832438107375,49.20604974962568,1.736855187377745,0.510444164276123
24.433561,54.946808833899865,49.60932325478355,1.8275218444690757,0.538637638092041
24.473822,54.98980398203217,49.85874966683481,1.9157632233957795,0.5102829933166504
24.53434,55.00972908960181,50.18655144449865,1.996130357443279,0.5516908168792725
24.574779,54.989206563749185,50.546936012831935,2.0691932558934063,0.5472901463508606
24.635295,54.918387770456725,50.88917375396952,2.1464481901487056,0.5503463745117188
24.67569,54.86970727848222,51.22445474102603,2.2249526431105853,0.5426698923110962
24.736221,54.73616286807411,51.46968763239537,2.295640546072758,0.5639530420303345
24.775619,54.56288176740945,51.86018490365298,2.3574943080585955,0.5680353045463562
24.836024,54.333694458512376,52.029701651775724,2.4136906423013325,0.5851455926895142
24.876349,54.22354947661145,52.30807194681019,2.4719369183099427,0.6086191534996033
24.916691,54.04721919057763,52.617403928893545,2.5273518262830343,0.6481640934944153
24.977446,54.05758359059317,52.708408931594,2.548788908372517,0.7035171389579773
25.036991,53.8246126368829,53.158335600548035,2.5656048226373804,0.765264630317688
25.077409,53.699191493726936,53.28497864856743,2.556107966575441,0.8136993646621704
25.136893,53.41066765539896,53.521738415930336,2.535397952691768,0.6616827845573425
25.17709,53.2228768803936,53.69082871278965,2.4847054641081754,0.5394226312637329
25.237624,52.941468552992525,54.035083677762685,2.4216435650942594,0.46752047538757324
25.277998,52.70716909665441,54.10383747244393,2.3472171300771154,0.477456271648407
25.337673,52.302650536263485,54.44194997693399,2.2940449860536987,0.45002567768096924
25.377922,52.00747675825076,54.606844323136926,2.2231516032844816,0.44080790877342224
25.43833,51.758189030647095,54.72689714986146,2.146013071060452,0.43418776988983154
25.478713,51.751234817320864,54.878915698851586,2.053548556547474,0.41054800152778625
25.539218,51.446667646285015,55.268906533005314,1.9831279143740772,0.4087584912776947
25.578582,51.36874907142088,55.52503251512389,1.9015218908890261,0.41864630579948425
25.63904,51.23415526056871,55.8556367515523,1.8298013451878652,0.3995074927806854
25.679432,50.54319580384687,55.75806101001049,1.7392502884029706,0.37393710017204285
25.738977,50.62054244921167,56.06616630804792,1.6544839100333055,0.39193469285964966
25.77925,50.917577062584755,56.59345323559717,1.568217076837707,0.3871040642261505
25.838718,50.84094133863683,56.94097154363117,1.486506204707163,0.4314126670360565
25.878928,50.93581724893512,57.284037656359764,1.4051817986515778,0.42253565788269043
25.939505,50.767522930941865,57.561831219286624,1.3332715688445993,0.3961275815963745
25.97988,50.90571392100285,57.67727005075138,1.2370038070585712,0.434376984834671
26.040459,50.90554717494812,58.04518392664744,1.1565301392613685,0.39975929260253906
26.08087,51.03629594188754,58.24419547562914,1.0697801697710845,0.36922353506088257
26.141369,51.11724190582216,58.47208652576604,0.9762138303810698,0.3803921639919281
26.181634,51.195185700969766,58.656566302371566,0.8754601114274599,0.40306174755096436
26.242155,51.491386948783074,58.75477137615856,0.7684940775911112,0.39792388677597046
26.30163,51.406515552122904,59.13924398563983,0.6989220560568428,0.46238672733306885
26.341881,51.55829103432699,59.33701253100029,0.6085907624952418,0.4037140905857086
26.402306,51.767413570926415,59.522901741927896,0.523181099285497,0.35781002044677734
26.442758,51.91571173011615,59.684471878918096,0.4285282642109236,0.38852348923683167
26.48301,52.04843426876817,59.808779405002866,0.3435657250446667,0.4064631462097168
26.543427,52.25942082928621,59.89732454458058,0.2669402141645196,0.4247432351112366
26.58369,52.50832861551978,59.964232029410425,0.18487776382303964,0.38036152720451355
26.644058,52.90661308546484,60.36937663025796,-0.012568270136544855,0.41858842968940735
26.684395,53.077876649924626,60.38375162992054,-0.090266150991272,0.4412645995616913
26.743813,53.45611923335195,60.41172926148924,-0.17208575835916168,0.4000423848628998
26.784095,53.647660901522144,60.360229273729814,-0.25149033427129414,0.4329788386821747
26.844452,53.92502376339567,60.42112093228687,-0.33938631448289397,0.43976157903671265
26.884688,54.0116563174428,60.2585547439149,-0.3988435949595279,0.4360487163066864
26.945061,54.239512119153545,59.986270408292015,-0.3869743995139826,0.4506102204322815
26.985432,54.4972873061836,60.097803737806935,-0.5494253025282145,0.4486735761165619
27.04501,54.55414870824238,59.87873837145695,-0.5306571508946887,0.426197350025177
27.08543,54.75224105678074,59.72293482710797,-0.6003008327711525,0.430641233921051
27.145,54.783640564632734,59.73987395207621,-0.6634769748659402,0.4135577082633972
27.185411,55.130559153946834,59.53474463253052,-0.842239192567305,0.43018487095832825
27.244938,55.45511508551975,59.41751368769431,-0.9233097363224417,0.4481809735298157
27.285372,55.34827649246897,59.0528947169109,-0.9877172279875014,0.4465191662311554
27.344895,55.712469632833354,59.04474993691914,-1.0687565243691135,0.4313954710960388
27.385129,55.685053341325336,58.697264383801226,-1.1495483604808245,0.4144279658794403
27.444541,55.918836675859076,58.45709931610449,-1.218746287724494,0.4202452301979065
27.48487,55.93459530088318,58.24417376802638,-1.3140092893856377,0.43215686082839966
27.545451,55.89493207766262,58.11614962597033,-1.4444090319974316,0.4326429069042206
27.584696,56.152673261940045,57.896741558297215,-1.4906515971446417,0.4397774934768677
27.645179,56.16331734036903,57.33441460815582,-1.6319814406831057,0.4705671966075897
27.685468,56.306360434734444,57.025383414605514,-1.7235093045137413,0.44261887669563293
27.745899,56.156485882309205,56.77792512247487,-1.7981332514578547,0.5165399312973022
27.786231,56.2882268743507,56.56046801619968,-1.8636900408498003,0.5443733930587769
27.845665,56.016128809573196,56.33688395699742,-1.905611605991125,0.5990512371063232
27.885858,55.959045130254395,56.145062486626756,-1.946921417685981,0.6639617681503296
27.94667,55.80142927333456,55.83616353078564,-1.979823702107691,0.6875951290130615
27.986089,55.69895681641871,55.515159363706886,-2.012247389747565,0.7202003598213196
28.026443,55.65704273558601,55.31288781299139,-2.035187277987079,0.7660379409790039
28.086849,55.47950194250827,55.05014928479029,-2.0520991774572543,0.7438356876373291
28.127131,55.306841536106255,54.76456328333582,-2.0835461366236574,0.7405263185501099
28.187668,55.234907073038094,54.54165963176028,-2.1009721382281854,0.7837460041046143
28.22798,55.03151603535224,54.23563740295315,-2.118352465521869,0.8198055028915405
28.288406,54.85139955892031,54.02219228412772,-2.131491231928145,0.7605700492858887
28.327712,54.66759407753055,53.72197901997144,-2.152526446351895,0.7940500378608704
28.388111,54.59836561730193,53.46746692490442,-2.1683327436249753,0.8141837120056152
28.428406,54.33161717232773,53.198772701208696,-2.1736852389286994,0.7931448817253113
28.489842,54.17168889985905,52.916243071438245,-2.184504424242057,0.7949879169464111
28.5291,53.99731975086273,52.537738382064,-2.187843261099769,0.7776139378547668
28.569396,53.86333291637867,52.312041181412106,-2.1771716641951406,0.7786598801612854
28.628917,53.68292981073899,52.03780561366506,-2.1721679142986376,0.7242035865783691
28.669289,53.41448309872594,51.779235593078646,-2.156233324690411,0.7731849551200867
28.729893,53.26339360470934,51.45191361808212,-2.1554123494175332,0.7639965415000916
28.770246,53.04444492860819,51.16998063075384,-2.1508449875168667,0.7496916055679321
28.830828,52.778044903594946,50.92936411703764,-2.150134119812729,0.8021140694618225
28.871285,52.460060123773374,50.64357665779539,-2.1529347526850855,0.7884617447853088
28.931857,52.220062959322135,50.35826357033506,-2.1717792542786074,0.7692146301269531
28.972124,51.976420127870604,50.06498011398287,-2.1968930893598486,0.7318258285522461
29.012386,51.60002746998433,49.759880468442624,-2.2324550832827104,0.6789987087249756
29.071829,51.42203300686731,49.52064783488832,-2.2639674009130974,0.5927728414535522
29.112133,51.084988629319874,49.17912013089537,-2.321064833354316,0.5835611820220947
29.172661,50.94251292514471,48.89821817957086,-2.364013863798886,0.5814875960350037
29.212955,50.84235039487427,48.61048304300066,-2.4177828017917813,0.5400698184967041
29.273406,50.475195714698884,48.48269658714435,-2.492458912153829,0.5183060765266418
29.313672,50.276086622323454,48.178951629268624,-2.5745833467439168,0.4686477780342102
29.374088,50.07095390655231,48.0480077300894,-2.6649549396151153,0.41059139370918274
29.413622,49.79795811308495,47.85419343914432,-2.759054965776972,0.4256250560283661
29.474238,49.5728064107525,47.58415170238933,-2.8624897928703796,0.394640177488327
29.51364,49.37861593920302,47.36164063813925,-2.9757486108600335,0.3897312581539154
29.57419,49.23177922785212,47.24250384981634,-3.0721620872547506,0.38946598768234253
29.613597,48.925142981399404,47.213217168508805,3.0966828369207096,0.34985849261283875
29.673975,48.60039094639691,47.040572245601204,2.9883993295806963,0.3593326210975647
29.714252,48.45664206841592,47.034363859785394,2.8761631306690627,0.38012930750846863
29.773719,48.266397491650416,46.86083372507867,2.774764640047473,0.3678971529006958
29.814018,48.01910689942344,46.94287202056784,2.668761423976601,0.36738476157188416
29.874595,47.6666015547208,47.16745414937769,2.504909884192431,0.3711455166339874
29.914849,47.47673855075649,47.11797726239508,2.394814220465465,0.38249972462654114
29.975377,47.14092713759136,47.02424690253656,2.298849723560728,0.42385798692703247
30.01573,46.94885797851905,47.202489536418206,2.2096717306106695,0.4168458878993988
30.076325,46.94557556268939,47.133455832062076,2.0490148391207947,0.3724468946456909
30.116585,46.716937354061855,47.45902750167401,2.034200990708581,0.38159069418907166
30.177095,46.51104195135656,47.562228082788494,1.9394651697777012,0.39965036511421204
30.217442,46.42614585859325,47.74363900646164,1.859390461222413,0.42353978753089905
30.277015,46.26569680656374,48.10314518967371,1.6908682306813312,0.3845073878765106
30.317463,46.49809515854143,48.04956983660792,1.6185629351850905,0.4087488651275635
30.376888,46.32237223792275,48.29376006041164,1.5239109844122338,0.4395196735858917
30.417199,46.48038165377552,48.08790565692104,1.4892702606048922,0.44786983728408813
30.476809,46.397747523020215,48.556686705416425,1.3982200307718444,0.49773430824279785
30.517127,46.48099454101284,48.766725383474686,1.3271539541053725,0.4940740764141083
30.577657,46.42900825516471,48.92829599048037,1.2558287719217955,0.4834411144256592
30.617966,46.481714927700814,49.16677230023212,1.18411223277358,0.49148672819137573
30.658326,46.6017558713245,49.11585759202763,1.1452608851690258,0.46518179774284363
30.719011,46.64404997184424,49.27232419331766,1.0947442945848194,0.44962847232818604
30.759353,46.78402789779091,49.706677960516096,0.9766174797225495,0.4556786119937897
30.818866,46.846054428812636,50.0120871778418,0.8970309987565707,0.4844232201576233
30.859286,47.002455278648576,50.051462270254476,0.8372204584137019,0.4724646210670471
30.919646,47.13499787667508,50.09149919233655,0.7965041106021263,0.567147433757782
30.960001,47.3953565070344,50.307251433596726,0.7664378165336102,0.6533753275871277
31.019598,47.504671708967834,50.4692824294597,0.7350570716407971,0.6607562899589539
31.0599,47.7282807903493,50.66773995074568,0.7018501859534181,0.7311934232711792
31.120544,47.808843961097246,50.884277283470105,0.6852330441039808,0.811175525188446
31.16088,47.9321878823487,51.28393267732492,0.6910648224707182,0.7381253242492676
31.201401,48.11668636428584,51.486427416970706,0.7123225031572333,0.6645445227622986
31.260717,48.21355858207958,51.624647559066005,0.7383910606199983,0.6142652630805969
31.301033,48.36423686516057,51.63141678935827,0.7628263005591548,0.5326407551765442
31.361489,48.72645769958951,52.0809554760025,0.8180253100696976,0.5033833384513855
31.4017,49.03093162640435,52.13664198678621,0.8611226853198213,0.47794362902641296
31.462211,48.96867434178014,52.25695368958716,0.9262488480996244,0.43748021125793457
31.501582,49.57069457826928,52.79011118750988,0.989924181811379,0.40862563252449036
31.562001,49.67502752672062,52.88346607287211,1.0577145898408913,0.3930684030056
31.602336,49.56329958109933,52.9820888257133,1.1940703695059371,0.41258370876312256
31.641822,49.88311037285422,53.190669289448095,1.2735673385754807,0.4059200584888458
31.702311,49.79195946177542,53.2124815264127,1.2810688777115482,0.42575716972351074
31.742741,49.848763149874614,53.40285230347903,1.358189430730266,0.39613890647888184
31.803224,50.05116408366392,53.6122854344184,1.4346201423353917,0.4203091859817505
31.842585,50.074888761369905,53.92343049493283,1.5117078269733117,0.451943039894104
31.902958,50.20354413660035,54.246307118168865,1.5934753921689078,0.4207366406917572
31.943278,50.210084251821314,54.36608073221522,1.6928818854130308,0.40055882930755615
31.983582,50.28699112326307,54.63033124856502,1.805947839860821,0.4026603698730469
32.044143,50.308724302329736,55.01454969597579,1.9229959710950315,0.4044778048992157
32.084424,50.34868248038746,55.2350565603919,2.0333672622101377,0.39623647928237915
32.144842,50.20534782999217,55.44870731248138,2.152626198795038,0.3759256601333618
32.185122,50.35042495065316,55.52151790311349,2.2542515671933074,0.38153553009033203
32.245586,50.02951367096151,55.87122154348522,2.3662415327011987,0.40250399708747864
32.285907,50.052881882651,55.89248726067028,2.44304054965113,0.40338775515556335
32.346397,49.93429678288799,56.23064937486985,2.548088053622691,0.44769975543022156
32.385645,49.81680486753124,56.40207469310579,2.6417227875492,0.49366283416748047
32.446145,49.67779918174569,56.57603842315684,2.719528943857318,0.4945128560066223
32.485526,49.47341078630545,56.70535418645872,2.807920831782981,0.4762968420982361
32.5461,49.3310024967893,56.80317684209495,2.899211506298375,0.47455906867980957
32.586431,49.14539949084072,56.971275958309285,2.994040440577611,0.47528812289237976
32.625838,48.957942898558336,57.134120811580445,3.0737113901501365,0.48735877871513367
32.686325,49.04997981627824,56.90519219321223,3.102631737478441,0.4674469232559204
32.726832,48.57778907326373,57.156679814542244,-3.0536869186860836,0.45434173941612244
32.787386,48.52534585205205,57.15247731239289,-2.9783586827488753,0.4693026542663574
32.826862,48.49038750476155,57.00074580273067,-2.9183873044129816,0.4976438581943512
32.88713,48.106654859201186,56.976259333928866,-2.842157062549809,0.5018321871757507
32.927335,47.96532349160726,57.03005249410965,-2.756787647863418,0.48977553844451904
32.987927,47.756196198877426,56.90173263177283,-2.6732538805214654,0.49705085158348083
33.028327,47.54960257707101,56.8655729365052,-2.5845886231265816,0.5313504934310913
33.088997,47.38050074880888,56.98331022633681,-2.5356829875316405,0.5549519658088684
33.129394,47.172810782879935,56.84838915854813,-2.466426724037618,0.5016165971755981
33.188975,47.00416968739553,56.565801685640956,-2.3608030638631283,0.5171132683753967
33.229413,46.78300125432656,56.53823193756733,-2.2917460833210495,0.550121545791626
33.289092,46.673573689735186,56.40732408696191,-2.229574782003725,0.610975980758667
33.32945,46.37875502760632,56.22463822784005,-2.1873198278879795,0.6666778922080994
33.389828,46.31880691387758,56.07714451765689,-2.1499998062000394,0.6752582788467407
33.430106,46.10682795145346,55.855032807101836,-2.1096218769115467,0.6652169227600098
33.490798,46.00384577655889,55.66083280268598,-2.0851887544161825,0.6810802221298218
33.53114,45.88087122382149,55.469910322024525,-2.052780388368979,0.7419793009757996
33.591618,45.75354735764835,55.22957183314268,-2.0305432061028568,0.7437840104103088
33.632048,45.54611153472092,54.97343327459327,-2.0080415869036434,0.7267361283302307
33.691625,45.491451312889055,54.759188793214406,-1.9954753051101117,0.7292525172233582
33.731981,45.370303510146165,54.58614593128067,-1.991176855345746,0.7581053972244263
33.791674,45.205955328665276,54.30070197495913,-1.9817337688338477,0.7329936027526855
33.832034,45.01603531849716,54.00030963143946,-1.9704233452114217,0.7746109962463379
33.892441,44.9649510569897,53.76830618701194,-1.9703910202546835,0.7514682412147522
33.932937,44.78914202982832,53.468742286805536,-1.9619568165678514,0.7557734251022339
33.993412,44.68544560046433,53.21728443638691,-1.9619301703197294,0.7679599523544312
34.032808,44.55100421673519,52.89196995109462,-1.9626862576101924,0.803246796131134
34.093378,44.412679010569484,52.68060737791949,-1.9591056134158245,0.7193865180015564
34.152913,44.30375247283672,52.41921320793313,-1.9733083532980091,0.7966646552085876
34.193228,44.051105222154014,52.03549643174646,-1.977737887420088,0.7553612589836121
34.252848,43.91418807873663,51.92031534707295,-2.000781029871075,0.7199476957321167
34.293248,43.77326607747732,51.57961377087266,-2.02475058038081,0.6641576290130615
34.352799,43.58744895534735,51.27513863478133,-2.0614137854557937,0.663908839225769
34.393081,43.348327522633525,50.99774894709226,-2.1084394901796553,0.6174390912055969
34.453613,43.21246250123307,50.67024508140321,-2.1594852636029325,0.5991821885108948
34.494135,42.92877696223615,50.49123513961007,-2.221046058143882,0.5950906276702881
34.554765,42.77503320966985,50.1738689870573,-2.277384452064916,0.6044678688049316
34.595107,42.560169878643826,49.81227039407408,-2.3262423464653055,0.6000780463218689
34.655608,42.28248971531839,49.61390423417647,-2.3877814123990464,0.6312181353569031
34.695984,42.034926984311646,49.41238372950023,-2.444404805808717,0.6021650433540344
34.755505,41.790040709272745,49.02295611454207,-2.493933476527759,0.5761753916740417
34.795855,41.54022166973773,48.901581918376394,-2.5473939671177135,0.5734259486198425
34.856344,41.1882523039616,48.6824210811192,-2.6032694693611282,0.6135481595993042
34.895548,40.80718702448556,48.47795871209611,-2.6623916317693723,0.6856245398521423
34.955913,40.66116905441238,48.33350773680024,-2.696110997521963,0.7861553430557251
34.996462,40.34396916508674,48.173585740646466,-2.7077522104015244,0.7546007037162781
35.055773,40.06861242735455,47.81432033900484,-2.7048407916522637,0.7591731548309326
35.095928,39.73744409656129,47.71194351926549,-2.691250405722574,0.7523930072784424
35.156394,39.40557617177039,47.54724569652584,-2.666055165259467,0.723602831363678
35.195705,39.017616364494835,47.43500073602234,-2.6457583411179764,0.7156100273132324
35.256336,38.630348619242646,47.23031303220126,-2.6176437536079415,0.695709764957428
35.296719,38.28382963294921,47.00421963168749,-2.578078282449031,0.6727039813995361
35.357265,37.966515151361854,46.76993200692422,-2.5352944362593504,0.6527001857757568
35.39749,37.634299071355954,46.6573050374567,-2.4942039780464613,0.6568794250488281
35.457832,37.298435012246806,46.26461888729715,-2.4467545178383667,0.6426539421081543
35.498097,36.974116676792455,46.00090303497043,-2.395141631508846,0.6282944679260254
35.55754,36.6290572298408,45.73441861441528,-2.338186201992176,0.6220399141311646
35.597922,36.33372941298314,45.45712222753207,-2.2856081677923643,0.6264382004737854
35.658414,35.99865379780085,45.19008426311811,-2.2389522749263677,0.5985082387924194
35.698709,35.700839762790466,44.86186806390785,-2.1822894519018483,0.6148927807807922
35.759195,35.41138816826975,44.53823408343238,-2.121480186887937,0.5869874954223633
35.799475,35.13925660732868,44.16187529876479,-2.069464097921561,0.622543454170227
35.859935,34.90480937987705,43.81689515344841,-2.0134705603261542,0.6466460227966309
35.900145,34.62268134775486,43.43907441068493,-1.9588293544847275,0.6015878915786743
35.940396,34.40890960125037,43.14179020731424,-1.9002005172759897,0.5970827341079712
35.999869,34.14293447856992,42.75149923960923,-1.836595410580806,0.592513382434845
36.040157,33.97341081835554,42.3124668746213,-1.7822933494867015,0.6129052639007568
36.100643,33.903098920902636,41.92405073064643,-1.7353471901578288,0.5878553986549377
36.140993,33.73382472170167,41.66842361617099,-1.6662979875089694,0.5592041611671448
36.200525,33.57876765903971,41.26633146085795,-1.5914048631130362,0.5683501958847046
36.240892,33.51056132784481,40.832939232380475,-1.5199368669793019,0.5979492664337158
36.301239,33.40795806613212,40.37922869099052,-1.4554920527078026,0.6048354506492615
36.341464,33.32302990169277,40.13430147225785,-1.38626154508727,0.6149470806121826
36.401808,33.26922384570861,39.86982761066827,-1.306796215729419,0.5785911679267883
36.44219,33.339478674007275,39.351963624869484,-1.2145759771900144,0.587442934513092
36.502701,33.298551585179084,39.14473673093511,-1.1501288024332872,0.5329917669296265
36.543152,33.34076772287763,38.64333114437881,-1.0780749493489308,0.5716196298599243
36.603612,33.36351846307145,38.301488023212755,-1.0138855714448332,0.6593554615974426
36.64396,33.46752141172038,37.93128390355362,-0.9501680859062873,0.63155198097229
36.704438,33.711962491295836,37.579209865725055,-0.8842395933883817,0.6798450946807861
36.743759,33.91873319335045,37.217913637159405,-0.8290908384028209,0.7265267968177795
36.804196,34.03378546679037,36.92644742943556,-0.7825478368080349,0.7082847356796265
36.844517,34.2106766148652,36.626168041431725,-0.7322029259496282,0.6881020665168762
36.904846,34.36883191186709,36.3718280806284,-0.6790769177315588,0.7083584070205688
36.945283,34.64570634018564,36.12630974984839,-0.6284964766213195,0.6789577603340149
37.004728,34.893344081104466,35.83886141600182,-0.5759014459218125,0.6663040518760681
37.045191,35.20991016076971,35.58884623318194,-0.5118723970322687,0.6056004762649536
37.104838,35.48691940625763,35.4292490866337,-0.45273954855969173,0.6127734780311584
37.145309,35.715703746322745,35.19878428234118,-0.38309539182514973,0.6140189170837402
37.204863,35.906443215757335,35.027633603641185,-0.3224620167005458,0.6281068325042725
37.245284,36.27782132627535,34.95145100660294,-0.27151794312426747,0.6221653819084167
37.304794,36.575603671482504,34.81898400797802,-0.2051936414671989,0.5511330366134644
37.345209,36.82178931682682,34.66651650091744,-0.13151997155506695,0.5508266091346741
37.40561,37.14562814896683,34.62099597750951,-0.05544332789263961,0.5605079531669617
37.446058,37.44558907702194,34.63222828983396,0.005308640991206486,0.5413148999214172
37.505565,37.79592689598753,34.64714288291136,0.07539200969635171,0.5796918869018555
37.545896,38.06517299076721,34.637091006776075,0.15928902908306494,0.5363737940788269
37.606496,38.31598160794241,34.58473008100315,0.2450958102106555,0.48932191729545593
37.646841,38.706879117479424,34.66881259742816,0.32574089856391225,0.5546607375144958
37.707299,38.94534463677771,34.71735295241274,0.39495579538249626,0.540401816368103
37.746632,39.27719676800459,34.78361274153691,0.4768015229059169,0.5325742959976196
37.807285,39.6569615602132,34.87031679074944,0.556793026843351,0.5761814117431641
37.847556,39.833298629857765,35.0105328385504,0.6187384203954499,0.5693342685699463
37.908143,40.1998405187921,35.191321690181425,0.682897243625554,0.5763369202613831
37.948441,40.39854378127066,35.37182210907502,0.7458950660697045,0.5435225367546082
38.008902,40.673090531519584,35.495438586821045,0.8237141648411959,0.5477448105812073
38.04911,40.93767892159176,35.641002277765914,0.8975619321699557,0.597733199596405
38.109489,41.31632304637027,35.97755176197346,0.9564615984063806,0.5829101204872131
38.149809,41.48955070301562,36.147767908127754,1.0052210484688988,0.6218702793121338
38.210355,41.62044104153704,36.38822957166178,1.0322895063924435,0.6944646239280701
38.249664,42.00503632234613,36.64323303229848,1.0551550071892837,0.7686274647712708
38.310084,42.160411631777144,36.823860501646514,1.0499395370443547,0.726456880569458
38.350456,42.416101428383065,37.18814804304338,1.0462274277213577,0.7016470432281494
38.411057,42.51767804868412,37.50822645563662,1.0474148511532966,0.7813299298286438
38.451425,42.742580662512566,37.8402629811773,1.0473147652457162,0.7727316617965698
38.510926,42.86352141183428,38.13245461311027,1.0534097790990657,0.7304101586341858
38.551345,43.14860388136208,38.41397332575282,1.054116929529997,0.7390170693397522
38.61106,43.436901188810644,38.65640583665446,1.0470418177286303,0.716012179851532
38.651397,43.72353162657933,38.93749661674155,1.025874529072412,0.578517496585846
38.711817,43.92511129354514,39.19660165706691,0.9865815784502702,0.5651780962944031
38.752225,44.184464416512505,39.52487850720937,0.9335435018830548,0.5192421078681946
38.812026,44.44308032246572,39.897152627877425,0.8843414395739765,0.5639084577560425
38.852178,44.55296400453722,40.35669559974575,0.8188272516836016,0.5008962154388428
38.912463,44.85004292615879,40.65423251177497,0.7644010343592317,0.4875573515892029
38.972965,45.02764779555965,40.892809112260444,0.7086656481533691,0.4778590500354767
39.013466,45.298655642142926,41.08928606023936,0.6417821969241095,0.47754794359207153
39.073026,45.5527153452544,41.43856357335209,0.568902507098499,0.5125278234481812
39.113469,45.94222288811795,41.646944278198326,0.511814347974583,0.4895707368850708
39.173028,46.23129006155284,41.85537029879333,0.4446059336899576,0.5031072497367859
39.213245,46.665186568401715,42.08259356170354,0.3952283862084035,0.5617949366569519
39.272696,46.99823036362633,42.23563411726582,0.3446760543761359,0.5373669266700745
39.313071,47.36805042618256,42.26952600093587,0.31510118373861085,0.6581496596336365
39.372501,47.73086429318381,42.594481438294196,0.29139881310908416,0.7309490442276001
39.412935,47.880781422506836,42.81220793921713,0.28535238946509633,0.6465622782707214
39.473476,48.46781972303255,42.97610159569561,0.331333954611951,0.6084805130958557
39.513802,48.93715932529767,42.9781979238241,0.3841603943116554,0.6037275195121765
39.574472,49.164634705588476,43.19071385638713,0.4295574389450999,0.5944022536277771
39.613831,49.65699641929902,43.33159751716887,0.4864679751528174,0.6163267493247986
39.674347,50.04176499629678,43.4749231873023,0.5460011964869824,0.5876656770706177
39.713739,50.488731892298105,43.73993697123552,0.6108454647136473,0.5855077505111694
39.774378,50.79871343081975,43.91986806067949,0.6699936907656053,0.6103792190551758
39.814761,51.171425795076615,44.1443049513794,0.7318888013290152,0.647887647151947
39.875334,51.5399961958169,44.32805521234552,0.7833683896960609,0.5921912789344788
39.914541,52.01122106974631,44.690617963510505,0.8293935024255606,0.6733755469322205
39.975341,52.33212726698331,44.96751135880405,0.8771627438618096,0.6489837169647217
40.014775,52.63046029741977,45.24320230489904,0.947864947723534,0.6502956748008728
40.075374,52.93812803749702,45.57596184704664,0.9921498422670992,0.6897027492523193
40.115659,53.22565456175718,45.95283222630602,1.0381615763864038,0.7131794691085815
40.176084,53.45266094254577,46.316617018442464,1.0833594948732435,0.6661536693572998
40.216444,53.72172387557218,46.79848658946221,1.144775370836147,0.6151727437973022
40.275928,53.94255239723869,47.05502772434004,1.1989199379630542,0.551733672618866
40.316309,54.09927935414082,47.40738422250357,1.278245357958449,0.5239031910896301
40.376821,54.39390753927825,47.72187368741213,1.3656439107927665,0.48778727650642395
40.417178,54.495362749686706,48.08017654903366,1.4887612922774536,0.46486184000968933
40.456611,54.65760208624662,48.34291014424439,1.6027400856945637,0.4639293849468231
40.517057,54.83836986347865,48.66079122252014,1.6956591057292378,0.4871408939361572
40.55737,55.03396836653414,49.0296446779928,1.783727899253513,0.48278486728668213
40.617811,55.013499379581035,49.3088977878881,1.88374121789364,0.49005043506622314
40.658197,55.0362028365484,49.730046131303695,1.9933930603094505,0.48774653673171997
40.71872,55.079164834390056,49.997885203604895,2.089060196733779,0.5685120820999146
40.759099,55.046210484197736,50.329138831466935,2.1637317499041604,0.5868532061576843
40.818566,54.94043554727745,50.731337520938574,2.2403018755827233,0.573967456817627
40.858928,54.888951710573686,51.008254348955376,2.306800918552316,0.5271186232566833
40.919213,54.899599428662206,51.348944725072904,2.381326832895782,0.548629641532898
40.958567,54.692272365017686,51.617341023830235,2.44084079763699,0.6384531855583191
41.019134,54.528734552296974,51.86865271098175,2.471614934483397,0.6749314665794373
41.059452,54.42080775350694,52.17972976833351,2.502057740037878,0.6639635562896729
41.119965,54.41031719362184,52.29128881968597,2.512854413865753,0.7503304481506348
41.160384,54.19518897924427,52.59852075829776,2.5068554757023227,0.7892417311668396
41.219967,53.92999239912946,52.866661085015245,2.4896926653529787,0.6849918365478516
41.260331,53.84131981851986,53.01605790373191,2.432538201481652,0.5644317865371704
41.320958,53.641071080350294,53.237873023968554,2.370317539834885,0.5380666255950928
41.38139,53.384355243776,53.556643985061214,2.3151966400126667,0.5564988851547241
41.421693,53.01044979729969,53.83447776322343,2.266409767051884,0.5503910779953003
41.482194,52.758535366605656,53.98174658269485,2.21582173176093,0.6942236423492432
41.522547,52.59005145278359,54.25434401475331,2.201908304483174,0.7246412038803101
41.583081,52.34791869351206,54.62565643216139,2.1821005429800815,0.6960629820823669
41.623445,52.17824460145759,54.948607127579315,2.1548420758185167,0.6975836753845215
41.684009,51.934589803495676,55.085076105424704,2.114273251873522,0.5541602969169617
41.72438,51.804887739658916,55.344662459216686,2.0564068411836307,0.4821716547012329
41.784924,51.636746277312305,55.62888735988186,1.9986636221157028,0.5258795022964478
41.82524,51.484346981654106,56.03090125418676,1.9479161812907502,0.46553486585617065
41.884771,51.42661966322519,56.37124977067767,1.876365675833419,0.4586496651172638
41.925032,51.21005394157291,56.731569156831,1.8076660892161123,0.43364450335502625
41.985513,51.163193996264425,56.837209079763355,1.7278983765820919,0.41707780957221985
42.025867,51.19711825218226,57.11701925482965,1.6366234737142429,0.46069517731666565
42.086298,51.14673606273502,57.41235231121622,1.570102447589949,0.37574145197868347
42.126666,51.027246764136116,57.894816073684815,1.4998076953185067,0.40210527181625366
42.18717,51.01830518964044,58.07843016315448,1.4084096274523754,0.3812834322452545
42.226597,51.1188153162796,58.473142957415114,1.3183276752532922,0.392284631729126
42.286991,51.19616916063717,58.6207557825685,1.2263424337983961,0.3585245907306671
42.327305,51.24918443708675,58.98999395995006,1.126704319401975,0.3828505873680115
42.387653,51.24871150981694,59.25848457112559,1.0337372779277252,0.3680449426174164
42.427954,51.51980162899022,59.327214483974785,0.9351105902332952,0.39476773142814636
42.488552,51.584895293828325,59.6506632536031,0.833583166664691,0.3857947289943695
42.528889,51.635438666673785,59.964424214265215,0.7485877415872102,0.4177970886230469
42.58935,51.77702224723695,60.16961262584634,0.6591655395877934,0.4002111554145813
42.629654,51.357669693139464,59.86673587466078,0.5699289816986828,0.389289915561676
42.690232,51.706973794462165,60.05887536377768,0.47545538873317916,0.39376354217529297
42.72952,52.44955589000108,60.662940970969146,0.3864316060698134,0.4279279410839081
42.790019,52.415562305459645,60.892569087159536,0.3131354552185613,0.3780987858772278
42.830358,52.73476109910757,61.05308060234875,0.22643154449111638,0.3819243609905243
42.890801,53.190077152364644,60.941474342882174,0.1336320369165799,0.38098540902137756
42.931462,53.36795947345504,61.37613675676941,-0.02233293475624051,0.42092564702033997
42.991097,53.83717104330714,61.62920598825395,-0.10808623062749413,0.4071654677391052
43.031506,54.088162280042894,61.585144966548015,-0.1732640391219169,0.430907279253006
43.091946,54.322533400949396,61.52406347127643,-0.2282957581861516,0.4461098611354828
43.132138,54.52786281474808,61.48609075792162,-0.293077317233038,0.4325444996356964
43.191558,54.73136272074733,61.44483029599985,-0.3761690860157001,0.4609530568122864
43.231929,55.025888688361995,61.40726351946872,-0.44037843908937213,0.46965280175209045
43.292488,55.192362545718545,61.17149796808371,-0.4123446616137214,0.4536376893520355
43.332804,55.34362688899342,61.06957284182485,-0.47605223661787793,0.44821563363075256
43.393233,55.5089382072912,60.950380019739654,-0.5489256798467448,0.4356496036052704
43.432677,55.75448828757049,60.80767321274699,-0.6273347914049603,0.4565936326980591
43.493225,55.96664211737929,60.702036562411955,-0.8053255320583711,0.4223417341709137
43.533659,56.300994481523595,60.583488032813456,-0.8734368950914161,0.4552594721317291
43.594266,56.485684555563466,60.47232296540834,-0.9507962454585427,0.48522958159446716
43.633624,56.62154576464184,60.18013866526054,-1.020092853178747,0.46354615688323975
43.694291,56.705316688829505,59.91876712789858,-1.0979685117840499,0.45818793773651123
43.734684,56.78514717788305,59.651352660704354,-1.1778632010199739,0.46032023429870605
43.795214,56.924572834129094,59.49593376934535,-1.252340309402144,0.44340410828590393
43.834564,57.02821972622201,59.25190566268192,-1.3247221559596958,0.4489747881889343
43.895101,57.179140700226526,59.00375035418591,-1.41134082093808,0.4707469046115875
43.935351,57.31987663529139,58.66823952694876,-1.5002580186089574,0.43074288964271545
43.994953,57.244230688673014,58.49695223831547,-1.5836248482896063,0.4252009093761444
44.035345,57.17657721612428,58.227086388514124,-1.676359565108103,0.4737381637096405
44.094977,57.543338381936806,57.66634820141622,-1.7717944350696342,0.47768133878707886
44.135388,57.352227287006876,57.45320428391599,-1.8451262647954902,0.5102795958518982
44.195975,57.31170371760808,57.25705355076008,-1.923632456107843,0.5015045404434204
44.236313,57.09077280880118,57.010322904789014,-1.9929292083500711,0.5583774447441101
44.296777,56.968336751121626,56.84606925708172,-2.0529980846246065,0.5685182213783264
44.337098,56.99788954357871,56.54926610556448,-2.1031965073576027,0.6294633746147156
44.396581,56.8498649021878,56.142880426150526,-2.1288508138324573,0.7739230990409851
44.436823,56.663647124243084,55.922525975515995,-2.148227817432101,0.7562832832336426
44.477199,56.56923939687433,55.69287165439162,-2.166290912941162,0.7402432560920715
44.536824,56.335493006783395,55.472122646400805,-2.192993015037502,0.7730103731155396
44.577217,56.15144976932811,55.21038528312672,-2.2069566007051753,0.7470588088035583
44.636868,56.08979708247117,54.995107252869126,-2.231281831682337,0.8224271535873413
44.677233,55.836933567489496,54.7404802415829,-2.239891767375534,0.7763339281082153
44.736834,55.727384682891724,54.41493080436719,-2.2476850716959276,0.770351231098175
44.777205,55.4359370298379,54.228007835495255,-2.2349873350783267,0.7777366042137146
44.836765,55.31314576278669,53.90664775103521,-2.239003576023052,0.7531756162643433
44.877221,55.06986398564564,53.680684579969956,-2.2323910020948556,0.7625658512115479
44.937495,54.85001592910603,53.4367417333695,-2.2193250923172267,0.7637869119644165
44.977802,54.58060901327605,53.12164288207002,-2.210022914662903,0.7589549422264099
45.038466,54.40582855324586,52.84245796185,-2.206883187246682,0.7767817974090576
45.077792,54.20749549580871,52.55171561909223,-2.204714914292292,0.7703645825386047
45.118129,53.95213870066143,52.30245945250503,-2.200504020390254,0.7901632189750671
45.178765,53.758852824008,52.03746026404154,-2.200971395582315,0.7893586754798889
45.219129,53.470367944355566,51.71690578432964,-2.1925579315586043,0.7797088027000427
45.279638,53.23704340817075,51.392006321704464,-2.1935958354183827,0.7859468460083008
45.319878,53.00810643249793,51.15176468187081,-2.1957008799873985,0.8113947510719299
45.380306,52.776722530283855,50.82546680652858,-2.204933837457114,0.8011249303817749
45.420587,52.4841311044394,50.57770468052802,-2.2116109717356816,0.7770220637321472
45.481158,52.131192572330626,50.19354788447917,-2.231797779867782,0.7393599152565002
45.521472,51.83637686661031,49.9249345694672,-2.267809295996463,0.711473822593689
45.582071,51.497901168573804,49.71157018032672,-2.3077947891596535,0.6305800080299377
45.62232,51.17343229701487,49.47832977579454,-2.3524160414986905,0.6182347536087036
45.681762,50.95412664959474,49.090135610746906,-2.3956738398511983,0.5806834101676941
45.722146,50.79267433645563,48.886949915740956,-2.444876498313625,0.570770263671875
45.781768,50.49461120013382,48.595862383146525,-2.497238845525719,0.4962471127510071
45.822135,50.2746059116372,48.233685335669485,-2.568121469548341,0.475441038608551
45.88265,49.95336692699666,48.09628968737028,-2.6690330728680953,0.4263368844985962
45.922868,49.767435056966356,47.8665903506233,-2.7643006174961324,0.3761347234249115
45.983385,49.535253528785205,47.546840962625424,-2.864662173764291,0.36287158727645874
46.023763,49.326426913862576,47.4774438902615,-2.997893769657854,0.3500937223434448
46.063977,49.08796346813856,47.23990462062416,-3.123946715995167,0.3592309057712555
46.124352,48.74521603983201,47.05956588226521,3.0512142571934904,0.3582676351070404
46.184822,48.477182576888715,46.94413692885841,2.9463578068209646,0.35778310894966125
46.225122,48.31166892704855,46.90823719110283,2.8372550991685355,0.37918153405189514
46.265393,47.97892721079379,46.910617655729965,2.7245742991564215,0.3497016131877899
46.324922,47.5193055483649,46.95988476821665,2.5583544016815947,0.3901348114013672
46.385365,47.32317609769752,47.083497003054724,2.4640898007757275,0.40783247351646423
46.425577,47.05610120453591,46.96175813947086,2.370399898761131,0.42372602224349976
46.465925,46.74432710371834,46.835782127223695,2.2838975052143837,0.40681830048561096
46.526576,46.4820357494656,46.955014334704686,2.2011181819775936,0.44749340415000916
46.566936,46.152963759821525,46.86146117260969,2.1176088403630864,0.431671142578125
46.627489,45.973112786038016,46.959792069519004,2.049798310559181,0.43465548753738403
46.667992,45.768640277552414,47.0110803323159,1.9660857913027432,0.43166887760162354
46.728574,45.70732383460457,47.257536454212165,1.9027991647645228,0.4348507225513458
46.768965,45.8155335922169,47.46810366288743,1.8210942182520136,0.4712351858615875
46.829478,45.60150194018249,47.56790243793718,1.7592030460626393,0.4493134915828705
46.869873,45.77137412848099,47.81637367605949,1.6464165519110963,0.45584121346473694
46.930311,45.705233690551474,47.93988985886488,1.586081031558103,0.47194260358810425
46.970757,45.62740125157332,48.18267816534676,1.5106012359704388,0.4788009524345398
47.031308,45.56630160886337,48.38276489271071,1.443306591274143,0.5099102258682251
47.071877,45.77672586628901,48.400257873181474,1.4001116019350652,0.5150291919708252
47.11224,45.51147602353386,48.81721524408847,1.3075565603001778,0.5229349136352539
47.171824,45.5684524351511,48.97365824547644,1.2396269392401165,0.49447140097618103
47.212227,45.729789501691535,49.06760532742883,1.1814782975070117,0.4817827045917511
47.271819,45.75216923804172,49.21248374055304,1.1119418931243996,0.5066114664077759
47.312274,45.8366741796042,49.49764079308325,1.0404925784190833,0.46473032236099243
47.372788,45.97006507615035,49.51584878102173,0.9824912123370214,0.4649503827095032
47.413045,46.02560877025028,49.53236965172587,0.928569813882481,0.4855523705482483
47.473409,46.11387652487195,49.8064196910102,0.8480295074940698,0.510888397693634
47.513763,46.345224769523895,49.86687322368694,0.8112295161947678,0.5603152513504028
47.574259,46.4412352283577,50.08175153479362,0.7723598860942728,0.6568435430526733
47.613608,46.648424717521976,50.28622950266389,0.7275651516711458,0.6752601265907288
47.674125,46.78313459952026,50.36041628276057,0.7009130413745079,0.6830273866653442
47.714516,46.96414264926592,50.68361515709227,0.6679234389979051,0.7487514019012451
47.775161,47.02572463153513,50.83402039605756,0.6576233317863263,0.8089877367019653
47.815491,47.234818399320666,51.19881405661181,0.6681327791492531,0.7376712560653687
47.855861,47.29711058274246,51.29422072731015,0.6905450716759506,0.6635352373123169
47.916222,47.41815516193838,51.38612220256908,0.7116711563581528,0.5602064728736877
47.956448,47.71441642558525,51.69558790113763,0.7590814933293117,0.5617870688438416
48.016974,47.98831734939137,51.82370013209055,0.8032116488095737,0.5033920407295227
48.057363,48.094068928023255,51.919977234856134,0.8582543762098053,0.4329921305179596
48.116883,48.384484507433854,52.201512032652666,0.9803601420729001,0.43618667125701904
48.157179,48.335047104019424,52.11306739327917,0.9913495705322686,0.4232748746871948
48.197521,48.62339636109808,52.37553720564275,1.0577939886932115,0.44209757447242737
48.258015,48.784330380987356,52.80365979095455,1.1373771434723559,0.41614818572998047
48.298442,48.919588902092215,52.78246587311481,1.211697526421974,0.39291679859161377
48.358038,49.1240424865832,53.05449093696102,1.2896618274846565,0.38021600246429443
48.398239,49.15787099754739,53.32706551861336,1.3724127388885914,0.3834850788116455
48.458644,49.22011103622459,53.67986965778658,1.4674818890946475,0.39056605100631714
48.499047,49.28635192169551,53.84769578408509,1.556231126581529,0.36338573694229126
48.539443,49.58827889270739,53.99434653389363,1.6160966348242745,0.38936689496040344
48.598886,49.37373328118784,54.43102363477286,1.71264387273707,0.44968926906585693
48.639248,49.41157122804564,54.77008229972294,1.798807590106883,0.41872355341911316
48.698775,49.457518292831836,54.901731575789434,1.9044719547224696,0.3962893784046173
48.739197,49.62486509390841,54.99984165810458,2.019146845626801,0.35610783100128174
48.800072,49.51237203121103,55.337513598711325,2.1411763461211635,0.3833162188529968
48.840442,49.41608910255252,55.58814951086482,2.2626029517924438,0.39154571294784546
48.900199,49.321455620185695,55.80763600116905,2.3796186181080237,0.37409940361976624
48.94035,49.34929134655527,55.87532168390718,2.4732766274239495,0.4215095341205597
48.99988,49.11707555278371,56.110201318268516,2.5832783350776025,0.4268617331981659
49.040743,48.97754814841642,56.339600918120304,2.688331168298788,0.41745662689208984
49.100697,49.08175213881252,56.41943366776158,2.7875894674091244,0.44621118903160095
49.140987,48.8873688022098,56.57312627881102,2.8890873722494983,0.4619404077529907
49.181286,48.65462109402492,56.68759229770276,2.983608288898613,0.47712767124176025
49.240726,48.446937442244305,56.83669403864768,3.0818879214980157,0.4317167401313782
49.281009,48.38785713999241,56.75600008244002,-3.110135371588109,0.41036638617515564
49.340583,48.153069064984656,56.969204580213905,-2.998889062095088,0.4503478705883026
49.380881,47.97475638309664,56.938711258027055,-2.916337519869328,0.4664619565010071
49.441294,48.052199892944905,56.704252064167186,-2.860879571861174,0.4591771960258484
49.481645,47.88196764128258,56.676968563222644,-2.7691483254174685,0.4699038565158844
49.542224,47.742911949879314,56.79320704574153,-2.6901622936276146,0.512506902217865
49.58248,47.55812024095334,56.7300582220781,-2.617510389417458,0.5503268241882324
49.64313,47.359278330993675,56.69466883254383,-2.5611608206996967,0.5316891670227051
49.683521,47.19695065938852,56.4959073855924,-2.465932684629365,0.5537430644035339
49.744039,46.93871601905132,56.459770123198496,-2.4048826561143026,0.5639472007751465
49.784545,46.855863294037306,56.36359839664357,-2.3473100174447694,0.606261670589447
49.844892,46.691009795013606,56.28338701149211,-2.2998324938622745,0.6458143591880798
49.885254,46.43704551869193,56.0658010771844,-2.249408332997271,0.654550313949585
49.944762,46.42344105584643,55.917369082149825,-2.2131201675573404,0.6281901001930237
49.9852,46.26571552093381,55.69803475007094,-2.1732981364376895,0.6504670977592468
50.045669,46.01120089077303,55.557779676313885,-2.1376730096058996,0.6763862371444702
50.085962,45.922652349222304,55.42830697169572,-2.123069913983297,0.704419732093811
50.145545,45.80466829608643,55.160557151848145,-2.0876451482382636,0.7090405225753784
50.185837,45.68269065403498,54.950165592359646,-2.0655247653597435,0.7346369624137878
50.246376,45.51055126177611,54.80885637204065,-2.054557344362203,0.7289605140686035
50.285718,45.44068044802635,54.58954241039607,-2.0416012886167714,0.7452585101127625
50.346361,45.23738578101859,54.29679936939246,-2.022864242225867,0.7368249893188477
50.386735,45.14619666806395,54.085541853375524,-2.015329768844837,0.7639604806900024
50.447298,44.9945347043156,53.88310530670024,-2.0109257763141164,0.7558680176734924
50.487629,44.95135011301143,53.69325881066926,-2.005318927443245,0.7387087345123291
50.54806,44.715818690103404,53.301603268488584,-1.9917578087041155,0.7417798042297363
50.588322,44.61559619250023,53.08001425483001,-1.9955529957580704,0.7462586164474487
50.648902,44.5408124159808,52.920667224197466,-1.9898903349540331,0.7722150683403015
50.689279,44.334462834142705,52.56397656964905,-1.9812353466043957,0.7660062313079834
50.749881,44.24416890153398,52.28563525806551,-1.9830660005445255,0.7820176482200623
50.790338,44.035408320533875,52.105849219062215,-1.979966991611991,0.7535344362258911
50.850914,43.907525526367785,51.8814514863192,-1.9931913913237242,0.7567557096481323
50.891261,43.766585385930355,51.55879372631973,-2.0138081059236037,0.7215383052825928
50.951813,43.51301613178799,51.302588448928624,-2.0462535833179905,0.6726385951042175
50.992145,43.344272064429745,51.07219001044912,-2.0924691913441835,0.7210423350334167
51.051557,43.26203547936252,50.76050186745582,-2.1271336854712537,0.6393424868583679
51.092069,42.936370167283265,50.50776854751266,-2.1803632020185844,0.6309834122657776
51.151561,42.791954208174474,50.242912543067256,-2.2295676650376577,0.6673306226730347
51.19187,42.64067606686264,49.94923873765721,-2.271633527269531,0.6055802702903748
51.25248,42.32613525497584,49.708825074201805,-2.3318478686335395,0.6166462302207947
51.29286,42.12584341679751,49.45924938095029,-2.377555645839097,0.6572652459144592
51.353225,41.93889590005293,49.23258548323508,-2.427718852197339,0.6818287372589111
51.392549,41.644114978459385,48.89489068730422,-2.4574023285011686,0.7572250366210938
51.452859,41.302437450018104,48.61265008324632,-2.476867412754326,0.7644532322883606
51.49328,41.08855445750731,48.373188077228754,-2.49354470330057,0.7403339147567749
51.553903,40.78039180619666,48.17893518987496,-2.5037230879129893,0.756885826587677
51.594228,40.48339462224294,47.966691304760865,-2.5202475014117596,0.7750949859619141
51.653727,40.16656281324649,47.8003940837893,-2.529807959530228,0.7549688816070557
51.694142,39.90236931826386,47.48095827300903,-2.527397566134532,0.7556033134460449
51.753633,39.586207850822404,47.20993917853888,-2.527408757558743,0.7410617470741272
51.793959,39.282709912920886,47.008625023478835,-2.520441444634501,0.7865321040153503
51.854485,38.97036784876153,46.78326778041222,-2.505766686387942,0.7186118960380554
51.894824,38.64372732754858,46.639898671248666,-2.491144811088736,0.6705567240715027
51.955205,38.357248472143766,46.31448639428685,-2.451172918314621,0.6414719223976135
51.994649,38.02139171439951,46.212013936442325,-2.4174138410567645,0.6390964984893799
52.055143,37.65648149958384,45.95019851217862,-2.3706132123156616,0.6295364499092102
52.094556,37.42924012954687,45.39829503632604,-2.306032207784149,0.6053023934364319
52.155075,37.12126577985333,45.06108593809936,-2.251757442013441,0.5735087990760803
52.195274,36.820200205141155,44.8366820694125,-2.1935735719905933,0.6049365401268005
52.255747,36.564750646503164,44.492511918922105,-2.129624797018349,0.6236502528190613
52.295998,36.26368661316776,44.287363245919245,-2.0863376289916618,0.5590402483940125
52.336356,36.058457909299854,43.8801495806985,-2.019559377752163,0.5860249400138855
52.396819,35.79637689959318,43.465428961097096,-1.9622294419926083,0.5767099857330322
52.43709,35.59819861509881,43.006044481592674,-1.9075073745367583,0.5693375468254089
52.497498,35.48418376859304,42.618497254389816,-1.8514781753792815,0.5867799520492554
52.537878,35.242049217496465,42.28184112630365,-1.7938867134688785,0.5857188701629639
52.598758,35.06134895910276,41.86386361743935,-1.7328068512111074,0.5737232565879822
52.637638,34.85308764879558,41.53529603788651,-1.6800061660790657,0.573692798614502
52.698221,34.70793372501588,41.143636333308024,-1.621008708112033,0.5743892192840576
52.737497,34.69148100801274,40.61224605543836,-1.5591806192069946,0.6124057173728943
52.798107,34.69200718461115,40.16435618944674,-1.5187809101167473,0.6357583403587341
52.838473,34.6539020579606,39.75340961516445,-1.4775639474918845,0.6418300867080688
52.899008,34.531106089005554,39.45889907865247,-1.4183629576827936,0.5844524502754211
52.93928,34.50929067394064,39.27061203120768,-1.3593658005604976,0.554341733455658
52.999788,34.56369450737215,38.69360334612567,-1.2690409797717201,0.5720621347427368
53.040205,34.55631076550515,38.41108314273198,-1.1682835217478091,0.5187466740608215
53.099807,34.609239307152336,37.92169359316279,-1.0413488143560032,0.49725207686424255
53.140258,34.53490138801112,37.81496992299384,-0.9806696884993373,0.5901119709014893
53.200805,34.6709623139963,37.3904538923094,-0.8863594875881724,0.551922082901001
53.241114,34.54904467592352,37.10409947337823,-0.7976256161043745,0.5581111311912537
53.301668,34.67173818165906,36.76178225679367,-0.6973832487557846,0.5831050872802734
53.341929,34.74813579571861,36.50571381392567,-0.6223318069559037,0.6096339821815491
53.382221,34.783480521392256,36.21974210324077,-0.5517987393979195,0.6287022829055786
53.442675,34.83261089028656,35.92443335061135,-0.4791666042375505,0.6117269992828369
53.483312,34.88537936321411,35.722420194223034,-0.4204845490274557,0.6671328544616699
53.543377,34.964856171194256,35.49859715140439,-0.36930480841957214,0.6556547284126282
53.583606,35.047827989568624,35.38605264564731,-0.32102988951767975,0.6731278896331787
53.644103,35.041571630145704,35.222388851424064,-0.28412683433724856,0.6704521775245667
53.684385,35.15587546341739,35.05477892893868,-0.2447905402561065,0.6680386066436768
53.743901,35.22655572475344,34.91616492570533,-0.2052947723716192,0.6917868852615356
53.784113,35.24861142714207,34.878521603860285,-0.18572580581685375,0.7046459317207336
53.843541,35.23515798252627,34.799322726760145,-0.16739922899072443,0.7140670418739319
53.883879,35.356881966170185,34.74599240483796,-0.15102724121957395,0.7276517748832703
53.944264,35.37219582971568,34.689477444108014,-0.1342880771819281,0.7379482388496399
53.984586,35.436815702692684,34.568923436835,-0.12198702121040879,0.7707729935646057
54.045232,35.55796104640425,34.57868659852705,-0.11360057327891997,0.7847994565963745
54.104852,35.54765668780094,34.48807059445617,-0.11322817571370203,0.7531251907348633
54.14526,35.63828793150423,34.47790114684116,-0.11173948040878483,0.8120570182800293
54.205799,35.635190887565116,34.44926815330505,-0.10774459290187119,0.7643429636955261
54.246217,35.7226463613838,34.45530152980079,-0.11904941838780163,0.7554240822792053
54.305777,35.72709157095133,34.522572905473865,-0.12714486578452022,0.7388469576835632
54.346149,35.69488301095334,34.4976432311307,-0.1267083208684781,0.7905188798904419
54.405795,35.57516297671775,34.46859176358826,-0.11995187769753697,0.8061830997467041
54.446121,35.61805350180137,34.46343009156735,-0.11976928537433996,0.8149416446685791
54.506651,35.612944948681225,34.42053320723972,-0.11853090099286767,0.7709383964538574
54.546942,35.66114143973846,34.45895321020774,-0.12539455449197653,0.7657912969589233
54.60746,35.666549452166294,34.501813371215135,-0.12551477244862022,0.7657182812690735
54.647804,35.62368743665726,34.50720666580221,-0.12517138777942474,0.7722030282020569
54.707687,35.65226610957595,34.5036430364435,-0.12405508006554564,0.7608622908592224
54.748027,35.69161104882986,34.4697659681656,-0.12285866352486553,0.78156977891922
54.808421,35.61486652456132,34.43569959185707,-0.12265554048590235,0.7908574342727661
54.848767,35.61486652456132,34.43569959185707,-0.12197939193980531,0.7843503952026367
54.909238,35.657750049142656,34.430480078519416,-0.12111797552510555,0.7912482023239136
54.94944,35.66293528026519,34.47336776181201,-0.12031858808144402,0.7889691591262817
54.989845,35.66293528026519,34.47336776181201,-0.11970529459644133,0.7780700325965881
55.050448,35.657802376307764,34.430473784414666,-0.11909858002381617,0.7488763928413391
55.089733,35.6149045856721,34.43557472144416,-0.11835335872387817,0.7494465708732605
55.150364,35.61997540167942,34.47847608301952,-0.11765123008586212,0.7620448470115662
55.189785,35.648692704609765,34.47605349433311,-0.12549537518959764,0.7655627131462097
55.249641,35.69693519125427,34.51353872452254,-0.12482921898654635,0.7835747003555298
55.290236,35.664791859667915,34.488525003597225,-0.1240962287513201,0.7754618525505066
55.349744,35.664791859667915,34.488525003597225,-0.12339317774317676,0.7787339091300964
55.390063,35.65950367524951,34.445649893036936,-0.12271947176982426,0.7759222984313965
55.450434,35.66476388218614,34.48852844505288,-0.1220669636450794,0.7890263795852661
55.490699,35.66127754284403,34.45994024052738,-0.12135106777886695,0.7738722562789917
55.551328,35.66127754284403,34.45994024052738,-0.12066646417326964,0.7902589440345764
55.591698,35.5811755094554,34.39707797643353,-0.12000847375593321,0.7767490148544312
55.652228,35.661234056319394,34.45999561365891,-0.11931700361716598,0.7523661851882935
55.691628,35.661234056319394,34.45999561365891,-0.11858289948140349,0.7658799886703491
